Order_Id,Sales,Revenue,Profit,Customer_Id,Customer_Full_Name,Date,Product_Name,Product_Category,Country,City,Taxes,Price,Coast_of_Product,Disscounts,Shipping_Cost,Payment_Method,Sales_Channel,SalesPerson,Currency
10000,7,6713.728,3220.658,1121,Luis Benali,4/11/2024,Smartphone,Electronic,Spain,Madrid,936.75,1198.88,362,0.2,22.32,Credit Card,Direct,L. Martin,USD
10001,7,630.462,-35.278,1130,Emma Kowalski,10/23/2024,Headphone,Electronic,Morocco,Casablanca,45.03,105.96,88.27,0.15,2.82,PayPal,Online,A. Johnson,USD
10002,4,4790.804,2136.544,1459,Youssef Rossi,11/10/2023,Monitor,Electronic,USA,New York,371.34,1409.06,564.17,0.15,26.24,PayPal,Direct,M. Lopez,USD
10003,4,205.694,27.734,1699,Fatima Garcia,2/21/2025,Tablet,Tech,Morocco,Casablanca,11.72,54.13,35.86,0.05,22.8,Crypto,Online,L. Martin,EUR
10004,7,5564.4995,890.9095,2154,Nora Rahmani,4/29/2024,Mouse,Gadgets,France,Paris,772.7,935.21,552.93,0.15,30.38,Credit Card,Online,S. Rossi,MAD
10005,5,3433.7,1367.61,1241,Fatima Rahmani,2/15/2025,Tablet,Tech,Morocco,Casablanca,669.04,686.74,279.25,0,0.8,PayPal,Direct,S. Rossi,USD
10006,2,1755.522,211.222,2966,Sara Smith,2/4/2023,Laptop,Electronic,Morocco,Casablanca,218.17,1032.66,640.33,0.15,45.47,Bank Transfer,Direct,K. Haddad,USD
10007,4,1100.898,-1050.002,2500,Sara Rahmani,12/3/2024,Headphone,Electronic,Germany,Berlin,148.79,289.71,490,0.05,42.11,Crypto,Online,L. Martin,EUR
10008,4,4795.564,-277.136,1295,Noah Kowalski,12/25/2024,Smartphone,Electronic,UAE,Dubai,272.31,1410.46,1195.24,0.15,19.43,Credit Card,Direct,K. Haddad,USD
10009,2,1637.48,344.17,1379,Luis Benali,5/7/2024,Laptop,Electronic,Spain,Madrid,150.88,818.74,567.69,0,7.05,Cash,Retail,M. Lopez,USD
10010,7,1852.2,788.97,1647,Fatima Silva,4/16/2024,Mouse,Electronic,Germany,Berlin,307.16,264.6,107.91,0,0.7,Cash,Partner,A. Johnson,EUR
10011,3,3198.45,280.25,2513,Fatima Smith,8/19/2023,Laptop,Electronic,France,Paris,450.64,1066.15,815.08,0,22.32,Credit Card,Online,Unknown,USD
10012,2,325.533,-40.907,2071,Emma Benali,5/17/2024,Mouse,Tech,USA,New York,32.43,191.49,159.23,0.15,15.55,Bank Transfer,Partner,Unknown,USD
10013,5,4949.19,283.84,2762,Sofia Chen,9/4/2024,Laptop,Electronic,France,Paris,664.11,1099.82,790.53,0.1,48.59,Bank Transfer,Retail,Unknown,USD
10014,3,3094.092,355.572,2038,Noah Smith,5/7/2025,Laptop,Electronic,Morocco,Casablanca,397.31,1145.96,779.98,0.1,1.27,Credit Card,Retail,S. Rossi,USD
10015,5,1592.7,65.24,1095,Ali Ibrahim,6/18/2025,Mouse,Gadgets,Morocco,Casablanca,154.74,318.54,270.08,0,22.32,Crypto,Direct,A. Johnson,MAD
10016,6,1221.534,140.214,1524,Ahmed Smith,6/9/2023,Monitor,Electronic,Morocco,Casablanca,98.28,226.21,158.85,0.1,29.94,Credit Card,Direct,M. Lopez,USD
10017,3,620.664,-131.706,2012,Nora Lopez,10/7/2024,Smartphone,Tech,France,Paris,58.56,258.61,223.66,0.2,22.83,PayPal,Online,A. Johnson,USD
10018,4,1066.032,-57.438,2371,Noah Lopez,4/17/2024,Phone,Tech,Spain,Madrid,105.17,296.12,250.6,0.1,15.9,Crypto,Online,L. Martin,USD
10019,1,422.76,43.39,2768,Nora Haddad,9/16/2023,Headphone,Electronic,Spain,Madrid,73.01,422.76,306.01,0,0.35,Credit Card,Online,L. Martin,USD
10020,3,1721.979,572.339,1663,Leo Lopez,4/6/2025,Laptop,Electronic,UAE,Dubai,155.69,637.77,325.93,0.1,16.16,Cash,Partner,L. Martin,USD
10021,1,586.796,180.776,2533,John Khan,3/17/2025,Keyboard,Gadgets,Morocco,Casablanca,114.05,617.68,267.11,0.05,24.86,Credit Card,Online,M. Lopez,EUR
10022,1,215.253,-307.757,1641,Lucas Ibrahim,8/8/2023,Phone,Electronic,Morocco,Casablanca,30.44,239.17,490,0.1,2.57,PayPal,Partner,Unknown,EUR
10023,5,2520.8725,263.3725,1729,Leo Rossi,11/2/2024,Smartphone,Electronic,Morocco,Casablanca,326.81,530.71,380.61,0.05,27.64,Credit Card,Retail,S. Rossi,MAD
10024,7,6392.988,271.288,1293,Noah Dubois,10/7/2023,Keyboard,Gadgets,UAE,Dubai,551.87,1014.76,792.33,0.1,23.52,PayPal,Online,A. Johnson,USD
10025,2,1915.24,761.39,1186,Maria Dubois,11/22/2023,Keyboard,Electronic,Germany,Berlin,139.06,957.62,490,0,34.79,Cash,Retail,K. Haddad,USD
10026,3,2415.204,36.794,2534,Leo Garcia,5/27/2023,Mouse,Tech,Germany,Berlin,378.4,894.52,660.86,0.1,17.43,Credit Card,Partner,Unknown,USD
10027,7,1849.099,62.809,2802,Noah Smith,4/17/2024,Headphone,Tech,France,Paris,324.81,278.06,207.29,0.05,10.45,Bank Transfer,Partner,Unknown,EUR
10028,7,7844.837,2351.667,1623,Mariam Garcia,7/25/2024,Headphone,Gadgets,UAE,Dubai,598.12,1318.46,697.43,0.15,13.04,Credit Card,Retail,M. Lopez,USD
10029,1,126.232,-44.628,2014,Emma Dubois,1/9/2023,Keyboard,Gadgets,France,Paris,23.02,157.79,133.9,0.2,13.94,Credit Card,Online,Unknown,USD
10030,3,3283.23,8.79,1586,Noah Benali,9/16/2024,Laptop,Tech,Morocco,Casablanca,480.35,1094.41,928.67,0,8.08,Bank Transfer,Direct,Unknown,USD
10031,6,6060.6,948.15,2884,Emma Rossi,6/14/2025,Headphone,Electronic,Germany,Berlin,906.21,1010.1,697.32,0,22.32,PayPal,Retail,K. Haddad,MAD
10032,6,3994.224,-76.096,1160,Youssef Haddad,8/2/2024,Mouse,Electronic,Spain,Madrid,334.08,832.13,620.73,0.2,11.86,Credit Card,Partner,S. Rossi,USD
10033,5,1280.97,255.78,2056,Sofia Lopez,11/18/2024,Mouse,Tech,USA,New York,190.41,284.66,166.02,0.1,4.68,Bank Transfer,Online,Unknown,USD
10034,3,2308.248,487.138,2799,Noah Smith,10/10/2023,Tablet,Gadgets,USA,New York,283.94,961.77,505.15,0.2,21.72,Credit Card,Online,S. Rossi,MAD
10035,5,3819.5,873.08,2852,Sara Dubois,3/26/2025,Headphone,Electronic,Morocco,Casablanca,302.83,763.9,525.91,0,14.04,Credit Card,Online,Unknown,USD
10036,3,2951.523,877.183,1476,Ahmed Benali,2/15/2023,Phone,Tech,Spain,Madrid,563.94,1157.46,488.22,0.15,45.74,Cash,Direct,Unknown,USD
10037,3,2703.888,-615.712,1180,Nora Lopez,8/29/2024,Keyboard,Tech,USA,New York,308.86,1126.62,987.52,0.2,48.18,Credit Card,Online,Unknown,USD
10038,1,131.51,18.13,1127,Mariam Khan,1/18/2023,Laptop,Gadgets,UAE,Dubai,12.83,131.51,72.71,0,27.84,PayPal,Partner,Unknown,EUR
10039,7,8441.776,-452.634,1853,Sara Silva,10/24/2024,Mouse,Tech,Morocco,Casablanca,1200.85,1269.44,1098.08,0.05,7,Credit Card,Online,K. Haddad,USD
10040,3,1371.09,477.24,1245,John Rossi,6/25/2023,Headphone,Electronic,Morocco,Casablanca,96.65,457.03,256.52,0,27.64,Cash,Online,L. Martin,USD
10041,2,2435.7,129.36,1827,Noah Chen,5/20/2024,Smartphone,Tech,Morocco,Casablanca,345.2,1217.85,980.44,0,0.26,Crypto,Retail,K. Haddad,MAD
10042,4,4085.032,-175.638,2166,Sofia Khan,4/2/2023,Mouse,Tech,Germany,Berlin,747.53,1201.48,871.05,0.15,28.94,Credit Card,Direct,Unknown,EUR
10043,7,6747.09,1824.83,2148,Sara Silva,5/30/2023,Keyboard,Tech,Spain,Madrid,886.55,1014.6,572.31,0.05,29.54,Crypto,Direct,M. Lopez,MAD
10044,6,2107.998,941.538,1992,Mariam Chen,9/21/2023,Tablet,Electronic,USA,New York,145.58,390.37,163.73,0.1,38.5,Credit Card,Online,Unknown,USD
10045,4,4635.424,591.034,2373,Mariam Smith,2/16/2023,Phone,Electronic,Germany,Berlin,366.93,1448.57,910.62,0.2,34.98,Cash,Direct,Unknown,EUR
10046,4,822.548,-38.042,1656,Lucas Dubois,4/30/2023,Headphone,Gadgets,USA,New York,80.97,216.46,191.52,0.05,13.54,Crypto,Online,M. Lopez,EUR
10047,4,4260.484,1041.054,1790,Lucas Rossi,5/7/2023,Headphone,Electronic,France,Paris,828.23,1121.18,589.1,0.05,34.8,Crypto,Retail,K. Haddad,EUR
10048,5,504.1175,-3.4625,2141,Leo Haddad,7/13/2024,Laptop,Electronic,Morocco,Casablanca,43.34,106.13,91.02,0.05,9.14,Bank Transfer,Online,S. Rossi,MAD
10049,5,1737.2,-196.45,1246,Maria Kowalski,3/17/2023,Laptop,Tech,UAE,Dubai,0,434.3,381.07,0.2,28.3,Cash,Direct,A. Johnson,MAD
10050,3,2911.1055,1308.1155,2008,Emma Lopez,4/4/2023,Phone,Gadgets,USA,New York,165.64,1141.61,464.86,0.15,42.77,PayPal,Online,Unknown,EUR
10051,4,1062.062,465.222,1550,Leo Chen,9/3/2024,Monitor,Electronic,Morocco,Casablanca,131.42,279.49,114.19,0.05,8.66,Bank Transfer,Direct,Unknown,USD
10052,6,4712.016,1351.376,2203,Sofia Kowalski,8/11/2023,Mouse,Tech,Morocco,Casablanca,862.31,981.67,416.26,0.2,0.77,Bank Transfer,Partner,A. Johnson,USD
10053,3,1835.136,-392.014,2039,Noah Smith,3/2/2025,Monitor,Tech,Spain,Madrid,280.03,764.64,633.31,0.2,47.19,Credit Card,Retail,S. Rossi,MAD
10054,2,106.632,-22.278,2931,Fatima Rossi,11/20/2024,Monitor,Electronic,USA,New York,18.14,59.24,41.05,0.1,28.67,Credit Card,Online,Unknown,USD
10055,1,558.568,-24.132,2600,Youssef Lopez,2/21/2024,Keyboard,Gadgets,Morocco,Casablanca,80.37,698.21,469.76,0.2,32.57,Cash,Partner,S. Rossi,MAD
10056,3,882.8445,412.7645,1753,Leo Chen,2/4/2023,Tablet,Electronic,UAE,Dubai,49.3,309.77,134.65,0.05,16.83,Crypto,Retail,S. Rossi,USD
10057,2,934.952,6.212,1114,Leo Rossi,9/8/2024,Laptop,Gadgets,Morocco,Casablanca,94.52,492.08,404.71,0.05,24.8,Credit Card,Online,S. Rossi,MAD
10058,2,1681.872,585.572,1728,Leo Rahmani,10/4/2023,Monitor,Tech,UAE,Dubai,93.98,1051.17,490,0.2,22.32,Crypto,Online,M. Lopez,USD
10059,5,2187.05,785.76,1738,Emma Haddad,11/19/2024,Mouse,Tech,USA,New York,295.86,437.41,213.77,0,36.58,Bank Transfer,Retail,M. Lopez,USD
10060,4,1825.888,-166.712,2718,Leo Dubois,6/8/2024,Keyboard,Electronic,Morocco,Casablanca,156.64,570.59,449.74,0.2,37,Crypto,Online,Unknown,USD
10061,3,440.181,-122.029,2365,Sofia Kowalski,2/1/2024,Headphone,Tech,Germany,Berlin,76.58,172.62,146.95,0.15,44.78,Bank Transfer,Online,M. Lopez,USD
10062,1,89.244,-51.126,1454,Leo Rahmani,3/6/2025,Tablet,Tech,USA,New York,5.68,99.16,87.19,0.1,47.5,PayPal,Retail,L. Martin,MAD
10063,4,2779.808,87.248,1395,Sara Rahmani,1/25/2023,Keyboard,Electronic,Spain,Madrid,177.23,868.69,621.91,0.2,27.69,Crypto,Retail,A. Johnson,MAD
10064,5,5667.55,728.8,2716,Nora Khan,2/11/2023,Monitor,Gadgets,Germany,Berlin,379.84,1133.51,902.04,0,48.71,PayPal,Online,Unknown,USD
10065,6,3999.84,642.16,1657,Mariam Ibrahim,1/20/2025,Keyboard,Tech,UAE,Dubai,410.53,833.3,490,0.2,7.15,Bank Transfer,Online,Unknown,MAD
10066,2,2013.936,-287.414,2416,Fatima Rossi,3/5/2025,Laptop,Gadgets,UAE,Dubai,167.94,1258.71,1049.05,0.2,35.31,Crypto,Online,Unknown,USD
10067,5,3118.88,728.13,1499,Maria Garcia,10/18/2024,Smartphone,Gadgets,Morocco,Casablanca,329.34,779.72,402.81,0.2,47.36,Cash,Partner,L. Martin,EUR
10068,1,761.6,170.76,1444,Luis Smith,5/25/2025,Mouse,Tech,France,Paris,47.62,896,515.3,0.15,27.92,Crypto,Online,L. Martin,MAD
10069,3,1047.897,269.067,1753,Leo Rossi,8/8/2023,Laptop,Electronic,USA,New York,92.27,388.11,219.33,0.1,28.57,Cash,Retail,A. Johnson,EUR
10070,4,783.4,249.27,1386,Sara Kowalski,12/14/2023,Laptop,Tech,Morocco,Casablanca,126.62,195.85,89.85,0,48.11,Credit Card,Retail,A. Johnson,MAD
10071,7,5089.14,2416.81,1133,John Haddad,2/27/2023,Mouse,Tech,Spain,Madrid,425.14,727.02,320.94,0,0.61,Credit Card,Partner,L. Martin,EUR
10072,5,335.52,-113.57,2252,Noah Lopez,11/6/2024,Tablet,Electronic,USA,New York,66.75,83.88,70.93,0.2,27.69,Crypto,Partner,A. Johnson,USD
10073,4,526.56,168.56,2438,Lucas Silva,5/27/2024,Mouse,Tech,USA,New York,81.28,131.64,63.6,0,22.32,Crypto,Online,Unknown,EUR
10074,5,5257.25,1156.94,2353,Ali Dubois,1/5/2025,Mouse,Electronic,UAE,Dubai,984.62,1051.45,622.56,0,2.89,Crypto,Partner,A. Johnson,USD
10075,6,3957.909,672.359,1089,Sara Haddad,10/9/2024,Monitor,Electronic,UAE,Dubai,309.58,694.37,493.05,0.05,17.67,Bank Transfer,Online,K. Haddad,MAD
10076,2,703.103,70.043,1501,Fatima Garcia,5/25/2023,Headphone,Gadgets,UAE,Dubai,139.17,413.59,239.95,0.15,13.99,Cash,Direct,L. Martin,USD
10077,5,4897.68,305.8,2570,Luis Ibrahim,9/10/2023,Mouse,Tech,UAE,Dubai,0,1224.42,908.97,0.2,47.03,Bank Transfer,Online,M. Lopez,USD
10078,3,3118.071,581.601,1797,Ahmed Khan,8/30/2023,Headphone,Tech,Spain,Madrid,194.61,1094.06,773.18,0.05,22.32,Credit Card,Online,S. Rossi,USD
10079,3,260.76,60.32,1145,Maria Khan,8/12/2023,Tablet,Electronic,Germany,Berlin,43.45,86.92,35.91,0,49.26,Cash,Online,A. Johnson,EUR
10080,3,2428.137,405.207,2484,Sofia Garcia,9/1/2024,Laptop,Tech,USA,New York,428.12,899.31,530.99,0.1,1.84,Cash,Online,A. Johnson,USD
10081,7,2526.608,769.558,2886,Leo Khan,10/6/2024,Keyboard,Tech,USA,New York,434.41,424.64,181.83,0.15,49.83,Credit Card,Direct,S. Rossi,MAD
10082,5,4208.595,58.815,2168,Noah Garcia,3/26/2023,Tablet,Tech,UAE,Dubai,746.8,886.02,676.09,0.05,22.53,Credit Card,Direct,L. Martin,EUR
10083,6,1999.863,536.053,1880,Leo Haddad,5/2/2024,Smartphone,Electronic,Morocco,Casablanca,168.58,392.13,210.72,0.15,30.91,Crypto,Online,M. Lopez,USD
10084,4,1587.032,671.052,1117,Nora Kowalski,2/9/2025,Keyboard,Gadgets,UAE,Dubai,203.21,417.64,171.69,0.05,26.01,PayPal,Online,L. Martin,USD
10085,4,4421.7,-411.48,1623,Sofia Lopez,2/5/2025,Laptop,Electronic,USA,New York,488.7,1228.25,1085.76,0.1,1.44,Credit Card,Partner,Unknown,EUR
10086,7,7442.253,880.483,2445,Maria Chen,12/4/2024,Headphone,Electronic,Morocco,Casablanca,609.85,1181.31,850.17,0.1,0.73,Cash,Direct,M. Lopez,MAD
10087,6,4967.838,660.958,2331,Lucas Smith,9/6/2023,Mouse,Tech,Spain,Madrid,316.2,919.97,660.83,0.1,25.7,Crypto,Direct,Unknown,EUR
10088,7,3823.344,188.464,1796,Mariam Ibrahim,6/18/2025,Keyboard,Tech,Morocco,Casablanca,591.27,606.88,431.52,0.1,22.97,Credit Card,Direct,A. Johnson,USD
10089,1,598.664,68.324,1052,Sofia Chen,3/25/2024,Tablet,Electronic,France,Paris,117.94,748.33,395.96,0.2,16.44,Cash,Direct,Unknown,USD
10090,3,2633.64,1110.38,1847,Ahmed Haddad,4/5/2023,Phone,Gadgets,Morocco,Casablanca,0,877.88,501.08,0,20.02,Bank Transfer,Direct,K. Haddad,USD
10091,4,1041.048,141.208,1666,Nora Benali,4/3/2023,Headphone,Gadgets,Morocco,Casablanca,188.58,289.18,165.65,0.1,48.66,Bank Transfer,Retail,Unknown,EUR
10092,5,1218.36,452.49,1681,Leo Khan,4/8/2025,Monitor,Electronic,Spain,Madrid,123.98,304.59,128.06,0.2,1.59,Cash,Retail,Unknown,USD
10093,6,1131.678,155.838,2968,Nora Smith,3/19/2023,Tablet,Electronic,USA,New York,208.38,198.54,125.16,0.05,16.5,Credit Card,Online,A. Johnson,MAD
10094,3,234.54,-1279.23,2079,Youssef Haddad,12/16/2023,Mouse,Tech,Morocco,Casablanca,35.92,78.18,490,0,7.85,Credit Card,Direct,Unknown,USD
10095,5,119.2,-23.72,2715,Ali Rahmani,12/19/2024,Mouse,Gadgets,Morocco,Casablanca,16.64,23.84,19.89,0,26.83,Credit Card,Direct,L. Martin,EUR
10096,6,2105.865,22.885,1525,Lucas Dubois,11/29/2024,Phone,Electronic,UAE,Dubai,341.4,369.45,288.16,0.05,12.62,Cash,Direct,A. Johnson,USD
10097,7,6533.1,-301.2,2297,Youssef Smith,5/20/2024,Headphone,Electronic,UAE,Dubai,848.11,1037,852.64,0.1,17.71,Crypto,Online,M. Lopez,USD
10098,3,909.264,220.724,2062,Mariam Rossi,9/30/2023,Mouse,Tech,Morocco,Casablanca,70.32,378.86,202.55,0.2,10.57,PayPal,Retail,A. Johnson,EUR
10099,2,1299.68,257.37,2603,Leo Silva,1/29/2024,Tablet,Tech,USA,New York,180.71,812.3,419.64,0.2,22.32,Crypto,Online,K. Haddad,USD
10100,3,2499.663,254.543,1033,Ali Khan,9/14/2024,Phone,Tech,Morocco,Casablanca,326.37,980.26,627.16,0.15,37.27,Crypto,Partner,A. Johnson,USD
10101,1,684.32,80.13,2305,Maria Khan,11/16/2023,Keyboard,Tech,Germany,Berlin,71.49,855.4,504.16,0.2,28.54,PayPal,Partner,A. Johnson,MAD
10102,3,4440.12,1073.93,1276,John Garcia,12/10/2024,Keyboard,Tech,UAE,Dubai,227.02,1480.04,1040.3,0,18.27,Bank Transfer,Online,M. Lopez,USD
10103,4,5116.84,2507.3,1242,John Kowalski,6/26/2024,Phone,Tech,UAE,Dubai,317.42,1279.21,567.9,0,20.52,PayPal,Partner,K. Haddad,MAD
10104,4,5086.196,-1024.644,1003,Ali Silva,4/26/2025,Laptop,Tech,Germany,Berlin,993.95,1495.94,1269.01,0.15,40.85,Bank Transfer,Retail,A. Johnson,EUR
10105,1,746.31,36.46,1714,Maria Chen,1/27/2024,Keyboard,Tech,UAE,Dubai,117.74,746.31,568.28,0,23.83,Credit Card,Retail,Unknown,MAD
10106,5,4925.1125,1492.8425,1224,Sara Rossi,6/15/2024,Laptop,Tech,UAE,Dubai,560.55,1158.85,571.92,0.15,12.12,Credit Card,Online,K. Haddad,USD
10107,7,5973.52,-647.93,2534,Leo Kowalski,5/17/2025,Laptop,Electronic,UAE,Dubai,752.16,1066.7,836.18,0.2,16.03,Cash,Direct,M. Lopez,EUR
10108,3,275.595,64.195,2673,Ahmed Lopez,6/21/2023,Phone,Electronic,UAE,Dubai,36.46,96.7,54.95,0.05,10.09,Credit Card,Online,M. Lopez,MAD
10109,2,300.08,89.41,2994,Ahmed Kowalski,7/3/2024,Keyboard,Electronic,Morocco,Casablanca,49.22,150.04,70.43,0,20.59,Credit Card,Online,A. Johnson,MAD
10110,6,907.341,-186.949,1333,Emma Rahmani,6/3/2025,Monitor,Tech,Germany,Berlin,176.71,177.91,146.84,0.15,36.54,Bank Transfer,Online,Unknown,USD
10111,1,323.4,38.51,1917,Ahmed Khan,7/25/2024,Mouse,Tech,UAE,Dubai,52.12,323.4,190.68,0,42.09,PayPal,Retail,S. Rossi,USD
10112,3,3231.9,1159,1004,Ali Kowalski,4/30/2025,Tablet,Electronic,Morocco,Casablanca,241.23,1197,599.47,0.1,33.26,Credit Card,Partner,L. Martin,USD
10113,2,2590.916,764.786,1295,Noah Rossi,4/19/2025,Smartphone,Electronic,UAE,Dubai,282.07,1363.64,761.05,0.05,21.96,Crypto,Partner,K. Haddad,USD
10114,6,8109.06,1002.44,1142,Sara Dubois,10/26/2024,Headphone,Electronic,USA,New York,1314.81,1351.51,962.34,0,17.77,Credit Card,Partner,L. Martin,USD
10115,7,3705.408,436.008,1197,Maria Haddad,10/7/2024,Laptop,Tech,UAE,Dubai,486.99,588.16,395.11,0.1,16.64,Cash,Direct,S. Rossi,USD
10116,3,1237.584,328.564,1477,Emma Haddad,8/19/2023,Keyboard,Gadgets,Morocco,Casablanca,153.85,515.66,242.17,0.2,28.66,Cash,Online,L. Martin,MAD
10117,5,977.92,125.09,1288,Emma Smith,9/11/2023,Headphone,Tech,Spain,Madrid,163.1,244.48,135.9,0.2,10.23,Crypto,Online,L. Martin,USD
10118,2,2296.88,201.98,2932,Fatima Ibrahim,6/8/2023,Laptop,Gadgets,Morocco,Casablanca,150.3,1148.44,962.83,0,18.94,Bank Transfer,Retail,Unknown,EUR
10119,5,834.72,80.34,2180,Sofia Dubois,2/16/2023,Phone,Tech,France,Paris,109.33,208.68,124.92,0.2,20.45,Crypto,Online,Unknown,EUR
10120,5,4885.425,285.345,1793,Ali Khan,3/21/2025,Phone,Tech,UAE,Dubai,658.68,1085.65,782.29,0.1,29.95,Crypto,Online,L. Martin,USD
10121,4,1097.288,-129.482,1395,Luis Chen,8/6/2023,Headphone,Electronic,Morocco,Casablanca,210.78,288.76,246.67,0.05,29.31,Crypto,Online,K. Haddad,USD
10122,6,862.818,161.018,2003,Sofia Chen,12/22/2023,Mouse,Electronic,Germany,Berlin,119.88,169.18,89.33,0.15,45.94,Bank Transfer,Online,Unknown,USD
10123,5,6580.175,266.525,2822,Luis Haddad,1/13/2024,Laptop,Gadgets,France,Paris,1090.25,1385.3,1043.99,0.05,3.45,Credit Card,Online,A. Johnson,USD
10124,3,2996.838,-292.472,1813,Noah Haddad,9/4/2024,Tablet,Tech,Morocco,Casablanca,352.51,1109.94,962.52,0.1,49.24,Credit Card,Online,Unknown,EUR
10125,6,1774.5,-28.17,1566,Ahmed Dubois,1/6/2024,Phone,Electronic,USA,New York,320.27,295.75,242.14,0,29.56,PayPal,Online,A. Johnson,MAD
10126,5,2761.5075,29.7475,1116,Mariam Silva,10/27/2024,Monitor,Tech,Morocco,Casablanca,470.64,581.37,448.89,0.05,16.67,Crypto,Partner,Unknown,MAD
10127,7,4212.5755,-26.4745,1474,Mariam Chen,2/22/2024,Smartphone,Electronic,USA,New York,504.9,633.47,526.89,0.05,45.92,Credit Card,Retail,S. Rossi,MAD
10128,3,205.83,-18.45,1709,Luis Khan,5/15/2024,Headphone,Gadgets,USA,New York,25.68,68.61,58.76,0,22.32,Credit Card,Partner,K. Haddad,EUR
10129,1,528.523,108.123,2492,Luis Ibrahim,2/18/2023,Laptop,Tech,UAE,Dubai,27.46,556.34,384.04,0.05,8.9,Crypto,Direct,K. Haddad,USD
10130,4,2377.62,154.61,2383,Leo Benali,7/14/2024,Mouse,Electronic,Spain,Madrid,309.71,699.3,474.58,0.15,14.98,Credit Card,Online,Unknown,EUR
10131,5,2736.135,568.815,1669,Maria Rahmani,10/12/2023,Smartphone,Gadgets,Morocco,Casablanca,280.2,608.03,372.96,0.1,22.32,Credit Card,Direct,S. Rossi,USD
10132,1,66.681,-2.759,1589,John Dubois,1/6/2024,Headphone,Electronic,France,Paris,0,74.09,47.12,0.1,22.32,Credit Card,Online,S. Rossi,USD
10133,7,5606.44,1243.14,2701,Youssef Rahmani,4/10/2025,Tablet,Tech,USA,New York,617.35,800.92,534.4,0,5.15,Crypto,Direct,M. Lopez,MAD
10134,5,625.765,37.075,2901,Fatima Smith,6/11/2023,Mouse,Electronic,Germany,Berlin,56.7,131.74,102.31,0.05,20.44,Credit Card,Retail,S. Rossi,MAD
10135,7,8225.392,-1141.528,1312,John Chen,1/28/2025,Keyboard,Tech,USA,New York,914.64,1468.82,1204.28,0.2,22.32,Cash,Online,M. Lopez,USD
10136,3,868.776,-79.904,1760,John Haddad,8/27/2023,Monitor,Tech,France,Paris,120.98,361.99,266.41,0.2,28.47,Credit Card,Online,M. Lopez,EUR
10137,3,2810.271,764.541,2111,Youssef Haddad,3/19/2023,Keyboard,Tech,Morocco,Casablanca,479.99,986.06,511.86,0.05,30.16,Cash,Online,Unknown,USD
10138,6,5993.904,1066.284,1909,Fatima Benali,1/4/2025,Headphone,Electronic,Morocco,Casablanca,426.54,1248.73,747.48,0.2,16.2,Credit Card,Partner,M. Lopez,MAD
10139,2,62.784,2.334,2404,Maria Silva,7/1/2024,Mouse,Electronic,USA,New York,3.39,39.24,17.37,0.2,22.32,Credit Card,Retail,Unknown,EUR
10140,5,2574.84,-428.02,1745,John Benali,1/21/2024,Smartphone,Electronic,Morocco,Casablanca,260.76,643.71,544.79,0.2,18.15,Credit Card,Direct,K. Haddad,MAD
10141,7,2917.11,455.82,1939,Noah Rossi,5/16/2025,Tablet,Electronic,Morocco,Casablanca,336.69,416.73,296.74,0,47.42,Cash,Retail,Unknown,EUR
10142,6,6339.816,1930.786,1127,Luis Haddad,1/5/2025,Smartphone,Tech,France,Paris,1167.69,1174.04,536.68,0.1,21.26,Crypto,Online,K. Haddad,USD
10143,3,2218.554,89.664,2382,Sara Khan,7/20/2023,Phone,Electronic,Morocco,Casablanca,321.74,778.44,600.06,0.05,6.97,Credit Card,Direct,A. Johnson,USD
10144,3,1545.888,505.718,2750,Leo Rahmani,3/15/2025,Smartphone,Electronic,Morocco,Casablanca,117.1,644.12,300.25,0.2,22.32,Crypto,Direct,S. Rossi,USD
10145,3,3526.647,549.617,1933,Youssef Lopez,2/3/2023,Monitor,Tech,USA,New York,481.31,1237.42,822.67,0.05,27.71,Credit Card,Direct,M. Lopez,EUR
10146,1,605,-14.4,1026,Ali Garcia,4/4/2025,Headphone,Tech,Morocco,Casablanca,31.25,756.25,574.83,0.2,13.32,Credit Card,Online,A. Johnson,USD
10147,3,2712.51,434.42,1905,Ahmed Garcia,11/15/2024,Tablet,Tech,UAE,Dubai,336.73,904.17,633.15,0,41.91,Crypto,Direct,S. Rossi,MAD
10148,5,2788.4875,639.6675,2386,Lucas Rahmani,12/5/2024,Laptop,Electronic,UAE,Dubai,208.98,587.05,387.14,0.05,4.14,Crypto,Partner,A. Johnson,MAD
10149,4,4179.816,1751.306,2535,Nora Silva,11/6/2024,Headphone,Tech,Morocco,Casablanca,389.99,1161.06,504.05,0.1,22.32,Bank Transfer,Retail,Unknown,USD
10150,1,1033.4765,146.3965,1663,Sara Khan,1/27/2025,Laptop,Tech,Morocco,Casablanca,113.16,1087.87,767.17,0.05,6.75,Credit Card,Direct,Unknown,USD
10151,1,377.523,21.623,2514,Maria Lopez,4/28/2025,Phone,Tech,Morocco,Casablanca,52.57,419.47,281.01,0.1,22.32,PayPal,Partner,K. Haddad,MAD
10152,6,8602.5,3067.57,2524,Noah Dubois,3/14/2023,Laptop,Electronic,Spain,Madrid,1424.89,1433.75,684.38,0,3.76,Bank Transfer,Online,K. Haddad,USD
10153,1,599.3835,49.4435,2826,Fatima Kowalski,5/11/2023,Monitor,Electronic,USA,New York,71.3,630.93,474.75,0.05,3.89,Credit Card,Retail,S. Rossi,MAD
10154,4,3982.97,1434.34,2636,Fatima Ibrahim,2/13/2023,Keyboard,Tech,France,Paris,260.74,1048.15,561.88,0.05,40.37,PayPal,Direct,S. Rossi,MAD
10155,1,222.49,-33.17,2341,Lucas Haddad,8/14/2024,Headphone,Tech,France,Paris,17.3,222.49,194.71,0,43.65,PayPal,Partner,L. Martin,EUR
10156,7,8495.97,688.38,2291,Nora Kowalski,10/16/2024,Smartphone,Gadgets,Morocco,Casablanca,1576.04,1213.71,885.27,0,34.66,Bank Transfer,Online,Unknown,USD
10157,1,1346.3495,537.0095,1400,Mariam Lopez,3/4/2025,Smartphone,Tech,Morocco,Casablanca,186.12,1417.21,594.82,0.05,28.4,Bank Transfer,Direct,S. Rossi,USD
10158,2,966.06,424.12,2863,Noah Kowalski,5/12/2024,Keyboard,Electronic,Spain,Madrid,76.21,483.03,222.32,0,21.09,Credit Card,Direct,Unknown,USD
10159,5,3248.28,-70.76,2513,Maria Lopez,9/6/2024,Smartphone,Gadgets,France,Paris,317.89,721.84,599.86,0.1,1.85,Crypto,Direct,M. Lopez,MAD
10160,7,3134.6,258.96,1804,Maria Garcia,6/20/2023,Mouse,Electronic,UAE,Dubai,192.91,559.75,380.82,0.2,16.99,PayPal,Partner,A. Johnson,USD
10161,7,4330.48,761.3,1981,Youssef Garcia,2/1/2024,Laptop,Tech,Spain,Madrid,566.25,618.64,424.52,0,31.29,Cash,Retail,K. Haddad,USD
10162,5,4191.66,1007.23,1413,Mariam Rahmani,9/8/2023,Tablet,Tech,USA,New York,756.66,931.48,481.09,0.1,22.32,Credit Card,Retail,K. Haddad,USD
10163,7,1855.35,484.35,1813,Fatima Rossi,1/29/2023,Laptop,Tech,Morocco,Casablanca,112.26,294.5,174.34,0.1,38.36,PayPal,Online,Unknown,USD
10164,5,321.47,-10.19,1265,Lucas Kowalski,12/25/2023,Laptop,Electronic,UAE,Dubai,63.53,75.64,48.4,0.15,26.13,Credit Card,Direct,S. Rossi,USD
10165,1,354.7205,149.1405,2981,Noah Ibrahim,10/20/2023,Keyboard,Electronic,Morocco,Casablanca,33.5,373.39,169.98,0.05,2.1,Cash,Online,Unknown,MAD
10166,1,1367.3,593.04,1963,Noah Silva,5/20/2023,Keyboard,Tech,USA,New York,148.69,1367.3,577.75,0,47.82,Credit Card,Direct,A. Johnson,EUR
10167,5,5327.055,1669.205,1225,Emma Kowalski,6/2/2023,Mouse,Tech,Spain,Madrid,988.48,1183.79,526.44,0.1,37.17,Cash,Online,Unknown,USD
10168,4,1161.184,-308.666,2389,Sara Benali,11/26/2023,Headphone,Electronic,Morocco,Casablanca,202.74,362.87,316.19,0.2,2.35,Credit Card,Retail,M. Lopez,MAD
10169,1,311.688,55.178,2540,Sara Benali,2/11/2025,Smartphone,Electronic,UAE,Dubai,54.21,346.32,170.81,0.1,31.49,PayPal,Online,L. Martin,MAD
10170,7,8831.2,-362.23,2914,Ahmed Chen,5/4/2024,Mouse,Tech,USA,New York,1137.06,1328,1147.23,0.05,25.76,Credit Card,Retail,Unknown,MAD
10171,2,1890.198,703.498,2143,Lucas Rahmani,6/11/2025,Headphone,Tech,USA,New York,158.15,1050.11,500.85,0.1,26.85,Bank Transfer,Direct,Unknown,MAD
10172,1,1210.032,-132.208,2346,Lucas Smith,9/26/2024,Mouse,Electronic,Morocco,Casablanca,219.76,1344.48,1116,0.1,6.48,Bank Transfer,Retail,S. Rossi,MAD
10173,1,-81.396,-193.666,1039,Leo Rossi,6/20/2024,Mouse,Tech,USA,New York,13.95,-85.68,70.78,0.05,27.54,Credit Card,Retail,S. Rossi,USD
10174,3,1178.442,254.372,2625,Ahmed Rahmani,3/29/2024,Headphone,Electronic,Germany,Berlin,186.8,436.46,229.72,0.1,48.11,Crypto,Retail,A. Johnson,USD
10175,5,6383.1925,-458.2775,1223,Maria Ibrahim,11/14/2023,Laptop,Electronic,France,Paris,793.25,1343.83,1203.72,0.05,29.62,Bank Transfer,Online,A. Johnson,MAD
10176,2,1557.99,-13.54,2312,Maria Benali,9/19/2023,Tablet,Electronic,Spain,Madrid,279.93,865.55,632.77,0.1,26.06,Credit Card,Retail,A. Johnson,USD
10177,4,5115.44,292.4,1556,Youssef Haddad,12/11/2023,Tablet,Gadgets,Morocco,Casablanca,512.06,1278.86,1066.12,0,46.5,Cash,Partner,K. Haddad,USD
10178,4,2993.728,-458.222,1825,Noah Kowalski,1/30/2025,Keyboard,Gadgets,Germany,Berlin,545.25,935.54,726.31,0.2,1.46,Cash,Direct,L. Martin,EUR
10179,7,154.616,-67.784,2950,Fatima Rossi,3/23/2023,Tablet,Electronic,France,Paris,24.98,27.61,22.36,0.2,40.9,Credit Card,Online,K. Haddad,EUR
10180,6,6496.974,2827.754,2069,Ahmed Chen,10/28/2024,Tablet,Electronic,USA,New York,0,1139.82,603.36,0.05,49.06,Bank Transfer,Direct,K. Haddad,USD
10181,1,153.16,-23.1,2349,Ahmed Lopez,4/11/2024,Laptop,Tech,Spain,Madrid,25.57,191.45,112.64,0.2,38.05,Cash,Online,K. Haddad,USD
10182,2,1121.524,-128.126,2245,Ali Garcia,2/6/2023,Tablet,Gadgets,USA,New York,162.5,659.72,541.01,0.15,5.13,Credit Card,Retail,Unknown,USD
10183,4,942.344,-21.446,2040,Youssef Lopez,6/7/2024,Phone,Tech,Morocco,Casablanca,89.66,277.16,217.69,0.15,3.37,PayPal,Partner,K. Haddad,USD
10184,2,1297.602,414.552,2293,Noah Khan,12/4/2024,Laptop,Tech,Morocco,Casablanca,230.79,720.89,309.23,0.1,33.8,Crypto,Online,M. Lopez,USD
10185,4,3614.336,1108.426,1028,Ali Haddad,2/2/2023,Phone,Electronic,USA,New York,388.69,1129.48,525.26,0.2,16.18,PayPal,Online,L. Martin,MAD
10186,7,8191.47,3026.61,1737,Noah Smith,10/12/2023,Tablet,Electronic,Morocco,Casablanca,604.86,1231.8,648.24,0.05,22.32,Bank Transfer,Online,K. Haddad,EUR
10187,4,2082.4,449.6,1883,Sofia Kowalski,3/10/2025,Tablet,Electronic,France,Paris,0,650.75,407.17,0.2,4.12,PayPal,Online,K. Haddad,USD
10188,6,1946.592,542.842,1747,Fatima Silva,3/15/2024,Smartphone,Tech,Morocco,Casablanca,374.97,360.48,167.86,0.1,21.62,Credit Card,Retail,Unknown,USD
10189,5,5805.925,-540.135,2976,Maria Silva,3/28/2024,Phone,Tech,Spain,Madrid,636.56,1366.1,1132.06,0.15,49.2,PayPal,Online,Unknown,USD
10190,1,469.965,18.625,2855,Maria Benali,3/3/2025,Phone,Gadgets,Spain,Madrid,38.52,494.7,377.07,0.05,35.75,Credit Card,Direct,K. Haddad,EUR
10191,2,2208.725,360.285,2680,Sara Rahmani,8/27/2024,Headphone,Gadgets,USA,New York,171.9,1299.25,827.11,0.15,22.32,Credit Card,Online,S. Rossi,USD
10192,5,1175.1975,200.2775,1386,Ali Rossi,12/15/2023,Monitor,Gadgets,France,Paris,192.91,247.41,155.09,0.05,6.56,Credit Card,Online,Unknown,EUR
10193,5,5820.46,-237.01,2176,Mariam Garcia,1/3/2025,Keyboard,Gadgets,Germany,Berlin,0,1369.52,1210.32,0.15,5.87,Bank Transfer,Retail,A. Johnson,MAD
10194,1,918.81,331.4,2016,Ali Ibrahim,4/10/2025,Tablet,Tech,USA,New York,73.58,918.81,481.25,0,32.58,Credit Card,Online,K. Haddad,USD
10195,5,1881.495,-183.515,1720,Luis Rossi,3/13/2023,Tablet,Gadgets,Morocco,Casablanca,371.88,418.11,333.98,0.1,23.23,Crypto,Direct,M. Lopez,USD
10196,6,3244.806,-241.084,1800,Emma Khan,4/12/2023,Keyboard,Gadgets,UAE,Dubai,500.5,600.89,490,0.1,45.39,Credit Card,Online,A. Johnson,USD
10197,3,2193.45,1056.58,2069,Maria Benali,11/2/2024,Keyboard,Electronic,Germany,Berlin,143.49,731.15,330.82,0,0.92,Bank Transfer,Online,Unknown,EUR
10198,6,5328.759,202.519,1241,Nora Kowalski,5/14/2025,Laptop,Tech,Morocco,Casablanca,886.55,934.87,702.3,0.05,25.89,Cash,Online,M. Lopez,USD
10199,1,1060.92,403.56,1917,Emma Smith,4/13/2023,Headphone,Gadgets,France,Paris,65.55,1326.15,585.17,0.2,6.64,PayPal,Online,A. Johnson,EUR
10200,7,2109.8455,285.6455,1427,Leo Khan,11/1/2023,Laptop,Tech,USA,New York,118.53,317.27,236.87,0.05,47.58,Crypto,Partner,Unknown,USD
10201,5,5327.9,2769.22,2439,Nora Kowalski,7/6/2024,Mouse,Tech,France,Paris,307.93,1065.58,443.06,0,35.45,Credit Card,Online,Unknown,USD
10202,2,1701.81,-31.62,1458,Sofia Chen,3/25/2023,Keyboard,Electronic,Spain,Madrid,208.74,945.45,748.52,0.1,27.65,PayPal,Retail,Unknown,USD
10203,6,6639.84,1625.36,2723,John Lopez,5/23/2025,Smartphone,Electronic,Spain,Madrid,372.58,1229.6,769.93,0.1,22.32,Bank Transfer,Partner,Unknown,USD
10204,6,718.131,279.301,2324,Noah Dubois,8/31/2023,Laptop,Tech,France,Paris,53.09,140.81,60.57,0.15,22.32,Credit Card,Online,K. Haddad,USD
10205,2,811.12,71.55,2654,Noah Garcia,11/5/2023,Headphone,Gadgets,Morocco,Casablanca,62.71,506.95,321.96,0.2,32.94,Bank Transfer,Retail,A. Johnson,USD
10206,3,-700.056,-1127.046,2375,Nora Ibrahim,11/8/2023,Monitor,Tech,Germany,Berlin,58.99,-259.28,106.42,0.1,48.74,Bank Transfer,Retail,A. Johnson,MAD
10207,3,337.584,50.284,2982,Emma Benali,7/26/2023,Laptop,Electronic,France,Paris,20.53,140.66,84.63,0.2,12.88,Credit Card,Online,Unknown,USD
10208,4,1055.678,-110.332,1403,Ali Haddad,3/15/2025,Headphone,Tech,UAE,Dubai,170.39,277.81,244.58,0.05,17.3,Credit Card,Online,L. Martin,USD
10209,4,4393.674,563.244,1607,Sara Silva,9/8/2024,Tablet,Gadgets,France,Paris,791.1,1156.23,754.35,0.05,21.93,Cash,Partner,L. Martin,EUR
10210,5,2875.46,231.9,1294,Noah Kowalski,1/24/2025,Monitor,Gadgets,Morocco,Casablanca,485.79,605.36,425.63,0.05,29.62,Credit Card,Retail,Unknown,EUR
10211,6,3143.778,707.628,1910,Leo Rahmani,1/6/2025,Phone,Gadgets,Germany,Berlin,455.01,551.54,326.47,0.05,22.32,Bank Transfer,Direct,S. Rossi,MAD
10212,3,3330.168,923.378,1333,Youssef Kowalski,1/2/2023,Keyboard,Gadgets,USA,New York,285.17,1168.48,704.19,0.05,9.05,Credit Card,Online,L. Martin,USD
10213,5,519.86,54.96,1013,Luis Dubois,5/18/2024,Keyboard,Tech,Morocco,Casablanca,57.58,122.32,75.67,0.15,28.97,Crypto,Partner,A. Johnson,USD
10214,4,3231.252,1145.812,1027,Nora Lopez,3/7/2023,Headphone,Electronic,UAE,Dubai,312.86,897.57,432.42,0.1,42.9,Crypto,Online,Unknown,EUR
10215,5,2130.44,-269.7,2326,Luis Ibrahim,10/14/2023,Tablet,Gadgets,Spain,Madrid,416.44,501.28,394.38,0.15,11.8,Bank Transfer,Direct,Unknown,MAD
10216,3,1618.08,290.18,1861,Noah Dubois,12/27/2023,Phone,Gadgets,USA,New York,162.7,674.2,381.22,0.2,21.54,Credit Card,Online,S. Rossi,USD
10217,4,3560.28,150.06,2307,Noah Dubois,5/1/2023,Keyboard,Electronic,USA,New York,267.22,890.07,778.18,0,30.28,Bank Transfer,Direct,L. Martin,MAD
10218,7,7017.01,1408.47,2847,Maria Lopez,6/5/2023,Laptop,Tech,USA,New York,1093.31,1002.43,638.86,0,43.21,Credit Card,Retail,Unknown,EUR
10219,6,1850.448,-1467.512,1968,Sara Rahmani,5/25/2024,Laptop,Tech,Morocco,Casablanca,366.4,324.64,490,0.05,11.56,PayPal,Online,S. Rossi,USD
10220,2,125.168,3.878,1836,Noah Kowalski,6/10/2023,Tablet,Gadgets,Spain,Madrid,23.79,78.23,36.07,0.2,25.36,PayPal,Direct,Unknown,MAD
10221,6,5919.735,988.555,2834,Mariam Khan,5/6/2023,Headphone,Tech,Germany,Berlin,1152.97,1038.55,621.77,0.05,47.59,Cash,Partner,Unknown,MAD
10222,2,2628.324,281.984,2451,Luis Dubois,10/21/2023,Tablet,Tech,USA,New York,324.14,1460.18,1007.61,0.1,6.98,Crypto,Partner,Unknown,MAD
10223,6,2711.718,125.798,2031,Ahmed Lopez,12/7/2023,Laptop,Tech,Morocco,Casablanca,433.7,475.74,357.92,0.05,4.7,Crypto,Online,Unknown,USD
10224,5,3214.5625,-106.2075,2142,Nora Khan,8/6/2023,Headphone,Tech,Germany,Berlin,479.76,676.75,564.46,0.05,18.71,Cash,Direct,L. Martin,USD
10225,6,4534.92,1038.1,2863,Noah Lopez,12/11/2023,Tablet,Electronic,Morocco,Casablanca,247.42,755.82,535.82,0,34.48,Bank Transfer,Retail,K. Haddad,EUR
10226,1,727.12,-190.55,1360,Mariam Smith,8/24/2024,Laptop,Tech,Germany,Berlin,109.1,908.9,791.14,0.2,17.43,Bank Transfer,Online,M. Lopez,USD
10227,2,2998.26,1164.78,2112,John Silva,11/18/2024,Smartphone,Tech,USA,New York,539.58,1499.13,635.79,0,22.32,Credit Card,Retail,M. Lopez,MAD
10228,5,5889.65,1434.91,2633,Maria Smith,1/16/2024,Headphone,Tech,Morocco,Casablanca,390.88,1177.93,805.12,0,38.26,Bank Transfer,Online,Unknown,EUR
10229,4,3830.552,-150.408,2302,Fatima Ibrahim,4/30/2025,Phone,Electronic,USA,New York,695.95,1008.04,810.39,0.05,43.45,Bank Transfer,Online,Unknown,USD
10230,1,197.91,14.74,2088,John Ibrahim,3/17/2023,Laptop,Tech,Morocco,Casablanca,19.64,197.91,133.04,0,30.49,Credit Card,Online,K. Haddad,USD
10231,7,7345.03,1933.39,1735,Ahmed Dubois,5/11/2024,Laptop,Gadgets,Spain,Madrid,1024.43,1049.29,623.57,0,22.22,Credit Card,Online,Unknown,EUR
10232,6,731.481,164.061,2800,Nora Benali,1/3/2023,Mouse,Tech,UAE,Dubai,0,128.33,90.05,0.05,27.12,Cash,Partner,M. Lopez,USD
10233,2,1385.461,662.501,2156,Mariam Benali,10/31/2023,Tablet,Tech,Germany,Berlin,91.91,729.19,301.02,0.05,29.01,PayPal,Online,Unknown,MAD
10234,4,2756.938,580.378,1426,John Haddad,1/21/2023,Keyboard,Electronic,UAE,Dubai,433.73,725.51,433.26,0.05,9.79,Crypto,Online,K. Haddad,MAD
10235,7,9429.98,3914.47,1050,Ali Ibrahim,2/21/2025,Tablet,Tech,Morocco,Casablanca,1397.56,1347.14,586.87,0,9.86,Credit Card,Online,S. Rossi,USD
10236,5,2161.6,613.23,1372,Sofia Kowalski,7/17/2024,Laptop,Electronic,Morocco,Casablanca,308.25,540.4,243.56,0.2,22.32,PayPal,Online,A. Johnson,EUR
10237,6,2563.866,-106.924,1105,Youssef Kowalski,2/24/2024,Laptop,Tech,France,Paris,351.61,474.79,380.55,0.1,35.88,Cash,Direct,A. Johnson,USD
10238,2,846.96,181.34,2286,Leo Haddad,12/17/2023,Laptop,Tech,UAE,Dubai,108.73,423.48,256.96,0,42.97,Cash,Partner,S. Rossi,EUR
10239,7,5580.68,594.74,1297,Emma Rossi,2/5/2023,Headphone,Electronic,Morocco,Casablanca,753.93,797.24,601.54,0,21.23,Credit Card,Online,Unknown,MAD
10240,6,5821.776,34.776,1890,Sofia Khan,5/21/2023,Laptop,Electronic,Morocco,Casablanca,844,1212.87,818.82,0.2,30.08,Crypto,Online,Unknown,USD
10241,6,4460.022,1170.842,1009,Leo Rahmani,1/13/2024,Mouse,Tech,UAE,Dubai,0,782.46,545.19,0.05,18.04,Crypto,Partner,A. Johnson,MAD
10242,2,2568.857,972.797,2603,Emma Chen,2/19/2023,Smartphone,Tech,Spain,Madrid,0,1352.03,779.73,0.05,36.6,Credit Card,Partner,S. Rossi,EUR
10243,4,2459.094,124.614,2993,Ali Kowalski,3/14/2024,Tablet,Gadgets,Morocco,Casablanca,405.75,647.13,474.85,0.05,29.33,Cash,Direct,K. Haddad,USD
10244,7,2577.05,197.92,1661,Ali Khan,3/7/2024,Headphone,Tech,Morocco,Casablanca,212.63,368.15,307.27,0,15.61,PayPal,Direct,Unknown,MAD
10245,3,2617.725,527.645,2100,Lucas Ibrahim,5/23/2024,Headphone,Tech,Morocco,Casablanca,231.75,918.5,618.47,0.05,2.92,Credit Card,Online,L. Martin,USD
10246,1,1185.536,469.386,2577,Nora Silva,1/9/2024,Headphone,Tech,USA,New York,0,1481.92,693.86,0.2,22.29,Credit Card,Online,Unknown,EUR
10247,1,888.0885,-218.0015,2603,Sara Lopez,8/6/2023,Smartphone,Gadgets,USA,New York,153.47,1044.81,935.76,0.15,16.86,Crypto,Direct,Unknown,EUR
10248,7,6515.488,963.198,2922,Sara Ibrahim,3/14/2023,Headphone,Electronic,USA,New York,1199.69,1163.48,619.49,0.2,16.17,Cash,Online,A. Johnson,MAD
10249,3,1268.328,-20.722,2665,Fatima Rahmani,5/31/2024,Mouse,Tech,France,Paris,162.17,528.47,374.46,0.2,3.5,Credit Card,Retail,Unknown,USD
10250,5,1895.85,412.2,1380,Lucas Lopez,2/27/2023,Laptop,Tech,Morocco,Casablanca,0,421.3,293.4,0.1,16.65,Crypto,Direct,Unknown,MAD
10251,6,584.76,101.3,2494,Sofia Silva,3/8/2025,Smartphone,Electronic,Spain,Madrid,116.56,97.46,57.43,0,22.32,Credit Card,Retail,Unknown,MAD
10252,4,370.634,-36.096,2500,Emma Silva,10/14/2023,Mouse,Electronic,Spain,Madrid,71.99,109.01,74.25,0.15,37.74,Cash,Retail,A. Johnson,MAD
10253,7,5691.14,2138.42,2035,Youssef Lopez,10/18/2024,Laptop,Gadgets,UAE,Dubai,986.11,813.02,364.51,0,15.04,PayPal,Direct,A. Johnson,USD
10254,4,2457.622,229.242,1629,Maria Benali,5/31/2024,Keyboard,Electronic,USA,New York,482,722.83,427.38,0.15,36.86,Crypto,Partner,Unknown,USD
10255,4,1294.074,-49.596,1977,Maria Garcia,3/31/2024,Laptop,Electronic,Germany,Berlin,185.75,380.61,280.04,0.15,37.76,Bank Transfer,Partner,Unknown,USD
10256,1,782.476,43.496,2677,Mariam Ibrahim,3/14/2025,Keyboard,Electronic,USA,New York,122.31,920.56,601.51,0.15,15.16,Crypto,Online,L. Martin,USD
10257,2,998.792,172.422,1968,John Rossi,3/24/2024,Phone,Gadgets,France,Paris,190.31,525.68,310.39,0.05,15.28,PayPal,Retail,K. Haddad,MAD
10258,4,1649.048,-98.052,2442,John Smith,2/10/2024,Keyboard,Gadgets,USA,New York,210.01,433.96,378.06,0.05,24.85,PayPal,Retail,S. Rossi,EUR
10259,6,4378.503,439.893,1041,Ahmed Rahmani,11/8/2024,Mouse,Gadgets,USA,New York,830.12,858.53,511.27,0.15,40.87,PayPal,Online,M. Lopez,USD
10260,3,2748.519,246.699,1947,Luis Kowalski,6/9/2024,Laptop,Electronic,UAE,Dubai,463.14,1017.97,678.21,0.1,4.05,Cash,Retail,L. Martin,MAD
10261,5,242.46,42.61,2811,Sara Benali,2/6/2025,Mouse,Tech,Germany,Berlin,24.71,53.88,25.7,0.1,46.64,Bank Transfer,Partner,K. Haddad,MAD
10262,2,367.438,-88.482,1832,Luis Haddad,4/20/2023,Monitor,Electronic,Germany,Berlin,51.79,216.14,179.61,0.15,44.91,Crypto,Online,Unknown,USD
10263,6,1672.56,286.51,2676,Nora Silva,4/27/2023,Tablet,Electronic,UAE,Dubai,290.66,278.76,181.55,0,6.09,PayPal,Retail,S. Rossi,USD
10264,5,247.35,89.87,2035,Sara Kowalski,3/10/2025,Keyboard,Electronic,Morocco,Casablanca,15.33,58.2,27.21,0.15,6.1,Credit Card,Partner,K. Haddad,USD
10265,4,1829.662,381.832,1446,John Rahmani,1/25/2024,Smartphone,Gadgets,UAE,Dubai,167.71,481.49,314.45,0.05,22.32,Crypto,Online,A. Johnson,MAD
10266,5,207.81,13.88,2540,Mariam Dubois,4/11/2024,Headphone,Gadgets,Spain,Madrid,22.44,46.18,32.38,0.1,9.59,PayPal,Online,S. Rossi,USD
10267,1,84.864,-43.986,2486,Fatima Garcia,4/1/2024,Monitor,Tech,France,Paris,12.13,106.08,95.2,0.2,21.52,Credit Card,Retail,S. Rossi,MAD
10268,1,207.477,54.467,1399,Ahmed Rahmani,2/2/2025,Tablet,Electronic,France,Paris,15.91,230.53,106.2,0.1,30.9,Cash,Online,L. Martin,EUR
10269,4,5083.374,-256.786,1819,Lucas Kowalski,2/24/2024,Keyboard,Electronic,Germany,Berlin,487.69,1495.11,1206.53,0.15,26.35,Bank Transfer,Retail,M. Lopez,USD
10270,7,6115.144,-624.586,1154,Mariam Silva,4/2/2023,Headphone,Electronic,UAE,Dubai,630.69,1091.99,869.28,0.2,24.08,Credit Card,Online,A. Johnson,EUR
10271,7,7353.2375,725.0575,1404,Lucas Garcia,9/3/2023,Phone,Tech,USA,New York,515.25,1105.75,867.63,0.05,39.52,Cash,Online,Unknown,USD
10272,5,4580.92,1489.54,1212,Fatima Chen,8/30/2023,Tablet,Tech,UAE,Dubai,376.92,1145.23,536.6,0.2,31.46,Credit Card,Online,L. Martin,USD
10273,5,5126.6475,-753.8925,1496,Noah Garcia,11/30/2024,Monitor,Electronic,USA,New York,541.94,1206.27,1061.26,0.15,32.3,Credit Card,Partner,Unknown,MAD
10274,5,6030.8375,2751.4075,1545,Mariam Dubois,7/17/2024,Mouse,Electronic,USA,New York,416.61,1269.65,570.13,0.05,12.17,PayPal,Direct,K. Haddad,USD
10275,2,1231.667,111.527,1553,Emma Chen,1/21/2023,Mouse,Electronic,Spain,Madrid,220.39,724.51,425.97,0.15,47.81,Cash,Online,M. Lopez,USD
10276,1,1433.9,-0.63,2153,Nora Kowalski,7/25/2024,Tablet,Electronic,Spain,Madrid,274.48,1433.9,1137.73,0,22.32,Bank Transfer,Partner,L. Martin,MAD
10277,5,1842.205,-365.585,2307,Mariam Rossi,12/15/2024,Tablet,Electronic,France,Paris,307.97,433.46,375.01,0.15,24.77,Crypto,Retail,L. Martin,EUR
10278,3,2058.54,855.69,1855,Maria Lopez,6/22/2023,Mouse,Tech,UAE,Dubai,123.51,686.18,352.34,0,22.32,Crypto,Online,A. Johnson,MAD
10279,3,423.432,-111.338,2223,Leo Lopez,5/19/2024,Smartphone,Gadgets,France,Paris,24.21,176.43,157.75,0.2,37.31,Bank Transfer,Direct,A. Johnson,USD
10280,1,126.68,29.32,1276,Luis Silva,8/20/2023,Mouse,Gadgets,Germany,Berlin,24.51,126.68,55.19,0,17.66,PayPal,Partner,Unknown,USD
10281,6,8032.77,-1076.71,1539,Ali Rahmani,7/16/2024,Mouse,Electronic,France,Paris,1198.53,1487.55,1317.04,0.1,8.71,Crypto,Online,M. Lopez,MAD
10282,5,3958.7925,302.6725,1991,Nora Haddad,1/3/2024,Tablet,Tech,UAE,Dubai,210.38,833.43,679.47,0.05,48.39,Crypto,Retail,S. Rossi,EUR
10283,7,8246.56,3110.93,1945,Leo Benali,7/14/2024,Keyboard,Tech,Morocco,Casablanca,884.78,1178.08,605.44,0,12.77,Bank Transfer,Direct,A. Johnson,USD
10284,4,4432.548,508.308,1766,Nora Kowalski,1/5/2024,Headphone,Tech,Morocco,Casablanca,539.61,1166.46,842.13,0.05,16.11,Cash,Partner,S. Rossi,USD
10285,4,1450.816,-194.004,1350,Maria Ibrahim,10/15/2023,Monitor,Tech,UAE,Dubai,0,453.38,403.5,0.2,30.82,PayPal,Online,L. Martin,MAD
10286,2,398.202,104.712,2688,Sofia Khan,5/2/2024,Phone,Tech,USA,New York,33.33,209.58,119.28,0.05,21.6,Bank Transfer,Online,S. Rossi,EUR
10287,4,2023.714,692.394,2748,Youssef Lopez,6/21/2023,Mouse,Electronic,USA,New York,174.25,595.21,286.8,0.15,9.87,Bank Transfer,Online,M. Lopez,USD
10288,6,221.274,-67.946,2654,Youssef Khan,2/8/2023,Mouse,Tech,Germany,Berlin,38.15,38.82,34.79,0.05,42.33,Crypto,Retail,A. Johnson,EUR
10289,1,660.112,39.742,1301,Sofia Lopez,12/26/2023,Headphone,Tech,Germany,Berlin,0,825.14,592.48,0.2,27.89,Cash,Retail,L. Martin,EUR
10290,7,6244.056,2252.606,1859,Sara Ibrahim,3/7/2025,Tablet,Electronic,USA,New York,564.46,991.12,484.37,0.1,36.4,Crypto,Online,S. Rossi,USD
10291,2,386.928,-58.492,2486,Sofia Rahmani,2/11/2024,Headphone,Tech,USA,New York,75.36,214.96,164.01,0.1,42.04,Crypto,Direct,L. Martin,USD
10292,5,3159.3,270.78,1702,Mariam Lopez,9/21/2024,Mouse,Electronic,France,Paris,398.87,631.86,492.28,0,28.25,Bank Transfer,Direct,A. Johnson,USD
10293,5,793.8,93.8,2134,Lucas Haddad,5/16/2023,Laptop,Tech,Germany,Berlin,130.32,158.76,109.32,0,23.08,Credit Card,Direct,Unknown,EUR
10294,1,950.0705,-91.2695,2247,Emma Rossi,4/11/2025,Monitor,Tech,Morocco,Casablanca,61.64,1117.73,939.7,0.15,40,Cash,Partner,Unknown,USD
10295,3,1296.459,45.009,1936,Noah Benali,4/22/2023,Mouse,Electronic,Morocco,Casablanca,101.39,480.17,370.29,0.1,39.19,Credit Card,Direct,Unknown,EUR
10296,4,3023.888,196.278,1208,Sara Rossi,1/14/2023,Headphone,Electronic,USA,New York,167.21,795.76,655.73,0.05,37.48,Credit Card,Partner,L. Martin,USD
10297,5,2540.475,476.995,2093,Ali Benali,4/3/2025,Headphone,Electronic,USA,New York,447.88,564.55,318.1,0.1,25.1,Crypto,Online,K. Haddad,MAD
10298,2,960.67,-202.14,2013,Mariam Rossi,8/15/2023,Keyboard,Tech,Germany,Berlin,160.49,565.1,490,0.15,22.32,Cash,Online,M. Lopez,USD
10299,2,959.136,171.006,1941,Maria Haddad,2/10/2025,Laptop,Tech,France,Paris,52.14,599.46,363.46,0.2,9.07,PayPal,Partner,Unknown,USD
10300,5,669.9275,32.9075,2538,Sara Dubois,12/28/2024,Laptop,Gadgets,Morocco,Casablanca,84.76,157.63,109.41,0.15,5.21,Credit Card,Online,Unknown,EUR
10301,2,1616.9,231.62,2938,Fatima Rossi,6/8/2023,Mouse,Electronic,France,Paris,226.21,851,578.96,0.05,1.15,Credit Card,Online,Unknown,USD
10302,3,-1817.808,-3147.968,2337,Leo Rahmani,4/27/2023,Smartphone,Electronic,France,Paris,294.28,-757.42,332.15,0.2,39.43,Credit Card,Partner,Unknown,EUR
10303,3,2014.47,817.27,2169,Lucas Haddad,4/10/2025,Headphone,Electronic,France,Paris,231.87,671.49,318.1,0,11.03,Crypto,Online,A. Johnson,MAD
10304,3,3618.06,762.99,2836,Fatima Khan,6/10/2023,Monitor,Tech,Morocco,Casablanca,0,1206.02,944.67,0,21.06,PayPal,Online,S. Rossi,USD
10305,4,-2564.722,-4345.852,1136,Noah Khan,8/24/2024,Headphone,Tech,Germany,Berlin,275.9,-754.33,368.96,0.15,29.39,PayPal,Direct,K. Haddad,USD
10306,1,771.309,-74.461,2648,John Kowalski,5/11/2025,Headphone,Gadgets,France,Paris,41.6,857.01,762.59,0.1,41.58,Bank Transfer,Retail,L. Martin,USD
10307,5,4736.475,-741.405,2449,Sofia Garcia,6/30/2024,Laptop,Gadgets,Spain,Madrid,905.15,1052.55,910.25,0.1,21.48,Credit Card,Online,S. Rossi,EUR
10308,3,1473.4665,106.4865,2097,Noah Kowalski,12/4/2024,Mouse,Gadgets,Germany,Berlin,251.07,577.83,364.53,0.15,22.32,Credit Card,Partner,Unknown,USD
10309,5,5058.3225,282.9425,1791,Nora Dubois,11/9/2023,Headphone,Electronic,Germany,Berlin,942.91,1064.91,762.03,0.05,22.32,Credit Card,Direct,A. Johnson,USD
10310,4,3920.064,1389.534,2592,Fatima Kowalski,6/26/2024,Keyboard,Electronic,USA,New York,273.24,1152.96,552.79,0.15,46.13,Crypto,Partner,A. Johnson,EUR
10311,1,1220.4215,513.6315,2365,Noah Kowalski,8/8/2023,Tablet,Tech,UAE,Dubai,69.18,1435.79,623.82,0.15,13.79,Crypto,Online,L. Martin,EUR
10312,7,9052.379,2444.389,1581,Luis Khan,7/9/2024,Tablet,Tech,USA,New York,1599.72,1361.26,714.35,0.05,7.82,Cash,Retail,K. Haddad,USD
10313,4,265.05,128.93,2556,Leo Ibrahim,7/15/2023,Headphone,Gadgets,Morocco,Casablanca,0,69.75,30.09,0.05,15.76,PayPal,Direct,M. Lopez,EUR
10314,3,1522.0995,-89.3605,2226,Fatima Ibrahim,5/28/2023,Laptop,Tech,Morocco,Casablanca,243.33,534.07,453.91,0.05,6.4,Credit Card,Direct,Unknown,MAD
10315,7,4216.1,253.72,1020,Nora Chen,3/23/2023,Headphone,Tech,USA,New York,523.52,602.3,490.23,0,7.25,Crypto,Direct,A. Johnson,USD
10316,7,1973.034,238.054,1852,Sofia Silva,1/19/2024,Mouse,Electronic,Morocco,Casablanca,190.01,313.18,213.8,0.1,48.37,Cash,Direct,L. Martin,USD
10317,5,802.655,228.855,2016,Maria Rossi,11/23/2023,Keyboard,Electronic,USA,New York,90.46,188.86,89.83,0.15,34.19,Credit Card,Retail,S. Rossi,EUR
10318,1,754.889,268.369,1042,Youssef Silva,11/11/2024,Smartphone,Electronic,Spain,Madrid,83.49,794.62,363.45,0.05,39.58,Credit Card,Online,Unknown,USD
10319,1,783.218,276.378,1852,John Chen,5/31/2024,Headphone,Electronic,UAE,Dubai,96.1,824.44,363.46,0.05,47.28,Credit Card,Retail,Unknown,MAD
10320,1,909.135,134.245,2109,Fatima Kowalski,8/10/2024,Phone,Tech,USA,New York,134.23,1010.15,637.55,0.1,3.11,Credit Card,Online,M. Lopez,EUR
10321,6,6552.792,855.192,1959,Youssef Haddad,2/1/2023,Mouse,Electronic,USA,New York,1100.49,1213.48,764.03,0.1,12.93,Crypto,Direct,K. Haddad,USD
10322,4,2809.658,-169.292,1375,Mariam Rahmani,1/13/2025,Headphone,Electronic,USA,New York,359.38,826.37,643.92,0.15,43.89,Bank Transfer,Direct,Unknown,USD
10323,6,1244.16,238.4,1057,Fatima Silva,3/6/2025,Tablet,Gadgets,USA,New York,146.42,259.2,136.79,0.2,38.6,Bank Transfer,Retail,A. Johnson,MAD
10324,7,5277.636,1650.016,2120,Noah Lopez,7/7/2024,Mouse,Electronic,Germany,Berlin,983.66,837.72,374.52,0.1,22.32,Cash,Online,M. Lopez,EUR
10325,4,4806.2,1414.91,2450,Noah Rahmani,12/9/2024,Keyboard,Electronic,USA,New York,526.79,1201.55,704.07,0,48.22,Cash,Online,S. Rossi,EUR
10326,4,2701.402,516.252,1484,Leo Haddad,8/19/2024,Headphone,Gadgets,Morocco,Casablanca,442.01,794.53,431.88,0.15,15.62,Cash,Retail,K. Haddad,USD
10327,1,575.738,-26.062,1467,Nora Haddad,3/29/2024,Mouse,Electronic,UAE,Dubai,42.43,606.04,519.71,0.05,39.66,Crypto,Online,M. Lopez,EUR
10328,7,5846.022,1858.582,1039,Luis Kowalski,4/30/2024,Keyboard,Gadgets,France,Paris,535.12,927.94,490,0.1,22.32,Bank Transfer,Retail,L. Martin,USD
10329,1,724.168,102.718,1687,Ahmed Haddad,9/10/2024,Smartphone,Electronic,USA,New York,115.79,905.21,490,0.2,15.66,Bank Transfer,Retail,Unknown,EUR
10330,6,5583.84,2116.67,1813,Leo Kowalski,6/5/2025,Tablet,Tech,Morocco,Casablanca,952.27,930.64,411.09,0,48.36,Bank Transfer,Online,S. Rossi,USD
10331,7,4134.648,1321.558,1923,Fatima Silva,4/12/2023,Monitor,Tech,USA,New York,407.06,738.33,340.53,0.2,22.32,PayPal,Partner,S. Rossi,MAD
10332,2,1174.824,365.534,1130,Nora Smith,12/19/2023,Mouse,Gadgets,Morocco,Casablanca,179.78,652.68,314.02,0.1,1.47,Credit Card,Retail,Unknown,EUR
10333,4,4280.256,1073.866,2499,Nora Ibrahim,4/21/2024,Smartphone,Tech,Spain,Madrid,839.01,1337.58,588.14,0.2,14.82,Credit Card,Online,A. Johnson,USD
10334,6,4183.887,-385.243,2473,Youssef Chen,12/30/2023,Monitor,Gadgets,Morocco,Casablanca,829.29,820.37,619.48,0.15,22.96,PayPal,Direct,Unknown,EUR
10335,5,1684.7,-94.59,1985,Luis Lopez,10/4/2023,Mouse,Tech,Germany,Berlin,168.94,396.4,320.94,0.15,5.65,Cash,Online,A. Johnson,USD
10336,2,287.198,20.718,1306,Emma Benali,12/4/2023,Smartphone,Gadgets,Morocco,Casablanca,53.36,168.94,87.84,0.15,37.44,Credit Card,Direct,K. Haddad,EUR
10337,1,664.55,40.85,2674,Leo Smith,5/11/2025,Keyboard,Gadgets,Germany,Berlin,117.11,664.55,457.63,0,48.96,Credit Card,Retail,Unknown,MAD
10338,3,188.2425,13.6525,1935,Ahmed Rossi,9/5/2023,Mouse,Gadgets,UAE,Dubai,18.59,66.05,50.84,0.05,3.48,Bank Transfer,Online,Unknown,USD
10339,7,1871.52,149.04,1854,Leo Lopez,10/1/2024,Headphone,Gadgets,USA,New York,328.56,267.36,194.54,0,32.14,Crypto,Direct,A. Johnson,USD
10340,4,4167.2,1255.17,2652,Ali Kowalski,10/29/2023,Headphone,Tech,UAE,Dubai,229.11,1302.25,661.24,0.2,37.96,Bank Transfer,Partner,Unknown,EUR
10341,4,4713.768,302.598,2230,Maria Smith,7/29/2023,Tablet,Electronic,France,Paris,277.47,1309.38,1025.29,0.1,32.54,Crypto,Retail,A. Johnson,EUR
10342,6,5468.472,730.902,1557,Noah Khan,7/3/2024,Mouse,Electronic,Spain,Madrid,593.13,1012.68,688.85,0.1,11.34,Credit Card,Retail,M. Lopez,MAD
10343,5,3730.68,824.19,1280,John Rahmani,2/28/2024,Phone,Tech,Morocco,Casablanca,422.99,829.04,489.3,0.1,37,Bank Transfer,Online,Unknown,MAD
10344,2,2900.08,1610.26,1946,Lucas Rahmani,6/17/2025,Headphone,Tech,Spain,Madrid,272.12,1450.04,490,0,37.7,Crypto,Direct,Unknown,EUR
10345,1,1262.4,2.82,2398,Sara Lopez,9/24/2024,Mouse,Tech,USA,New York,120.83,1262.4,1124.67,0,14.08,Bank Transfer,Online,M. Lopez,MAD
10346,7,3840.312,880.272,1935,Maria Rossi,4/9/2024,Monitor,Electronic,Morocco,Casablanca,503.48,685.77,349.21,0.2,12.09,Cash,Online,Unknown,MAD
10347,1,642.402,187.782,2000,Mariam Haddad,11/30/2023,Smartphone,Electronic,Morocco,Casablanca,39.27,713.78,393.03,0.1,22.32,Credit Card,Direct,Unknown,USD
10348,6,4621.824,1419.904,2896,Youssef Lopez,9/28/2024,Laptop,Gadgets,Germany,Berlin,821.94,906.24,391.72,0.15,29.66,PayPal,Partner,Unknown,USD
10349,1,1187.008,-101.082,1431,Noah Silva,10/31/2024,Laptop,Electronic,UAE,Dubai,208.58,1483.76,1058.05,0.2,21.46,Cash,Retail,M. Lopez,USD
10350,3,3583.8,-368.09,2299,John Rossi,5/18/2025,Keyboard,Electronic,Spain,Madrid,213.4,1493.25,1236.18,0.2,29.95,Cash,Direct,Unknown,USD
10351,1,1111.6,163.92,1976,Mariam Chen,4/26/2024,Monitor,Electronic,Morocco,Casablanca,167.16,1111.6,736.57,0,43.95,Credit Card,Partner,K. Haddad,USD
10352,1,48.6285,-457.3215,1173,Luis Khan,7/12/2024,Tablet,Electronic,UAE,Dubai,9.07,57.21,490,0.15,6.88,PayPal,Partner,S. Rossi,EUR
10353,3,3218.232,216.512,2811,Ali Ibrahim,5/19/2024,Mouse,Electronic,UAE,Dubai,465.67,1340.93,833.64,0.2,35.13,Bank Transfer,Retail,L. Martin,EUR
10354,4,3471.774,1162.614,2964,Leo Ibrahim,8/1/2024,Keyboard,Tech,USA,New York,373.83,1021.11,475.68,0.15,32.61,Credit Card,Direct,Unknown,USD
10355,2,843.84,155.94,2110,Emma Haddad,9/19/2023,Headphone,Tech,Spain,Madrid,106.27,421.92,268.53,0,44.57,PayPal,Partner,Unknown,USD
10356,2,1055.526,128.686,2490,Mariam Chen,1/15/2024,Laptop,Electronic,Morocco,Casablanca,196.44,555.54,353.46,0.05,23.48,Credit Card,Retail,Unknown,MAD
10357,1,-459.351,-869.861,2875,Nora Dubois,4/3/2025,Mouse,Tech,Spain,Madrid,53.8,-510.39,327.17,0.1,29.54,PayPal,Online,K. Haddad,USD
10358,5,126.675,24.315,1864,Luis Smith,8/24/2024,Smartphone,Tech,USA,New York,22.37,28.15,11.37,0.1,23.14,Credit Card,Retail,S. Rossi,EUR
10359,5,3899.835,1188.045,1232,Ahmed Lopez,2/15/2025,Keyboard,Electronic,Morocco,Casablanca,220.96,866.63,490,0.1,40.83,Bank Transfer,Partner,M. Lopez,USD
10360,1,839.934,259.184,1182,Youssef Kowalski,2/10/2023,Tablet,Gadgets,Morocco,Casablanca,152.85,933.26,426.42,0.1,1.48,PayPal,Retail,M. Lopez,USD
10361,3,207.312,2.092,2643,Noah Lopez,1/19/2023,Tablet,Gadgets,UAE,Dubai,22.64,86.38,54.01,0.2,20.55,Credit Card,Direct,S. Rossi,USD
10362,5,5383.85,623.31,1102,Sara Lopez,9/7/2023,Tablet,Gadgets,Spain,Madrid,934.47,1076.77,758,0,36.07,Crypto,Online,Unknown,MAD
10363,1,769.496,182.346,2712,Emma Silva,11/17/2024,Tablet,Gadgets,UAE,Dubai,134.23,961.87,409.34,0.2,43.58,Credit Card,Online,Unknown,MAD
10364,2,322.048,41.538,2682,Ahmed Kowalski,1/20/2025,Laptop,Tech,USA,New York,33.93,189.44,112.13,0.15,22.32,PayPal,Online,M. Lopez,MAD
10365,4,2833.492,-223.388,1654,Nora Kowalski,2/10/2023,Mouse,Electronic,Morocco,Casablanca,175.75,833.38,708.51,0.15,47.09,Bank Transfer,Retail,Unknown,USD
10366,7,6150.186,345.856,2289,Ahmed Rossi,7/29/2023,Mouse,Tech,USA,New York,855.18,976.22,706.03,0.1,6.94,Cash,Online,A. Johnson,MAD
10367,1,787.6185,-129.0515,1628,Luis Rossi,5/28/2024,Mouse,Gadgets,France,Paris,114.74,926.61,775.43,0.15,26.5,Cash,Partner,A. Johnson,MAD
10368,3,2430.81,888.39,1267,Mariam Smith,2/23/2024,Laptop,Gadgets,UAE,Dubai,374.91,810.27,381.69,0,22.44,PayPal,Online,Unknown,USD
10369,7,4895.856,1452.596,2150,Fatima Ibrahim,8/11/2023,Keyboard,Gadgets,France,Paris,838.19,874.26,368.82,0.2,23.33,Credit Card,Online,Unknown,USD
10370,1,107.757,22.907,1610,Fatima Ibrahim,3/4/2024,Headphone,Tech,France,Paris,0,119.73,71.08,0.1,13.77,Crypto,Retail,L. Martin,USD
10371,5,5505.365,25.555,2474,Mariam Chen,7/14/2023,Keyboard,Gadgets,Morocco,Casablanca,934.58,1295.38,900.47,0.15,42.88,Credit Card,Partner,K. Haddad,USD
10372,7,7206.192,2582.732,2848,Sara Garcia,4/28/2023,Headphone,Electronic,USA,New York,989.62,1143.84,514.08,0.1,35.28,PayPal,Retail,S. Rossi,USD
10373,1,678.47,32.74,2219,Emma Garcia,2/25/2024,Phone,Gadgets,USA,New York,77.74,798.2,523.49,0.15,44.5,PayPal,Online,A. Johnson,USD
10374,1,1349.9785,322.5885,2442,Emma Haddad,3/2/2024,Keyboard,Electronic,USA,New York,198.28,1421.03,809.82,0.05,19.29,Cash,Online,L. Martin,USD
10375,3,1503,235.26,2711,Maria Silva,9/19/2024,Smartphone,Electronic,USA,New York,194.88,626.25,347.95,0.2,29.01,PayPal,Online,S. Rossi,USD
10376,6,3321.216,-467.244,1925,Sofia Garcia,1/11/2024,Tablet,Tech,France,Paris,650.31,691.92,514.88,0.2,48.87,PayPal,Partner,A. Johnson,MAD
10377,3,3906.225,997.935,1362,John Benali,3/23/2024,Laptop,Gadgets,France,Paris,317.69,1446.75,856.63,0.1,20.71,Bank Transfer,Direct,Unknown,USD
10378,3,130.944,-14.446,1484,Youssef Smith,5/2/2023,Tablet,Electronic,France,Paris,12.23,54.56,42.45,0.2,5.81,Crypto,Direct,M. Lopez,USD
10379,2,977.007,45.767,1200,Nora Kowalski,1/4/2024,Laptop,Electronic,Morocco,Casablanca,194.65,574.71,366.09,0.15,4.41,Credit Card,Partner,L. Martin,EUR
10380,3,3461.952,162.042,2301,Lucas Chen,3/9/2023,Keyboard,Electronic,Spain,Madrid,677.2,1442.48,857.9,0.2,49.01,Crypto,Partner,K. Haddad,USD
10381,1,671.592,-24.258,1946,Sara Benali,6/17/2025,Mouse,Electronic,Morocco,Casablanca,117.56,839.49,563.17,0.2,15.12,Credit Card,Online,L. Martin,EUR
10382,5,1309.17,514.79,1138,Leo Rahmani,12/25/2023,Keyboard,Tech,Morocco,Casablanca,111.61,308.04,132.09,0.15,22.32,Credit Card,Direct,K. Haddad,USD
10383,4,1708.704,10.774,2134,Ahmed Rahmani,5/15/2025,Headphone,Gadgets,Morocco,Casablanca,199.25,533.97,368.56,0.2,24.44,Cash,Retail,Unknown,USD
10384,3,3357.1005,132.8605,2784,Ali Smith,10/25/2024,Monitor,Electronic,France,Paris,481.78,1177.93,903.81,0.05,31.03,Cash,Direct,M. Lopez,USD
10385,5,4406.44,1238.73,1163,Sara Haddad,6/4/2025,Keyboard,Tech,Morocco,Casablanca,534.64,1101.61,522.15,0.2,22.32,PayPal,Online,M. Lopez,USD
10386,3,615.3435,23.2835,2708,Maria Ibrahim,7/12/2024,Laptop,Gadgets,Morocco,Casablanca,97.42,215.91,150.38,0.05,43.5,Credit Card,Partner,L. Martin,MAD
10387,5,4495.48,-57.72,2043,Maria Khan,7/11/2024,Smartphone,Electronic,France,Paris,760.33,1123.87,758.23,0.2,1.72,Bank Transfer,Direct,S. Rossi,USD
10388,6,1225.122,135.632,1863,Ali Khan,8/4/2024,Phone,Tech,France,Paris,150.09,240.22,151.66,0.15,29.44,Crypto,Direct,A. Johnson,MAD
10389,2,1345.14,157.6,1760,Sofia Benali,5/13/2024,Headphone,Gadgets,Morocco,Casablanca,170.42,747.3,494.13,0.1,28.86,Bank Transfer,Direct,S. Rossi,EUR
10390,3,3426.6645,257.9845,2774,Youssef Benali,2/10/2025,Smartphone,Tech,USA,New York,596.68,1343.79,843.89,0.15,40.33,Cash,Online,S. Rossi,USD
10391,3,807.585,312.565,1336,Noah Dubois,5/30/2025,Tablet,Electronic,Morocco,Casablanca,40.76,316.7,143.98,0.15,22.32,Crypto,Partner,M. Lopez,EUR
10392,1,1207.593,476.353,2036,Mariam Lopez,5/8/2024,Phone,Tech,USA,New York,141.59,1341.77,578.61,0.1,11.04,Credit Card,Online,Unknown,USD
10393,7,270.424,13.494,2858,Youssef Khan,7/19/2024,Monitor,Electronic,Germany,Berlin,14.76,48.29,30.83,0.2,26.36,Cash,Retail,Unknown,USD
10394,6,5842.92,526.39,1695,Nora Rahmani,10/13/2023,Headphone,Electronic,Spain,Madrid,536.46,973.82,788.7,0,47.87,Credit Card,Direct,Unknown,USD
10395,7,9881.9665,2954.6865,2350,Noah Garcia,6/25/2024,Keyboard,Tech,France,Paris,1722.13,1486.01,743.49,0.05,0.72,Bank Transfer,Online,A. Johnson,USD
10396,1,420.672,-10.388,1647,Emma Ibrahim,7/7/2023,Monitor,Gadgets,Germany,Berlin,21.39,525.84,376.74,0.2,32.93,Credit Card,Retail,S. Rossi,USD
10397,7,9302.65,816.89,2997,Maria Haddad,1/19/2024,Headphone,Electronic,Morocco,Casablanca,1474.21,1328.95,996.74,0,34.37,Credit Card,Online,S. Rossi,EUR
10398,7,741.447,125.987,2996,Fatima Garcia,11/15/2024,Laptop,Electronic,UAE,Dubai,107.37,117.69,67.6,0.1,34.89,Bank Transfer,Direct,Unknown,USD
10399,5,6809.4575,1610.7475,1374,Sara Lopez,6/11/2023,Smartphone,Tech,UAE,Dubai,418.98,1433.57,948,0.05,39.73,Bank Transfer,Retail,L. Martin,EUR
10400,6,452.784,94.664,2950,Youssef Rahmani,5/22/2024,Mouse,Electronic,Morocco,Casablanca,67.93,94.33,41.17,0.2,43.17,Bank Transfer,Online,K. Haddad,EUR
10401,3,-3264.705,-4950.835,2254,Ahmed Khan,7/18/2024,Tablet,Gadgets,Morocco,Casablanca,174.02,-1209.15,490,0.1,42.11,Credit Card,Partner,K. Haddad,EUR
10402,1,774.32,-188.24,2810,Youssef Lopez,11/9/2023,Tablet,Tech,Morocco,Casablanca,63.64,967.9,860.94,0.2,37.98,Credit Card,Retail,Unknown,USD
10403,7,8879.213,1561.713,2479,Maria Khan,7/19/2024,Laptop,Gadgets,France,Paris,1224.26,1335.22,869.95,0.05,3.59,Credit Card,Direct,Unknown,USD
10404,2,642.702,-19.178,1846,Emma Khan,1/22/2023,Keyboard,Gadgets,USA,New York,61.36,378.06,286.18,0.15,28.16,Bank Transfer,Online,A. Johnson,MAD
10405,4,879.548,46.678,2950,Fatima Ibrahim,10/17/2023,Tablet,Tech,Morocco,Casablanca,96.94,231.46,182.31,0.05,6.69,Crypto,Partner,M. Lopez,USD
10406,2,2176.3,772.25,1990,Sofia Garcia,8/29/2023,Keyboard,Tech,Spain,Madrid,212.49,1088.15,583,0,25.56,Cash,Partner,Unknown,EUR
10407,2,2156.52,525.69,1817,Leo Lopez,2/14/2025,Keyboard,Tech,Morocco,Casablanca,128.1,1078.26,751.27,0,0.19,PayPal,Partner,A. Johnson,MAD
10408,5,6000.405,2479.455,1576,Maria Chen,9/10/2024,Headphone,Tech,Spain,Madrid,391.73,1411.86,623.14,0.15,13.52,Crypto,Partner,Unknown,USD
10409,3,3712.0965,304.2465,1140,Lucas Smith,3/24/2023,Phone,Tech,Morocco,Casablanca,682.21,1302.49,893.38,0.05,45.5,Crypto,Online,A. Johnson,MAD
10410,4,3872.998,1448.898,2851,Mariam Haddad,12/29/2024,Mouse,Electronic,Morocco,Casablanca,521.67,1019.21,466.81,0.05,35.19,PayPal,Online,Unknown,MAD
10411,2,406.602,69.442,1928,Noah Lopez,6/19/2024,Headphone,Tech,USA,New York,60.97,225.89,119.07,0.1,38.05,Cash,Retail,Unknown,EUR
10412,1,1020.64,31.28,1978,Leo Silva,12/23/2024,Mouse,Gadgets,Spain,Madrid,67.16,1020.64,889.99,0,32.21,Credit Card,Partner,K. Haddad,MAD
10413,2,297.704,11.204,2378,Noah Chen,10/30/2023,Headphone,Electronic,Germany,Berlin,53.55,175.12,113.7,0.15,5.55,Crypto,Retail,Unknown,EUR
10414,6,6964.56,3605.33,1740,Sara Chen,2/1/2024,Laptop,Electronic,USA,New York,542.56,1160.76,465.98,0,20.79,Crypto,Direct,L. Martin,USD
10415,2,600.75,-3.83,2123,John Chen,9/12/2024,Laptop,Electronic,France,Paris,95.86,333.75,243.2,0.1,22.32,Crypto,Online,L. Martin,MAD
10416,7,5470.8465,1034.0965,2051,Noah Kowalski,11/22/2023,Laptop,Electronic,USA,New York,879.66,919.47,503.55,0.15,32.24,Cash,Online,Unknown,USD
10417,5,5148.25,920.59,2275,Youssef Kowalski,8/23/2023,Phone,Tech,Spain,Madrid,944.87,1029.65,652.88,0,18.39,Cash,Retail,S. Rossi,USD
10418,1,990.8,-78.9,1052,Emma Chen,8/8/2024,Headphone,Tech,USA,New York,89.31,1238.5,979.66,0.2,0.73,Cash,Online,Unknown,USD
10419,5,6841.9,1212.86,2161,Leo Garcia,11/5/2024,Mouse,Tech,UAE,Dubai,0,1368.38,1120.88,0,24.64,Bank Transfer,Partner,L. Martin,USD
10420,7,3027.122,-214.838,1170,Youssef Haddad,2/13/2024,Laptop,Tech,France,Paris,155.86,508.76,433.99,0.15,48.17,Credit Card,Partner,Unknown,USD
10421,4,2068.968,-25.402,1464,Sara Chen,4/14/2023,Keyboard,Tech,UAE,Dubai,186.39,608.52,475.35,0.15,6.58,Cash,Online,M. Lopez,USD
10422,4,740.916,315.976,1744,Ahmed Smith,11/4/2024,Laptop,Electronic,Spain,Madrid,79.57,205.81,84.07,0.1,9.09,Crypto,Online,M. Lopez,MAD
10423,7,321.86,62.02,1518,Sara Rossi,1/25/2025,Mouse,Tech,France,Paris,51.77,45.98,25.14,0,32.09,PayPal,Direct,L. Martin,USD
10424,4,74.8,-7.38,2251,Ali Rossi,9/14/2024,Headphone,Tech,Morocco,Casablanca,0,22,12.1,0.15,33.78,PayPal,Retail,S. Rossi,USD
10425,3,2995.32,12,1643,Mariam Rossi,9/7/2024,Keyboard,Gadgets,Morocco,Casablanca,328.59,1248.05,877.47,0.2,22.32,PayPal,Partner,L. Martin,USD
10426,3,3052.35,-136.7,2102,John Kowalski,5/4/2023,Laptop,Electronic,UAE,Dubai,374.25,1071,930.37,0.05,23.69,Crypto,Online,S. Rossi,USD
10427,2,1410.672,-382.778,1979,Fatima Benali,3/9/2024,Smartphone,Tech,Spain,Madrid,182.84,881.67,789.19,0.2,32.23,Cash,Online,A. Johnson,USD
10428,4,4445.43,1710.09,1361,John Ibrahim,3/16/2024,Tablet,Gadgets,USA,New York,352.86,1169.85,587.84,0.05,31.12,Bank Transfer,Online,Unknown,EUR
10429,2,778.272,98.852,2383,Lucas Lopez,3/9/2023,Headphone,Tech,France,Paris,133.6,486.42,261.75,0.2,22.32,Cash,Retail,K. Haddad,MAD
10430,7,1837.78,310.4,1563,Youssef Garcia,4/12/2023,Mouse,Gadgets,Spain,Madrid,187.05,262.54,189.4,0,14.53,Bank Transfer,Retail,K. Haddad,USD
10431,4,3106.272,1197.502,2905,Noah Khan,1/5/2023,Smartphone,Tech,USA,New York,476.86,817.44,351.76,0.05,24.87,Credit Card,Online,Unknown,EUR
10432,1,648.432,250.082,2761,Emma Lopez,1/15/2023,Keyboard,Gadgets,USA,New York,61.79,682.56,318.85,0.05,17.71,Credit Card,Online,Unknown,USD
10433,2,1949.096,790.686,1301,Leo Dubois,8/11/2023,Headphone,Tech,Morocco,Casablanca,257.34,1025.84,449.44,0.05,2.19,Credit Card,Retail,A. Johnson,EUR
10434,6,6233.568,834.038,2184,Ali Rahmani,12/21/2024,Laptop,Electronic,Morocco,Casablanca,358.41,1298.66,832.01,0.2,49.06,Crypto,Direct,M. Lopez,USD
10435,5,3401.275,308.935,1271,Maria Khan,8/2/2024,Keyboard,Tech,Spain,Madrid,660.17,800.3,476.92,0.15,47.57,Bank Transfer,Retail,M. Lopez,USD
10436,3,3974.643,469.363,1273,Lucas Chen,1/19/2023,Monitor,Tech,Morocco,Casablanca,472.36,1472.09,1008.04,0.1,8.8,PayPal,Direct,Unknown,USD
10437,6,4799.457,-1084.023,1796,Maria Haddad,7/24/2024,Smartphone,Tech,Morocco,Casablanca,837.07,941.07,838.11,0.15,17.75,PayPal,Online,K. Haddad,USD
10438,1,1368.95,127.5,1519,Ahmed Khan,5/21/2023,Tablet,Tech,Germany,Berlin,267.02,1441,952.11,0.05,22.32,Crypto,Online,Unknown,EUR
10439,2,1451.62,129.23,1592,Nora Chen,7/6/2023,Keyboard,Electronic,France,Paris,172.36,725.81,551.01,0,48.01,PayPal,Online,A. Johnson,EUR
10440,2,2324.02,388.42,2571,Sofia Chen,9/4/2024,Mouse,Tech,USA,New York,407.43,1162.01,754.66,0,18.85,Bank Transfer,Partner,Unknown,MAD
10441,4,1362.072,163.532,1321,Youssef Lopez,7/20/2024,Monitor,Electronic,UAE,Dubai,133.82,358.44,257.07,0.05,36.44,Bank Transfer,Online,Unknown,USD
10442,3,949.584,207.004,2676,John Dubois,6/22/2023,Smartphone,Tech,UAE,Dubai,115.98,395.66,206.89,0.2,5.93,Crypto,Retail,Unknown,USD
10443,1,235.2485,-71.2515,2695,Luis Haddad,8/23/2024,Keyboard,Gadgets,UAE,Dubai,46.81,247.63,221.64,0.05,38.05,Bank Transfer,Direct,M. Lopez,USD
10444,1,864.414,422.884,2382,Nora Garcia,8/25/2024,Tablet,Electronic,Germany,Berlin,0,960.46,427.75,0.1,13.78,Credit Card,Online,K. Haddad,EUR
10445,1,1007.7345,205.2245,2105,Nora Rossi,11/20/2023,Keyboard,Tech,Spain,Madrid,137.13,1185.57,623.02,0.15,42.36,PayPal,Online,Unknown,USD
10446,1,258.026,-54.324,1314,Leo Lopez,12/15/2024,Mouse,Electronic,USA,New York,13.97,303.56,260.79,0.15,37.59,PayPal,Retail,L. Martin,USD
10447,5,348.2225,94.9925,2960,John Rossi,1/2/2025,Phone,Tech,USA,New York,52.91,73.31,35.75,0.05,21.57,PayPal,Online,A. Johnson,USD
10448,3,2176.986,230.796,1402,Lucas Rahmani,4/19/2023,Mouse,Gadgets,USA,New York,356.63,853.72,523.97,0.15,17.65,Bank Transfer,Online,M. Lopez,USD
10449,7,7602.336,-1098.604,1131,Nora Rossi,3/1/2025,Phone,Electronic,UAE,Dubai,858.43,1357.56,1117.17,0.2,22.32,Credit Card,Partner,Unknown,MAD
10450,2,2136.88,28.32,1552,Lucas Chen,1/3/2024,Headphone,Gadgets,UAE,Dubai,296.32,1335.55,897.83,0.2,16.58,Credit Card,Direct,Unknown,USD
10451,7,431.928,38.928,1270,Luis Haddad,2/25/2024,Mouse,Tech,USA,New York,26.07,68.56,49.23,0.1,22.32,PayPal,Direct,S. Rossi,USD
10452,1,500.744,-115.756,2559,Maria Benali,6/19/2024,Headphone,Electronic,Morocco,Casablanca,79.62,625.93,504.15,0.2,32.73,Credit Card,Direct,Unknown,EUR
10453,3,1879.632,220.062,1278,Nora Khan,5/26/2025,Laptop,Tech,Spain,Madrid,173.62,783.18,494.69,0.2,1.88,PayPal,Retail,A. Johnson,USD
10454,6,3979.776,216.176,1565,Luis Kowalski,11/22/2023,Keyboard,Electronic,UAE,Dubai,447.67,829.12,552.2,0.2,2.73,Crypto,Direct,M. Lopez,EUR
10455,2,506.928,140.438,2538,Youssef Garcia,1/19/2024,Monitor,Gadgets,USA,New York,48.46,316.83,158.98,0.2,0.07,Bank Transfer,Online,A. Johnson,EUR
10456,7,1908.018,403.728,1750,Mariam Haddad,6/18/2023,Laptop,Tech,Morocco,Casablanca,285.17,302.86,168.1,0.1,42.42,Cash,Retail,K. Haddad,USD
10457,7,5164.6,-1126.59,2434,Emma Lopez,7/25/2023,Keyboard,Gadgets,USA,New York,810.29,922.25,782.09,0.2,6.27,Bank Transfer,Partner,A. Johnson,USD
10458,3,3598.368,394.918,2991,Youssef Haddad,1/22/2025,Tablet,Gadgets,Spain,Madrid,472.72,1499.32,903.9,0.2,19.03,PayPal,Retail,M. Lopez,MAD
10459,7,5202.918,356.698,1253,Maria Smith,6/4/2024,Monitor,Electronic,USA,New York,470.1,825.86,623.24,0.1,13.44,PayPal,Online,K. Haddad,USD
10460,2,1246.372,209.022,2658,Sara Haddad,5/18/2025,Tablet,Electronic,Spain,Madrid,180.5,733.16,425.86,0.15,5.13,Bank Transfer,Partner,L. Martin,MAD
10461,1,1068.56,340.74,2111,Maria Ibrahim,7/13/2023,Keyboard,Tech,Spain,Madrid,202.96,1068.56,490,0,34.86,Credit Card,Partner,S. Rossi,USD
10462,7,4677.211,488.211,2661,Lucas Kowalski,11/9/2023,Headphone,Tech,Germany,Berlin,745.3,703.34,490,0.05,13.7,Credit Card,Retail,Unknown,USD
10463,3,246.8655,26.3955,2538,Mariam Chen,12/3/2023,Monitor,Electronic,Spain,Madrid,48.58,96.81,45.61,0.15,35.06,Credit Card,Retail,M. Lopez,USD
10464,4,4052.64,1524.15,2497,Fatima Lopez,2/21/2025,Keyboard,Tech,USA,New York,0,1013.16,625.79,0,25.33,Bank Transfer,Partner,Unknown,MAD
10465,4,2002.09,870.47,1077,Nora Rahmani,4/5/2025,Tablet,Electronic,USA,New York,137.46,588.85,242.96,0.15,22.32,Crypto,Partner,S. Rossi,USD
10466,1,1237.583,135.613,1924,John Haddad,4/30/2025,Headphone,Electronic,Morocco,Casablanca,165.65,1455.98,901.01,0.15,35.31,Crypto,Online,L. Martin,USD
10467,1,1451.21,687.52,2359,Leo Rahmani,1/25/2024,Keyboard,Tech,Morocco,Casablanca,139.79,1451.21,617.98,0,5.92,Crypto,Partner,M. Lopez,EUR
10468,6,4525.254,660.084,2112,Emma Lopez,10/21/2024,Smartphone,Electronic,USA,New York,823.15,838.01,501.36,0.1,33.86,Credit Card,Direct,A. Johnson,USD
10469,4,1617.372,-102.648,1839,Emma Lopez,6/2/2024,Headphone,Tech,USA,New York,202.54,449.27,375.46,0.1,15.64,Cash,Online,Unknown,USD
10470,7,5456.934,-288.206,1499,Maria Garcia,4/8/2024,Mouse,Gadgets,Spain,Madrid,786.88,866.18,707.16,0.1,8.14,Credit Card,Online,M. Lopez,MAD
10471,1,749.079,190.749,1139,Ahmed Rahmani,2/5/2024,Headphone,Tech,Morocco,Casablanca,58.96,832.31,452.62,0.1,46.75,Credit Card,Retail,Unknown,USD
10472,5,4969.755,1113.675,1049,Sara Dubois,5/29/2025,Headphone,Electronic,Morocco,Casablanca,513.76,1104.39,665.13,0.1,16.67,Bank Transfer,Partner,Unknown,MAD
10473,6,2611.404,758.034,2107,Noah Garcia,11/24/2024,Laptop,Tech,UAE,Dubai,515.25,512.04,219.3,0.15,22.32,Credit Card,Retail,L. Martin,USD
10474,7,6021.414,1531.564,2500,Luis Dubois,1/29/2025,Tablet,Gadgets,Germany,Berlin,1010.33,955.78,490,0.1,49.52,Cash,Direct,M. Lopez,USD
10475,2,2684.852,-58.888,1201,Mariam Rossi,1/17/2023,Mouse,Tech,USA,New York,315.52,1413.08,1211.53,0.05,5.16,Bank Transfer,Retail,L. Martin,MAD
10476,2,300.304,40.614,2491,Mariam Haddad,2/29/2024,Laptop,Electronic,Germany,Berlin,23.57,187.69,112.95,0.2,10.22,Cash,Online,Unknown,USD
10477,1,578.0465,149.0065,2826,Sara Rahmani,7/27/2023,Laptop,Tech,Germany,Berlin,73.71,608.47,323.79,0.05,31.54,Cash,Direct,Unknown,EUR
10478,2,1873.566,761.266,1229,Mariam Haddad,1/20/2023,Mouse,Tech,France,Paris,114.92,1040.87,491.26,0.1,14.86,PayPal,Partner,A. Johnson,EUR
10479,6,5668.812,871.252,2437,Nora Haddad,11/5/2023,Tablet,Electronic,Morocco,Casablanca,834.88,1049.78,660.32,0.1,0.76,Cash,Partner,Unknown,MAD
10480,3,1717.26,262.86,1559,Emma Ibrahim,11/22/2023,Tablet,Electronic,Morocco,Casablanca,267.88,572.42,390.29,0,15.65,Cash,Direct,A. Johnson,EUR
10481,4,1323.62,414.42,2177,Nora Garcia,9/23/2023,Keyboard,Tech,Spain,Madrid,254.15,389.3,156.11,0.15,30.61,Credit Card,Online,K. Haddad,MAD
10482,3,2997.189,-324.561,1867,Lucas Dubois,9/1/2024,Laptop,Tech,Germany,Berlin,497.07,1110.07,934.12,0.1,22.32,Cash,Online,A. Johnson,USD
10483,6,6159.42,1747.3,2030,Sara Dubois,3/27/2025,Tablet,Gadgets,Morocco,Casablanca,664.24,1026.57,620.13,0,27.1,Bank Transfer,Retail,Unknown,MAD
10484,3,3449.328,361.848,1927,Nora Dubois,3/10/2025,Headphone,Gadgets,USA,New York,491.83,1437.22,861.64,0.2,10.73,Crypto,Online,L. Martin,MAD
10485,6,973.56,-2074.37,2530,Lucas Silva,12/7/2023,Keyboard,Electronic,France,Paris,62.2,170.8,490,0.05,45.73,Cash,Retail,A. Johnson,MAD
10486,4,4661.1,-277.1,2945,Emma Garcia,9/5/2023,Mouse,Gadgets,UAE,Dubai,738.86,1294.75,1046.97,0.1,11.46,PayPal,Partner,M. Lopez,USD
10487,3,2457.639,712.209,1038,Maria Silva,1/4/2024,Phone,Tech,Morocco,Casablanca,198.09,963.78,502.14,0.15,40.92,Bank Transfer,Retail,A. Johnson,MAD
10488,7,7793.17,3969.64,1068,Ahmed Dubois,10/26/2023,Headphone,Tech,USA,New York,640.29,1113.31,452.98,0,12.38,Credit Card,Partner,L. Martin,USD
10489,3,1992.8055,88.4555,2551,Maria Rossi,12/4/2023,Laptop,Tech,France,Paris,278.13,699.23,535.87,0.05,18.61,Credit Card,Direct,Unknown,EUR
10490,7,7944.111,-164.429,1318,Fatima Chen,8/11/2024,Phone,Tech,Morocco,Casablanca,985.27,1260.97,1011.99,0.1,39.34,Bank Transfer,Online,A. Johnson,USD
10491,3,2518.668,18.278,1690,John Rossi,5/8/2024,Headphone,Gadgets,Germany,Berlin,322.94,932.84,719.63,0.1,18.56,Cash,Online,A. Johnson,EUR
10492,1,325.2,-36.36,1864,Maria Haddad,11/24/2024,Mouse,Gadgets,Germany,Berlin,58.46,325.2,260.11,0,42.99,Crypto,Online,Unknown,MAD
10493,2,1896.528,24.648,1122,Sofia Khan,7/7/2023,Smartphone,Tech,UAE,Dubai,343.38,1185.33,743.41,0.2,41.68,Cash,Partner,A. Johnson,USD
10494,4,2760.256,875.946,1062,Sara Dubois,10/23/2024,Monitor,Electronic,Spain,Madrid,311.66,811.84,383.35,0.15,39.25,Credit Card,Online,Unknown,USD
10495,2,83.888,-6.252,1087,Youssef Smith,4/15/2025,Laptop,Tech,UAE,Dubai,10.1,52.43,28.86,0.2,22.32,PayPal,Online,M. Lopez,USD
10496,4,668.724,112.494,2637,Emma Khan,2/7/2023,Laptop,Tech,Morocco,Casablanca,0,175.98,137.66,0.05,5.59,Credit Card,Online,L. Martin,USD
10497,5,497.32,69.08,1962,Lucas Kowalski,9/12/2024,Phone,Electronic,Morocco,Casablanca,80.57,124.33,61.27,0.2,41.32,Cash,Online,M. Lopez,USD
10498,3,467.772,52.142,1282,Noah Rossi,11/8/2023,Laptop,Tech,USA,New York,88.26,183.44,99.9,0.15,27.67,Crypto,Direct,S. Rossi,USD
10499,1,465.9615,54.6215,2772,Luis Dubois,11/7/2023,Monitor,Tech,UAE,Dubai,84.29,548.19,316.25,0.15,10.8,Credit Card,Retail,Unknown,USD
10500,7,9510.6305,5060.6505,1313,Maria Rahmani,3/17/2025,Keyboard,Electronic,USA,New York,1008.39,1430.17,490,0.05,11.59,PayPal,Online,M. Lopez,USD
10501,1,154.62,2.88,2062,Noah Chen,10/23/2024,Smartphone,Electronic,Morocco,Casablanca,26.96,171.8,102.46,0.1,22.32,Credit Card,Online,S. Rossi,MAD
10502,1,1291.05,184.01,2999,Sara Rossi,2/18/2024,Laptop,Tech,USA,New York,131.32,1291.05,953.4,0,22.32,Bank Transfer,Partner,A. Johnson,USD
10503,1,31.688,-15.882,1671,Ali Rossi,7/11/2024,Mouse,Tech,Spain,Madrid,3.54,39.61,21.71,0.2,22.32,Cash,Online,L. Martin,EUR
10504,4,1439.24,520.52,1596,Leo Benali,3/25/2024,Keyboard,Electronic,Germany,Berlin,231.85,359.81,165.07,0,26.59,Credit Card,Retail,Unknown,USD
10505,4,3128.4,1269.6,1637,Sara Khan,8/23/2023,Headphone,Gadgets,Morocco,Casablanca,318.42,782.1,375.94,0,36.62,Credit Card,Direct,L. Martin,EUR
10506,3,962.5485,166.2285,1673,Ali Khan,12/13/2024,Smartphone,Electronic,France,Paris,132.18,377.47,217.85,0.15,10.59,Bank Transfer,Direct,Unknown,MAD
10507,3,1034.424,-567.986,2405,Sofia Haddad,2/16/2024,Laptop,Tech,USA,New York,103.81,383.12,490,0.1,28.6,Credit Card,Partner,L. Martin,EUR
10508,3,2532.54,638.6,1329,Youssef Dubois,6/24/2023,Smartphone,Tech,Morocco,Casablanca,332.11,844.18,513.17,0,22.32,Credit Card,Retail,K. Haddad,USD
10509,2,493.398,45.258,2920,John Benali,4/3/2023,Smartphone,Tech,Morocco,Casablanca,65.13,274.11,178.19,0.1,26.63,Cash,Retail,M. Lopez,EUR
10510,5,4204.04,342.09,1639,Mariam Haddad,5/5/2025,Tablet,Electronic,UAE,Dubai,422.85,1051.01,680.9,0.2,34.6,Crypto,Retail,L. Martin,USD
10511,7,1191.582,38.662,1816,Sara Benali,4/13/2023,Smartphone,Gadgets,USA,New York,96.1,189.14,147.98,0.1,20.96,Credit Card,Direct,L. Martin,EUR
10512,1,832.302,-66.258,2230,Mariam Chen,6/24/2024,Headphone,Electronic,Morocco,Casablanca,100.82,924.78,766.32,0.1,31.42,Cash,Online,M. Lopez,USD
10513,2,671.228,224.388,2847,Emma Haddad,4/12/2025,Headphone,Tech,Morocco,Casablanca,103.77,394.84,159.91,0.15,23.25,Cash,Online,M. Lopez,EUR
10514,6,6847.848,1300.888,2222,Ali Dubois,12/18/2024,Keyboard,Electronic,UAE,Dubai,635.66,1268.12,814.83,0.1,22.32,Bank Transfer,Direct,K. Haddad,EUR
10515,5,1165.96,-1447.54,1138,Emma Dubois,11/23/2024,Tablet,Tech,Morocco,Casablanca,143.01,291.49,490,0.2,20.49,PayPal,Online,K. Haddad,USD
10516,1,1148.778,100.378,1533,Luis Benali,6/1/2024,Laptop,Electronic,Spain,Madrid,0,1209.24,1028.93,0.05,19.47,PayPal,Online,K. Haddad,MAD
10517,1,951.796,-129.764,1684,Youssef Ibrahim,3/23/2023,Monitor,Tech,USA,New York,140.15,1119.76,922.64,0.15,18.77,Bank Transfer,Direct,Unknown,USD
10518,5,5936.16,1303.39,2756,Ali Benali,11/19/2023,Smartphone,Electronic,Morocco,Casablanca,794.61,1484.04,765.43,0.2,11.01,Crypto,Partner,K. Haddad,USD
10519,6,5606.277,258.067,2907,Fatima Rossi,4/22/2025,Tablet,Gadgets,USA,New York,670.71,1099.27,774.11,0.15,32.84,Crypto,Online,S. Rossi,MAD
10520,3,3976.7475,1881.6075,1560,Sara Ibrahim,12/14/2023,Monitor,Tech,UAE,Dubai,593.54,1395.35,490,0.05,31.6,PayPal,Direct,Unknown,USD
10521,2,2327.52,411.66,2224,Fatima Rossi,9/7/2023,Laptop,Tech,Morocco,Casablanca,319.22,1163.76,784.62,0,27.4,Credit Card,Direct,S. Rossi,USD
10522,5,2287.775,105.915,1484,Fatima Lopez,7/30/2023,Keyboard,Gadgets,Spain,Madrid,162.54,538.3,397.66,0.15,31.02,Bank Transfer,Partner,M. Lopez,USD
10523,5,2516.85,65.38,2465,Nora Benali,2/5/2024,Phone,Electronic,Germany,Berlin,273.36,592.2,433.04,0.15,12.91,Cash,Online,L. Martin,EUR
10524,7,5377.5505,-216.7995,2780,Ahmed Rossi,4/14/2024,Laptop,Tech,France,Paris,956.6,903.79,657.12,0.15,37.91,Cash,Online,Unknown,USD
10525,4,2597.04,185.89,2260,Youssef Chen,1/21/2024,Headphone,Tech,Morocco,Casablanca,202.07,721.4,546.96,0.1,21.24,Bank Transfer,Partner,Unknown,EUR
10526,4,4368.12,368.44,2201,Nora Haddad,1/31/2024,Headphone,Gadgets,Germany,Berlin,601.49,1092.03,844,0,22.19,Bank Transfer,Partner,Unknown,USD
10527,7,6972.56,760.5,1677,Sofia Dubois,8/10/2023,Tablet,Electronic,Germany,Berlin,624.81,996.08,794.99,0,22.32,Crypto,Partner,S. Rossi,MAD
10528,5,2126.19,501.79,2645,Maria Ibrahim,2/19/2025,Phone,Tech,Morocco,Casablanca,254.01,500.28,267.53,0.15,32.74,Crypto,Partner,M. Lopez,USD
10529,7,2449.377,11.557,1886,Maria Haddad,4/17/2025,Headphone,Electronic,USA,New York,292.04,411.66,300.92,0.15,39.34,Credit Card,Partner,K. Haddad,EUR
10530,2,1792.548,399.348,2700,Youssef Smith,7/28/2024,Keyboard,Gadgets,Spain,Madrid,148.04,1054.44,615.98,0.15,13.2,Credit Card,Partner,Unknown,EUR
10531,5,5284.76,1035.59,2837,Ali Smith,11/20/2024,Laptop,Tech,France,Paris,763.68,1321.19,689.26,0.2,39.19,Crypto,Retail,Unknown,EUR
10532,1,1079.136,-188.754,1076,Mariam Benali,8/18/2023,Keyboard,Electronic,USA,New York,124.6,1348.92,1138.57,0.2,4.72,Credit Card,Online,S. Rossi,MAD
10533,3,3301.614,-162.126,1298,Luis Rahmani,3/9/2025,Keyboard,Tech,USA,New York,659.77,1222.82,921.3,0.1,40.07,Bank Transfer,Online,Unknown,EUR
10534,5,5804.415,-795.755,2423,Ali Rahmani,9/10/2023,Mouse,Electronic,UAE,Dubai,787.51,1289.87,1159.35,0.1,15.91,Crypto,Partner,A. Johnson,MAD
10535,3,143.613,18.313,2949,Youssef Benali,5/22/2024,Monitor,Gadgets,USA,New York,0,53.19,30.86,0.1,32.72,Credit Card,Partner,Unknown,EUR
10536,3,123.405,9.235,2379,Ahmed Dubois,11/25/2024,Smartphone,Electronic,France,Paris,19.24,43.3,17.69,0.05,41.86,Crypto,Online,L. Martin,USD
10537,3,66.984,-46.876,1137,Sofia Khan,12/5/2023,Smartphone,Electronic,USA,New York,12.03,27.91,24.26,0.2,29.05,Bank Transfer,Direct,K. Haddad,EUR
10538,5,4582.42,158.32,1938,Fatima Smith,10/26/2024,Keyboard,Electronic,France,Paris,715.36,964.72,739.46,0.05,11.44,Credit Card,Retail,L. Martin,USD
10539,3,3719.9625,1024.0125,2732,Ali Haddad,7/10/2023,Keyboard,Electronic,Germany,Berlin,376.78,1305.25,769.53,0.05,10.58,Bank Transfer,Online,K. Haddad,USD
10540,3,2027.19,471.18,2701,Ali Chen,1/14/2023,Phone,Tech,USA,New York,241.59,675.73,437.25,0,2.67,PayPal,Direct,L. Martin,EUR
10541,3,3569.8815,1116.8115,2098,Luis Dubois,10/4/2023,Monitor,Gadgets,Morocco,Casablanca,237.43,1252.59,728.02,0.05,31.58,Credit Card,Online,A. Johnson,MAD
10542,7,7297.57,1356.17,1917,Sofia Dubois,4/30/2025,Tablet,Tech,Spain,Madrid,441.28,1042.51,780.39,0,37.39,Cash,Retail,M. Lopez,USD
10543,7,5396.4715,1941.6615,2777,Youssef Rossi,12/21/2024,Keyboard,Tech,USA,New York,304.1,906.97,444.12,0.15,41.87,Credit Card,Online,Unknown,USD
10544,6,658.2,34.36,2066,Mariam Haddad,7/26/2023,Headphone,Electronic,Morocco,Casablanca,93.11,109.7,81.47,0,41.91,Bank Transfer,Partner,Unknown,USD
10545,6,5277.684,-689.996,2117,Luis Ibrahim,1/13/2023,Headphone,Gadgets,USA,New York,650.6,1034.84,884.9,0.15,7.68,Credit Card,Online,Unknown,MAD
10546,5,5956.5475,471.9375,1875,Youssef Lopez,3/21/2025,Laptop,Electronic,Morocco,Casablanca,959.51,1254.01,904.5,0.05,2.6,Bank Transfer,Online,Unknown,USD
10547,5,2747.795,787.705,2167,Ahmed Silva,4/9/2025,Laptop,Tech,France,Paris,500.5,646.54,285.95,0.15,29.84,Credit Card,Online,Unknown,USD
10548,5,6591.42,3042.62,1087,Maria Lopez,9/13/2023,Laptop,Tech,Spain,Madrid,1058.67,1464.76,490,0.1,40.13,Bank Transfer,Online,A. Johnson,USD
10549,3,950.46,307.98,1630,John Garcia,4/4/2025,Smartphone,Gadgets,USA,New York,136.29,316.82,160.98,0,23.25,Bank Transfer,Partner,Unknown,MAD
10550,7,6951.6825,2698.8025,2654,Sofia Benali,9/25/2023,Headphone,Tech,USA,New York,417.47,1168.35,542.08,0.15,40.85,Credit Card,Partner,Unknown,USD
10551,2,2534.742,853.052,2094,Leo Silva,12/30/2023,Headphone,Electronic,UAE,Dubai,426.88,1408.19,623.2,0.1,8.41,Bank Transfer,Retail,A. Johnson,MAD
10552,3,2035.698,739.688,1782,Sofia Rahmani,4/29/2024,Tablet,Electronic,Morocco,Casablanca,124.63,714.28,381.63,0.05,26.49,Bank Transfer,Online,Unknown,USD
10553,5,4860.9375,-671.3125,1359,Lucas Chen,4/20/2023,Mouse,Gadgets,USA,New York,446.02,1143.75,1010.94,0.15,31.53,Cash,Partner,M. Lopez,USD
10554,5,1547.4675,-1065.5125,1636,Ahmed Chen,1/13/2023,Keyboard,Electronic,Spain,Madrid,159.85,364.11,490,0.15,3.13,PayPal,Partner,Unknown,MAD
10555,5,1290.9075,-1.5825,1382,Maria Rahmani,5/5/2025,Phone,Gadgets,Morocco,Casablanca,130.89,271.77,230.77,0.05,7.75,Cash,Direct,A. Johnson,MAD
10556,7,1045.17,-48.33,1095,Mariam Chen,7/9/2023,Monitor,Tech,France,Paris,140.59,165.9,135.15,0.1,6.86,PayPal,Direct,M. Lopez,USD
10557,6,6346.188,2091.118,2851,Youssef Smith,3/21/2024,Headphone,Electronic,France,Paris,320.3,1175.22,648.5,0.1,43.77,Crypto,Retail,L. Martin,EUR
10558,1,700.18,184.51,1180,Leo Lopez,7/3/2023,Smartphone,Tech,Morocco,Casablanca,110.12,700.18,387.36,0,18.19,Crypto,Online,L. Martin,MAD
10559,6,5902.254,212.764,2936,Youssef Kowalski,2/3/2024,Tablet,Electronic,Morocco,Casablanca,1173.17,1093.01,751.06,0.1,9.96,PayPal,Retail,Unknown,EUR
10560,7,5713.89,85.87,1039,Nora Chen,10/21/2024,Phone,Tech,USA,New York,941.5,816.27,669.39,0,0.79,Credit Card,Direct,S. Rossi,MAD
10561,5,3163.275,-115.075,2234,Maria Silva,3/19/2024,Mouse,Tech,Germany,Berlin,387.43,744.3,573.72,0.15,22.32,PayPal,Direct,Unknown,USD
10562,7,1149.421,-106.599,1223,Ahmed Rossi,4/9/2025,Mouse,Tech,Germany,Berlin,129.22,193.18,154.52,0.15,45.16,Crypto,Online,K. Haddad,USD
10563,5,6426.63,1890.4,1187,Ali Rahmani,5/7/2025,Phone,Electronic,Spain,Madrid,1031.06,1428.14,696.57,0.1,22.32,Cash,Online,L. Martin,USD
10564,6,5845.32,1886.4,2210,Fatima Dubois,4/30/2024,Tablet,Tech,Morocco,Casablanca,942.5,974.22,501.64,0,6.58,Credit Card,Partner,Unknown,USD
10565,4,952.74,-10.92,1737,Maria Garcia,12/20/2024,Tablet,Gadgets,France,Paris,73.77,264.65,218.9,0.1,14.29,Crypto,Online,Unknown,EUR
10566,5,4366.95,1137.03,2567,Ahmed Garcia,9/2/2024,Headphone,Electronic,Morocco,Casablanca,732.98,873.39,490,0,46.94,Cash,Direct,S. Rossi,USD
10567,3,1246.728,-178.552,2725,Maria Chen,11/4/2023,Mouse,Electronic,Spain,Madrid,211.18,519.47,397.26,0.2,22.32,Bank Transfer,Online,A. Johnson,USD
10568,1,45.88,-5.77,2510,Leo Chen,1/18/2024,Laptop,Electronic,Spain,Madrid,8.31,57.35,30.18,0.2,13.16,Crypto,Online,M. Lopez,MAD
10569,5,4713.75,726.6,1716,Noah Rossi,12/3/2023,Phone,Gadgets,Morocco,Casablanca,679.25,942.75,660.06,0,7.6,Cash,Direct,M. Lopez,USD
10570,1,798.399,262.859,2754,Leo Benali,4/19/2023,Phone,Gadgets,France,Paris,68.31,840.42,420,0.05,47.23,Cash,Online,K. Haddad,USD
10571,3,893.904,-175.516,2496,Mariam Dubois,12/1/2024,Mouse,Electronic,France,Paris,107.22,372.46,318.16,0.2,7.72,Crypto,Retail,Unknown,MAD
10572,2,1832.688,-15.712,2756,Leo Haddad,8/26/2023,Headphone,Tech,USA,New York,303.16,1145.43,751.93,0.2,41.38,Cash,Online,Unknown,USD
10573,5,5090.55,422.62,1627,Luis Haddad,5/23/2023,Mouse,Electronic,Germany,Berlin,644.4,1018.11,795.6,0,45.53,Credit Card,Online,M. Lopez,MAD
10574,2,1980.262,676.472,2848,Lucas Lopez,11/4/2023,Monitor,Tech,Spain,Madrid,181.73,1164.86,537.82,0.15,46.42,PayPal,Direct,L. Martin,USD
10575,7,1714.4365,805.6365,2823,Ahmed Rahmani,2/21/2025,Phone,Electronic,USA,New York,141.14,257.81,106.34,0.05,23.28,Crypto,Retail,Unknown,USD
10576,5,833.22,77.9,2344,Noah Lopez,4/17/2023,Headphone,Tech,France,Paris,63.35,185.16,130.38,0.1,40.07,PayPal,Online,Unknown,USD
10577,6,613.08,100.76,1505,Maria Ibrahim,1/2/2025,Headphone,Gadgets,Morocco,Casablanca,50.04,102.18,69.91,0,42.82,Crypto,Retail,S. Rossi,USD
10578,7,7797.944,844.894,1498,Ali Smith,4/1/2025,Keyboard,Electronic,USA,New York,1266.49,1392.49,811.74,0.2,4.38,Crypto,Direct,Unknown,USD
10579,1,366.95,118.16,2473,Noah Benali,3/4/2023,Phone,Electronic,UAE,Dubai,36.63,366.95,210.09,0,2.07,Bank Transfer,Retail,K. Haddad,USD
10580,7,2601.459,-1081.021,2051,Leo Garcia,7/3/2024,Headphone,Tech,Morocco,Casablanca,205.12,412.93,490,0.1,47.36,Bank Transfer,Retail,K. Haddad,USD
10581,3,2308.11,767.04,1057,John Kowalski,9/26/2023,Tablet,Tech,Germany,Berlin,212.91,769.37,442.55,0,0.51,Bank Transfer,Online,A. Johnson,USD
10582,1,958.716,104.226,2378,Ali Garcia,1/19/2025,Tablet,Electronic,Morocco,Casablanca,92.79,1065.24,757.75,0.1,3.95,Bank Transfer,Retail,L. Martin,MAD
10583,3,3831.93,1380.72,1967,Sofia Ibrahim,4/16/2024,Tablet,Electronic,UAE,Dubai,729.3,1277.31,567.76,0,18.63,Bank Transfer,Online,A. Johnson,EUR
10584,4,1066.818,341.838,2398,Maria Dubois,10/15/2024,Tablet,Gadgets,Morocco,Casablanca,97.02,313.77,151.38,0.15,22.44,Cash,Partner,M. Lopez,USD
10585,7,5068.9625,1312.8925,1915,John Chen,12/26/2023,Keyboard,Electronic,USA,New York,941.38,762.25,398.91,0.05,22.32,Bank Transfer,Online,K. Haddad,USD
10586,2,508.032,115.762,1463,Ahmed Benali,4/23/2023,Headphone,Electronic,Germany,Berlin,83.09,282.24,154.42,0.1,0.34,Credit Card,Direct,L. Martin,EUR
10587,4,4940.532,1292.292,1433,Maria Haddad,5/1/2025,Tablet,Electronic,Germany,Berlin,881.49,1300.14,682.22,0.05,37.87,Credit Card,Online,S. Rossi,USD
10588,4,1938.16,221.35,2601,Ali Rossi,10/31/2024,Laptop,Gadgets,USA,New York,224.84,484.54,361.24,0,47.01,PayPal,Partner,M. Lopez,MAD
10589,5,2625.36,-485.87,2504,Sofia Benali,6/2/2025,Headphone,Tech,Germany,Berlin,420.68,656.34,535.23,0.2,14.4,PayPal,Online,A. Johnson,USD
10590,7,9980.95,4531.94,1888,Sofia Ibrahim,6/8/2025,Mouse,Tech,UAE,Dubai,745.19,1425.85,668.07,0,27.33,Credit Card,Retail,Unknown,USD
10591,1,73.9245,-8.8055,1660,Fatima Ibrahim,1/8/2025,Tablet,Electronic,Spain,Madrid,10.14,86.97,44.26,0.15,28.33,Cash,Retail,A. Johnson,EUR
10592,7,7019.341,1809.611,2008,Leo Silva,12/12/2024,Headphone,Tech,Morocco,Casablanca,695.05,1055.54,639.05,0.05,41.33,Cash,Online,M. Lopez,MAD
10593,5,4697.52,1448.03,1055,Sara Ibrahim,3/18/2024,Smartphone,Tech,Morocco,Casablanca,561.81,1174.38,527.73,0.2,49.03,Bank Transfer,Partner,L. Martin,MAD
10594,5,1685.7275,-122.7825,2723,John Chen,3/29/2025,Monitor,Tech,Germany,Berlin,271.12,354.89,300.89,0.05,32.94,Credit Card,Retail,M. Lopez,USD
10595,4,1120.416,-1003.374,2982,Luis Haddad,3/20/2024,Headphone,Electronic,France,Paris,151.48,350.13,490,0.2,12.31,Cash,Online,K. Haddad,USD
10596,4,5607.584,1834.474,2518,Nora Kowalski,11/4/2024,Headphone,Tech,USA,New York,643.11,1475.68,781.87,0.05,2.52,Credit Card,Online,A. Johnson,USD
10597,4,193.056,-22.974,2856,Mariam Rahmani,1/30/2025,Keyboard,Gadgets,France,Paris,27.43,60.33,39.93,0.2,28.88,Bank Transfer,Retail,S. Rossi,EUR
10598,6,7282.764,243.334,1007,Emma Haddad,12/2/2024,Tablet,Electronic,Morocco,Casablanca,747.38,1348.66,1041.96,0.1,40.29,PayPal,Online,K. Haddad,EUR
10599,1,844.82,325.05,1428,Ahmed Garcia,2/12/2025,Tablet,Electronic,Morocco,Casablanca,87.65,844.82,403.84,0,28.28,Credit Card,Direct,A. Johnson,USD
10600,6,2802.576,-338.854,2776,Nora Smith,2/19/2024,Phone,Electronic,Spain,Madrid,301.81,583.87,469.55,0.2,22.32,Credit Card,Online,L. Martin,MAD
10601,5,1289.16,359.46,2840,Nora Rossi,2/11/2024,Phone,Tech,UAE,Dubai,245.02,322.29,131.62,0.2,26.58,Crypto,Direct,A. Johnson,USD
10602,2,2532.456,564.156,1145,Leo Dubois,1/23/2024,Phone,Electronic,France,Paris,375.97,1406.92,782.11,0.1,28.11,PayPal,Retail,Unknown,USD
10603,6,6479.04,2092.5,1018,Maria Benali,7/28/2024,Laptop,Tech,UAE,Dubai,437.04,1270.4,650.43,0.15,46.92,Credit Card,Online,L. Martin,EUR
10604,4,3556.876,13.436,2951,Ahmed Rahmani,5/2/2023,Keyboard,Tech,Germany,Berlin,471.64,1046.14,757.53,0.15,41.68,PayPal,Online,Unknown,USD
10605,5,3175.375,105.615,1799,Ahmed Khan,6/13/2023,Phone,Tech,Morocco,Casablanca,209.2,668.5,567.98,0.05,20.66,Crypto,Online,M. Lopez,USD
10606,2,1387.064,276.964,2743,Emma Dubois,1/1/2025,Tablet,Tech,UAE,Dubai,185.1,815.92,439.82,0.15,45.36,Bank Transfer,Direct,S. Rossi,USD
10607,4,2049.248,472.588,1770,Ali Silva,1/27/2025,Keyboard,Electronic,Spain,Madrid,320.74,640.39,310.01,0.2,15.88,PayPal,Direct,S. Rossi,EUR
10608,7,6174.56,-1716.9,1582,Leo Chen,5/18/2024,Phone,Tech,Morocco,Casablanca,1083.48,1102.6,969.25,0.2,23.23,Bank Transfer,Retail,M. Lopez,EUR
10609,7,6050.583,836.533,2253,Ali Ibrahim,10/19/2024,Laptop,Tech,UAE,Dubai,385.46,960.41,686.61,0.1,22.32,Cash,Retail,A. Johnson,EUR
10610,2,1738.437,246.617,2405,Leo Dubois,6/22/2023,Phone,Electronic,Morocco,Casablanca,202.68,1022.61,628.12,0.15,32.9,Bank Transfer,Online,S. Rossi,USD
10611,6,4180.164,-323.196,1918,Sara Haddad,1/6/2023,Monitor,Electronic,USA,New York,446.68,819.64,674.02,0.15,12.56,Cash,Online,L. Martin,MAD
10612,2,778.52,162.79,2235,Noah Dubois,1/6/2023,Phone,Electronic,USA,New York,74.95,389.26,262.26,0,16.26,Cash,Direct,Unknown,USD
10613,3,2289.384,-254.606,2411,Leo Dubois,3/27/2024,Phone,Electronic,UAE,Dubai,450.44,847.92,690.41,0.1,22.32,Cash,Online,A. Johnson,EUR
10614,1,988.191,138.431,1149,Sara Lopez,5/29/2025,Smartphone,Gadgets,France,Paris,189.75,1097.99,629.04,0.1,30.97,Credit Card,Direct,Unknown,USD
10615,5,6314.1825,2728.7925,2293,Sofia Chen,8/13/2023,Headphone,Tech,France,Paris,496.74,1485.69,613.42,0.15,21.55,Crypto,Online,K. Haddad,USD
10616,3,3804.354,1009.314,2092,John Kowalski,2/16/2023,Mouse,Tech,Morocco,Casablanca,696.45,1409.02,691.25,0.1,24.84,Crypto,Online,Unknown,EUR
10617,7,3569.72,906.27,1494,Ahmed Silva,1/25/2023,Monitor,Gadgets,UAE,Dubai,481.24,637.45,306.05,0.2,39.86,Bank Transfer,Online,Unknown,USD
10618,2,289.02,83.1,2378,Lucas Rahmani,4/26/2023,Tablet,Electronic,USA,New York,16.72,144.51,86.21,0,16.78,Credit Card,Partner,A. Johnson,USD
10619,2,585.664,158.344,1902,Sofia Khan,5/17/2024,Laptop,Electronic,Morocco,Casablanca,112.59,366.04,150.75,0.2,13.23,Bank Transfer,Retail,A. Johnson,USD
10620,6,7439.925,-747.875,2018,Nora Rahmani,11/27/2023,Phone,Tech,UAE,Dubai,1406.42,1305.25,1126.73,0.05,21,PayPal,Online,L. Martin,USD
10621,3,1714.218,621.748,1952,Leo Garcia,12/30/2023,Headphone,Tech,Morocco,Casablanca,329.15,601.48,249.21,0.05,15.69,Crypto,Online,K. Haddad,USD
10622,7,445.648,-4.252,2781,Ahmed Ibrahim,10/3/2024,Laptop,Tech,USA,New York,60.13,79.58,55.24,0.2,3.09,Cash,Partner,M. Lopez,USD
10623,3,2728.4235,657.6335,2789,Ahmed Rahmani,7/8/2024,Smartphone,Tech,USA,New York,310.82,1069.97,573.23,0.15,40.28,Bank Transfer,Retail,A. Johnson,EUR
10624,5,1959.92,535.26,1803,Mariam Haddad,3/6/2025,Laptop,Electronic,Spain,Madrid,124.43,489.98,259.54,0.2,2.53,Bank Transfer,Direct,M. Lopez,MAD
10625,7,8702.323,3317.373,2203,Sara Lopez,5/4/2023,Phone,Electronic,UAE,Dubai,1300.3,1308.62,578.1,0.05,37.95,Crypto,Partner,K. Haddad,USD
10626,5,2188.3675,447.9575,1617,Youssef Rahmani,1/21/2023,Keyboard,Gadgets,Morocco,Casablanca,162.39,514.91,307.55,0.15,40.27,Crypto,Online,A. Johnson,EUR
10627,3,4103.97,948.37,2187,Sara Rahmani,6/16/2025,Tablet,Tech,USA,New York,370.29,1367.99,921.63,0,20.42,Crypto,Direct,A. Johnson,USD
10628,2,166.224,50.444,1033,Ahmed Kowalski,10/14/2024,Tablet,Electronic,UAE,Dubai,16.73,103.89,43.36,0.2,12.33,Credit Card,Online,Unknown,MAD
10629,6,2063.205,-188.345,1840,Youssef Rossi,1/12/2025,Keyboard,Tech,USA,New York,199.69,404.55,341.05,0.15,5.56,PayPal,Online,M. Lopez,USD
10630,6,2255.94,429.31,2311,Ali Lopez,1/23/2024,Keyboard,Tech,Germany,Berlin,160.55,375.99,276.8,0,5.28,Crypto,Online,L. Martin,USD
10631,5,1005.4,-27.7,2859,Mariam Rossi,10/27/2023,Monitor,Gadgets,USA,New York,62.64,251.35,193.28,0.2,4.06,Cash,Partner,A. Johnson,EUR
10632,2,1152.43,8.5,1477,Emma Dubois,6/8/2023,Keyboard,Tech,USA,New York,226.56,677.9,442.2,0.15,32.97,Crypto,Online,K. Haddad,USD
10633,1,616.384,-61.706,1186,John Haddad,6/2/2025,Mouse,Tech,UAE,Dubai,101.83,770.48,553.94,0.2,22.32,Cash,Partner,M. Lopez,USD
10634,2,814.112,4.482,2111,Mariam Dubois,5/9/2023,Mouse,Electronic,USA,New York,93.17,508.82,347.07,0.2,22.32,Credit Card,Direct,A. Johnson,USD
10635,3,2403.006,381.786,1907,Sofia Benali,8/29/2024,Laptop,Electronic,USA,New York,0,843.16,665.89,0.05,23.55,Cash,Direct,A. Johnson,USD
10636,3,3794.655,688.185,1710,Sara Khan,1/21/2024,Phone,Electronic,France,Paris,634.23,1488.1,814.04,0.15,30.12,Bank Transfer,Online,Unknown,USD
10637,4,654.398,220.398,1492,Lucas Garcia,7/14/2023,Laptop,Tech,Spain,Madrid,98.86,172.21,79.73,0.05,16.22,Credit Card,Partner,Unknown,MAD
10638,2,2673.14,-86.52,2339,Ali Garcia,11/24/2024,Tablet,Electronic,France,Paris,407.33,1336.57,1165.44,0,21.45,Credit Card,Retail,K. Haddad,USD
10639,6,1323.711,518.601,1807,Maria Khan,1/6/2025,Headphone,Tech,USA,New York,203.66,232.23,95.03,0.05,31.27,Cash,Online,L. Martin,USD
10640,1,788.248,157.118,1467,Nora Benali,1/23/2025,Laptop,Tech,Morocco,Casablanca,111.06,985.31,517.82,0.2,2.25,PayPal,Partner,M. Lopez,USD
10641,1,1495.43,453.69,2447,Emma Dubois,3/14/2023,Monitor,Tech,France,Paris,283.13,1495.43,735.34,0,23.27,PayPal,Partner,A. Johnson,MAD
10642,1,800.394,-87.706,1577,Emma Dubois,11/17/2023,Keyboard,Tech,UAE,Dubai,97.97,941.64,756.49,0.15,33.64,PayPal,Online,S. Rossi,EUR
10643,4,1113.92,242.01,2308,Lucas Rahmani,6/10/2024,Monitor,Tech,USA,New York,216.99,278.48,152.6,0,44.52,Credit Card,Online,M. Lopez,USD
10644,4,849.696,330.356,1845,John Khan,5/18/2025,Mouse,Electronic,UAE,Dubai,51.33,265.53,109.49,0.2,30.05,Cash,Online,S. Rossi,MAD
10645,6,6141.981,-1126.119,2045,Lucas Chen,7/25/2023,Keyboard,Electronic,USA,New York,1220.52,1204.31,1001.39,0.15,39.24,Bank Transfer,Partner,A. Johnson,MAD
10646,5,6761.95,162.14,1147,Ali Benali,6/13/2024,Keyboard,Electronic,Germany,Berlin,1187.6,1352.39,1076.63,0,29.06,Bank Transfer,Online,M. Lopez,USD
10647,7,136.395,23.075,1660,John Garcia,4/14/2023,Tablet,Electronic,USA,New York,25.73,21.65,11.6,0.1,6.39,Cash,Online,S. Rossi,USD
10648,7,308.28,9.35,2165,Nora Garcia,11/13/2023,Headphone,Gadgets,Spain,Madrid,46.17,44.04,33.66,0,17.14,PayPal,Partner,M. Lopez,EUR
10649,7,950.453,-124.197,1108,Noah Smith,3/5/2025,Mouse,Electronic,Germany,Berlin,140.16,159.74,130.31,0.15,22.32,PayPal,Direct,Unknown,USD
10650,4,3508.056,1193.886,2310,Ahmed Khan,12/21/2023,Phone,Gadgets,USA,New York,175.42,974.46,530.23,0.1,17.83,Bank Transfer,Partner,K. Haddad,MAD
10651,3,574.464,117.194,1290,Youssef Garcia,10/6/2024,Headphone,Gadgets,France,Paris,111.24,239.36,106.77,0.2,25.72,Credit Card,Online,Unknown,EUR
10652,6,6966.198,1630.288,1507,Leo Kowalski,12/31/2024,Mouse,Gadgets,UAE,Dubai,982.72,1222.14,723.53,0.05,12.01,Credit Card,Retail,M. Lopez,MAD
10653,7,4601.961,1380.671,1565,Ali Benali,12/10/2023,Laptop,Tech,USA,New York,802.85,730.47,342.6,0.1,20.24,Credit Card,Retail,S. Rossi,USD
10654,6,7089.984,-1223.456,1057,John Rossi,3/12/2024,Keyboard,Gadgets,Morocco,Casablanca,1218.56,1312.96,1178.76,0.1,22.32,Bank Transfer,Retail,M. Lopez,USD
10655,7,2921.9855,254.5855,1028,Maria Smith,4/22/2023,Keyboard,Tech,USA,New York,445.1,491.09,316.52,0.15,6.66,Cash,Direct,S. Rossi,USD
10656,3,2838.1245,-85.1655,2644,Maria Smith,10/3/2023,Laptop,Gadgets,Germany,Berlin,437.11,1112.99,816.17,0.15,37.67,Cash,Partner,S. Rossi,USD
10657,4,2341.404,-349.926,1652,Fatima Haddad,7/7/2023,Mouse,Electronic,UAE,Dubai,334.53,650.39,583.62,0.1,22.32,Credit Card,Direct,Unknown,USD
10658,1,352.896,-208.214,2066,Mariam Garcia,7/30/2023,Phone,Electronic,UAE,Dubai,59.81,441.12,490,0.2,11.3,PayPal,Online,M. Lopez,MAD
10659,2,1430.766,417.016,1136,Sofia Rossi,1/20/2023,Keyboard,Electronic,Morocco,Casablanca,131.17,794.87,430.13,0.1,22.32,Crypto,Online,Unknown,EUR
10660,3,3380.346,-448.424,1410,Luis Chen,6/6/2024,Mouse,Tech,Morocco,Casablanca,492.4,1251.98,1111.43,0.1,2.08,Bank Transfer,Online,K. Haddad,USD
10661,3,1076.712,191.342,2961,Sara Rahmani,8/8/2023,Keyboard,Tech,Spain,Madrid,103.54,422.24,253.17,0.15,22.32,Bank Transfer,Retail,Unknown,EUR
10662,1,1246.1085,29.5385,1375,Ali Khan,9/20/2023,Smartphone,Electronic,France,Paris,198.8,1466.01,985.72,0.15,32.05,Crypto,Direct,S. Rossi,EUR
10663,5,6353.41,85.37,2652,Ali Lopez,2/25/2024,Headphone,Electronic,USA,New York,659.44,1494.92,1121.51,0.15,1.05,Cash,Online,K. Haddad,USD
10664,1,1463.27,-63.48,1259,Ahmed Silva,3/16/2023,Headphone,Gadgets,Morocco,Casablanca,285.31,1463.27,1194.91,0,46.53,Bank Transfer,Online,M. Lopez,MAD
10665,7,4845.33,1454.57,1790,Sofia Rahmani,5/12/2024,Laptop,Electronic,Germany,Berlin,424.61,692.19,419.56,0,29.23,Crypto,Direct,M. Lopez,USD
10666,7,2976.512,-337.778,2187,Nora Garcia,2/20/2025,Headphone,Electronic,USA,New York,300.32,531.52,429.41,0.2,8.1,Bank Transfer,Partner,S. Rossi,USD
10667,6,3870.747,1336.757,1078,Ali Rahmani,9/13/2024,Headphone,Gadgets,Morocco,Casablanca,426.19,758.97,343.94,0.15,44.16,PayPal,Online,K. Haddad,USD
10668,3,48.672,-3.078,1243,Ahmed Silva,5/20/2024,Tablet,Tech,UAE,Dubai,5.66,20.28,14.34,0.2,3.07,Bank Transfer,Online,L. Martin,USD
10669,7,4438.98,160.68,2192,Luis Chen,11/26/2023,Smartphone,Gadgets,UAE,Dubai,857.54,634.14,485.27,0,23.87,Credit Card,Partner,M. Lopez,USD
10670,7,5023.494,1954.944,1512,Leo Smith,1/17/2025,Laptop,Electronic,Germany,Berlin,505.93,797.38,363.29,0.1,19.59,Bank Transfer,Online,Unknown,USD
10671,2,145.103,6.553,1070,Youssef Benali,4/22/2024,Monitor,Electronic,Morocco,Casablanca,11.93,76.37,54.22,0.05,18.18,PayPal,Online,Unknown,USD
10672,5,3932.685,1025.135,1755,Ahmed Kowalski,9/26/2024,Laptop,Gadgets,Spain,Madrid,370.93,873.93,500.54,0.1,33.92,Bank Transfer,Partner,A. Johnson,USD
10673,6,1149.936,347.416,1558,Leo Silva,2/1/2025,Headphone,Gadgets,Morocco,Casablanca,82.24,239.57,116.44,0.2,21.64,Crypto,Retail,M. Lopez,EUR
10674,4,3531.378,635.648,2512,Emma Khan,10/5/2024,Keyboard,Tech,USA,New York,425.49,929.31,615.05,0.05,10.04,Bank Transfer,Retail,A. Johnson,MAD
10675,6,3701.172,-79.408,1692,Mariam Rahmani,9/12/2023,Keyboard,Gadgets,Morocco,Casablanca,620.02,725.72,518.92,0.15,47.04,Crypto,Partner,K. Haddad,USD
10676,1,473.2805,-10.2895,1581,Sofia Ibrahim,2/13/2023,Monitor,Tech,Spain,Madrid,36.24,498.19,445.32,0.05,2.01,PayPal,Partner,Unknown,EUR
10677,6,3431.472,624.862,2961,Nora Rahmani,2/2/2023,Tablet,Tech,Morocco,Casablanca,176.97,714.89,437.03,0.2,7.46,Cash,Online,M. Lopez,MAD
10678,4,5707.16,2316.53,1843,Maria Smith,1/28/2025,Laptop,Electronic,France,Paris,1033.46,1426.79,586.46,0,11.33,PayPal,Retail,Unknown,EUR
10679,3,549.8565,118.8465,1171,Ali Garcia,10/1/2023,Laptop,Gadgets,Germany,Berlin,0,215.63,133.68,0.15,29.97,PayPal,Direct,Unknown,USD
10680,3,1994.4585,92.0085,2978,Mariam Kowalski,8/29/2024,Monitor,Electronic,France,Paris,232.13,699.81,543.1,0.05,41.02,Crypto,Retail,S. Rossi,EUR
10681,4,1197.494,281.784,1021,John Chen,3/25/2024,Phone,Electronic,UAE,Dubai,203.53,315.13,167.72,0.05,41.3,Crypto,Direct,S. Rossi,EUR
10682,6,3407.28,346.07,1143,Lucas Silva,5/12/2025,Phone,Electronic,Morocco,Casablanca,382.03,709.85,442.02,0.2,27.06,Credit Card,Direct,K. Haddad,USD
10683,4,2537.52,1156.89,1428,Fatima Lopez,10/23/2024,Headphone,Tech,UAE,Dubai,344.45,634.38,258.3,0,2.98,Cash,Direct,M. Lopez,MAD
10684,7,7470.918,2342.708,2830,Emma Lopez,6/8/2025,Keyboard,Electronic,USA,New York,627.68,1185.86,642.36,0.1,4.01,Credit Card,Retail,M. Lopez,MAD
10685,5,181.735,74.375,1974,Maria Chen,2/4/2023,Keyboard,Gadgets,USA,New York,14.6,38.26,18.04,0.05,2.56,Cash,Online,L. Martin,USD
10686,7,8096.193,-679.337,1121,Noah Benali,12/6/2023,Keyboard,Tech,USA,New York,869.67,1285.11,1126.02,0.1,23.72,Credit Card,Online,A. Johnson,EUR
10687,3,268.368,55.868,1008,Noah Rossi,4/7/2025,Laptop,Tech,USA,New York,53.46,111.82,48.71,0.2,12.91,Bank Transfer,Online,L. Martin,MAD
10688,5,437.3325,-2078.9675,2431,Maria Kowalski,4/23/2023,Laptop,Electronic,USA,New York,34.02,92.07,490,0.05,32.28,Credit Card,Online,A. Johnson,EUR
10689,1,508.98,101.78,1011,Nora Benali,12/11/2023,Headphone,Electronic,USA,New York,31.34,508.98,353.54,0,22.32,Cash,Retail,S. Rossi,MAD
10690,1,1198.8,141.34,2814,Sofia Chen,6/20/2023,Monitor,Tech,France,Paris,89.8,1198.8,933.12,0,34.54,PayPal,Partner,Unknown,USD
10691,5,5697.96,1944.89,2819,Fatima Lopez,10/19/2024,Mouse,Gadgets,France,Paris,362.8,1424.49,671.33,0.2,33.62,Credit Card,Partner,Unknown,USD
10692,7,6377.112,195.122,1136,Lucas Dubois,8/20/2023,Headphone,Electronic,USA,New York,1051.56,1012.24,729.73,0.1,22.32,Bank Transfer,Partner,S. Rossi,USD
10693,4,3511.36,1803.96,1322,Mariam Lopez,6/1/2024,Laptop,Gadgets,UAE,Dubai,227.41,877.84,360.89,0,36.43,PayPal,Direct,M. Lopez,USD
10694,7,4213.02,1775.49,1849,Youssef Ibrahim,1/2/2024,Mouse,Electronic,Spain,Madrid,242.86,601.86,312.04,0,10.39,Cash,Partner,S. Rossi,MAD
10695,2,1410.065,249.055,2137,Ahmed Smith,4/21/2023,Headphone,Tech,Spain,Madrid,85.89,829.45,528.81,0.15,17.5,Credit Card,Direct,K. Haddad,MAD
10696,3,3615.966,797.736,1373,John Garcia,7/10/2024,Headphone,Gadgets,UAE,Dubai,655.02,1268.76,713.63,0.05,22.32,Credit Card,Partner,A. Johnson,MAD
10697,4,2682.036,-17.374,2686,Maria Lopez,3/15/2024,Keyboard,Gadgets,UAE,Dubai,527.65,745.01,532.95,0.1,39.96,PayPal,Partner,M. Lopez,EUR
10698,2,2073.133,742.733,1914,Maria Rahmani,6/23/2024,Laptop,Electronic,Morocco,Casablanca,0,1219.49,654.04,0.15,22.32,Crypto,Online,K. Haddad,USD
10699,3,289.44,46.62,2633,Lucas Benali,5/7/2023,Headphone,Electronic,Spain,Madrid,44.52,120.6,59.17,0.2,20.79,Cash,Online,Unknown,USD
10700,6,3141.855,220.965,1443,Lucas Chen,11/15/2024,Headphone,Tech,USA,New York,475.42,616.05,406.47,0.15,6.65,Credit Card,Online,A. Johnson,MAD
10701,4,4182.508,374.148,2944,Sara Khan,5/3/2024,Monitor,Gadgets,UAE,Dubai,778.18,1100.66,754.94,0.05,10.42,Credit Card,Partner,Unknown,USD
10702,7,2949.597,78.727,2181,Lucas Rahmani,8/11/2024,Monitor,Tech,Spain,Madrid,332.59,468.19,358.37,0.1,29.69,PayPal,Online,M. Lopez,MAD
10703,7,2399.229,96.309,2489,Fatima Rossi,3/29/2023,Headphone,Electronic,France,Paris,325.2,380.83,277.23,0.1,37.11,PayPal,Direct,L. Martin,USD
10704,3,1390.1325,-154.6275,2370,Ali Benali,10/10/2024,Keyboard,Electronic,France,Paris,215.33,545.15,430.73,0.15,37.24,PayPal,Online,K. Haddad,USD
10705,1,958.752,-92.278,1342,Mariam Chen,10/21/2024,Smartphone,Electronic,Morocco,Casablanca,118.14,1198.44,919.82,0.2,13.07,Crypto,Partner,Unknown,USD
10706,5,523.3075,38.2075,2521,Maria Haddad,10/24/2023,Monitor,Gadgets,USA,New York,48.79,110.17,82.3,0.05,24.81,Crypto,Online,A. Johnson,MAD
10707,1,341.118,116.508,2191,Youssef Smith,2/9/2025,Laptop,Tech,Morocco,Casablanca,46.98,379.02,168.91,0.1,8.72,Bank Transfer,Retail,Unknown,EUR
10708,3,330.39,145.99,1343,Ahmed Smith,1/18/2025,Keyboard,Gadgets,UAE,Dubai,34.44,110.13,45.76,0,12.68,Cash,Online,Unknown,USD
10709,1,263.942,102.412,2505,Noah Kowalski,12/11/2023,Monitor,Tech,Germany,Berlin,18.02,310.52,127.71,0.15,15.8,Credit Card,Retail,S. Rossi,MAD
10710,5,5485.68,1239.97,2065,Maria Lopez,4/25/2024,Headphone,Tech,Morocco,Casablanca,484.72,1219.04,749.51,0.1,13.44,Cash,Online,M. Lopez,MAD
10711,4,4760.88,1284.88,2669,John Kowalski,1/21/2023,Laptop,Gadgets,France,Paris,634.48,1190.22,705.05,0,21.32,PayPal,Direct,S. Rossi,USD
10712,1,133.6935,34.8835,1755,Youssef Garcia,10/1/2023,Tablet,Tech,Morocco,Casablanca,22.18,140.73,62.47,0.05,14.16,Crypto,Online,K. Haddad,USD
10713,4,1881.424,-395.836,2544,Sofia Lopez,9/12/2024,Tablet,Gadgets,Spain,Madrid,277.33,553.36,490,0.15,39.93,Crypto,Direct,K. Haddad,EUR
10714,4,1654.72,386.6,1246,Mariam Rahmani,9/18/2023,Laptop,Electronic,Morocco,Casablanca,302.69,413.68,234.3,0,28.23,Bank Transfer,Retail,S. Rossi,EUR
10715,2,2262.955,-354.205,2353,Noah Ibrahim,7/8/2023,Mouse,Electronic,USA,New York,451.56,1331.15,1075.62,0.15,14.36,Credit Card,Online,S. Rossi,MAD
10716,3,278.55,70.1,1266,Noah Rahmani,9/2/2024,Phone,Tech,France,Paris,19.68,92.85,47.87,0,45.16,Cash,Online,L. Martin,USD
10717,2,2195.533,251.303,2531,Sara Lopez,3/14/2023,Tablet,Tech,UAE,Dubai,227.21,1291.49,839.51,0.15,38,PayPal,Online,K. Haddad,USD
10718,2,1643.376,-492.114,2229,Emma Kowalski,6/28/2023,Tablet,Electronic,USA,New York,312.54,1027.11,889.32,0.2,44.31,Bank Transfer,Online,L. Martin,MAD
10719,7,6209.7175,-649.2125,1492,Ali Lopez,5/10/2023,Laptop,Tech,Morocco,Casablanca,361.22,1043.65,921.35,0.15,48.26,Bank Transfer,Retail,L. Martin,EUR
10720,2,1567.962,506.862,1593,Lucas Khan,8/9/2024,Phone,Gadgets,USA,New York,151.82,871.09,438.51,0.1,32.26,PayPal,Direct,A. Johnson,USD
10721,5,1636.605,289.785,2341,Noah Dubois,5/24/2023,Mouse,Electronic,Germany,Berlin,210.32,363.69,219.18,0.1,40.6,Crypto,Retail,A. Johnson,USD
10722,1,511.146,22.816,1944,Sara Rossi,4/11/2024,Laptop,Electronic,Germany,Berlin,0,567.94,440.52,0.1,47.81,Credit Card,Online,Unknown,USD
10723,7,364.392,2.512,2755,Nora Lopez,8/14/2024,Laptop,Electronic,Spain,Madrid,0,57.84,45.92,0.1,40.44,Credit Card,Online,Unknown,USD
10724,2,1490.346,-223.434,1547,Noah Ibrahim,6/1/2024,Laptop,Tech,Germany,Berlin,250.02,827.97,714.62,0.1,34.52,Bank Transfer,Partner,K. Haddad,USD
10725,7,8980.51,3902.57,1330,Nora Ibrahim,6/21/2024,Monitor,Gadgets,France,Paris,0,1282.93,723.68,0,12.18,PayPal,Direct,Unknown,USD
10726,6,2312.88,-183.2,2625,Emma Khan,11/18/2024,Tablet,Gadgets,Spain,Madrid,163.28,481.85,386.06,0.2,16.44,Credit Card,Direct,M. Lopez,EUR
10727,7,6739.565,-320.685,2749,Lucas Rossi,2/28/2023,Monitor,Gadgets,France,Paris,629.58,1132.7,912.93,0.15,40.16,PayPal,Retail,A. Johnson,MAD
10728,5,4519.705,-244.945,1386,Fatima Chen,1/27/2025,Monitor,Tech,Morocco,Casablanca,649.69,1063.46,819.92,0.15,15.36,Bank Transfer,Direct,L. Martin,USD
10729,7,6437.0075,1075.4275,2146,John Haddad,4/22/2025,Monitor,Electronic,Morocco,Casablanca,509.68,1081.85,689.94,0.15,22.32,Bank Transfer,Partner,M. Lopez,USD
10730,2,1415.063,374.403,2722,Maria Dubois,1/18/2024,Headphone,Tech,UAE,Dubai,193.4,832.39,411.7,0.15,23.86,Crypto,Retail,Unknown,MAD
10731,5,6625.08,213.63,1446,Nora Ibrahim,1/3/2024,Mouse,Electronic,Morocco,Casablanca,0,1472.24,1275.32,0.1,34.85,Credit Card,Online,K. Haddad,EUR
10732,7,1369.3925,343.9825,2073,Lucas Rossi,5/16/2024,Keyboard,Electronic,Spain,Madrid,91.6,230.15,127.07,0.15,44.32,Credit Card,Retail,K. Haddad,MAD
10733,7,830.984,195.414,2799,Lucas Chen,8/13/2024,Tablet,Tech,France,Paris,120.25,124.96,71.84,0.05,12.44,Credit Card,Online,L. Martin,USD
10734,7,7268.576,3296.106,2245,Lucas Chen,6/2/2025,Keyboard,Gadgets,Germany,Berlin,515.26,1297.96,490,0.2,27.21,Credit Card,Online,Unknown,EUR
10735,1,103.12,17.75,2105,John Haddad,5/16/2024,Monitor,Tech,USA,New York,7.81,103.12,54.43,0,23.13,Cash,Partner,S. Rossi,USD
10736,7,4839.471,866.851,2232,Maria Kowalski,12/23/2023,Smartphone,Electronic,Germany,Berlin,423.43,768.17,502.29,0.1,33.16,PayPal,Online,L. Martin,USD
10737,6,3045.216,150.676,2508,Sara Rahmani,2/22/2025,Headphone,Tech,France,Paris,525.74,634.42,387.69,0.2,42.66,Credit Card,Retail,S. Rossi,MAD
10738,1,212.135,14.355,2958,Sofia Lopez,4/26/2024,Monitor,Electronic,Germany,Berlin,40.23,223.3,120.23,0.05,37.32,Crypto,Online,K. Haddad,USD
10739,1,1269.6365,254.7465,1818,Lucas Rahmani,9/8/2024,Tablet,Tech,Morocco,Casablanca,63.8,1493.69,922.55,0.15,28.54,Credit Card,Online,K. Haddad,USD
10740,1,639.67,214.37,2365,Leo Haddad,4/11/2025,Laptop,Tech,Spain,Madrid,85.12,639.67,326.11,0,14.07,Cash,Online,Unknown,EUR
10741,2,536.74,183.08,1960,Nora Khan,6/13/2025,Mouse,Electronic,UAE,Dubai,85.13,268.37,123.5,0,21.53,Crypto,Online,A. Johnson,EUR
10742,4,2802.024,549.124,1160,Emma Smith,10/11/2023,Headphone,Gadgets,France,Paris,452.82,778.34,447.09,0.1,11.72,Credit Card,Online,K. Haddad,MAD
10743,7,483.2555,-3.1645,1873,Nora Rossi,4/16/2024,Laptop,Electronic,Spain,Madrid,28.07,72.67,65.2,0.05,1.95,Credit Card,Retail,Unknown,USD
10744,5,700.6,154.8,1294,Fatima Lopez,7/8/2023,Keyboard,Electronic,Morocco,Casablanca,81.71,140.12,87.73,0,25.44,Credit Card,Direct,K. Haddad,USD
10745,7,7742.6615,696.9915,2731,Luis Lopez,4/14/2025,Mouse,Tech,Germany,Berlin,1008.44,1164.31,856.69,0.05,40.4,Crypto,Direct,S. Rossi,EUR
10746,2,2813.159,100.709,1493,Fatima Ibrahim,3/27/2025,Tablet,Tech,Germany,Berlin,367.85,1480.61,1150.86,0.05,42.88,Crypto,Online,A. Johnson,EUR
10747,3,1245.81,339.11,2867,Mariam Rahmani,10/25/2023,Phone,Tech,Morocco,Casablanca,63.6,415.27,277.12,0,11.74,Cash,Online,K. Haddad,USD
10748,3,127.035,-11.655,2088,Sofia Khan,11/24/2024,Keyboard,Electronic,Morocco,Casablanca,6.36,47.05,40.09,0.1,12.06,Credit Card,Partner,Unknown,USD
10749,7,2055.76,581.91,1610,Fatima Lopez,7/27/2024,Mouse,Tech,UAE,Dubai,192.63,293.68,180.34,0,18.84,Credit Card,Direct,A. Johnson,USD
10750,6,7920.126,40.196,1609,Ahmed Silva,6/26/2024,Phone,Tech,France,Paris,788.24,1466.69,1179.12,0.1,16.97,Credit Card,Online,Unknown,EUR
10751,2,-921.04,-1625.32,2463,Ahmed Benali,10/5/2023,Phone,Tech,Germany,Berlin,162.7,-460.52,252.84,0,35.9,Crypto,Retail,M. Lopez,MAD
10752,7,1280.727,428.767,1896,Ali Ibrahim,3/30/2025,Smartphone,Tech,USA,New York,210.21,203.29,88.49,0.1,22.32,Credit Card,Online,Unknown,EUR
10753,5,3717.225,1444.325,1788,Leo Dubois,6/11/2024,Keyboard,Tech,Spain,Madrid,451.56,826.05,362.58,0.1,8.44,Credit Card,Direct,M. Lopez,EUR
10754,5,3122.135,701.125,1585,Sara Dubois,12/4/2024,Laptop,Electronic,Morocco,Casablanca,516.45,734.62,371.82,0.15,45.46,PayPal,Partner,Unknown,EUR
10755,1,966.728,-217.632,2870,John Lopez,6/11/2023,Tablet,Electronic,Morocco,Casablanca,89.55,1208.41,1075.96,0.2,18.85,Credit Card,Online,Unknown,USD
10756,4,4092.156,603.496,1433,Ahmed Kowalski,5/5/2023,Monitor,Tech,Morocco,Casablanca,634.86,1136.71,707.86,0.1,22.36,Credit Card,Online,S. Rossi,MAD
10757,4,4075.682,-244.518,1750,Noah Khan,5/15/2024,Mouse,Tech,UAE,Dubai,609.33,1198.73,922.7,0.15,20.07,Bank Transfer,Online,M. Lopez,USD
10758,3,1648.725,-4.105,2870,Leo Kowalski,2/13/2023,Mouse,Tech,USA,New York,134.35,578.5,490,0.05,48.48,Bank Transfer,Online,A. Johnson,MAD
10759,1,75.411,-3.789,2852,Noah Lopez,5/10/2023,Phone,Tech,UAE,Dubai,0,83.79,41.02,0.1,38.18,Cash,Online,K. Haddad,USD
10760,1,617.64,-2.83,1078,Ahmed Ibrahim,8/1/2024,Phone,Tech,USA,New York,62.62,772.05,548.25,0.2,9.6,Crypto,Direct,L. Martin,USD
10761,2,1235.556,60.806,1286,Youssef Rahmani,8/16/2024,Mouse,Electronic,USA,New York,214.85,686.42,456.85,0.1,46.2,Bank Transfer,Online,M. Lopez,MAD
10762,1,489.7155,126.5455,1225,Maria Chen,10/31/2024,Smartphone,Gadgets,Germany,Berlin,35.4,515.49,287.05,0.05,40.72,Crypto,Online,K. Haddad,USD
10763,6,2040.768,443.928,2705,Ahmed Lopez,3/29/2025,Monitor,Electronic,USA,New York,174.74,377.92,231.66,0.1,32.14,Credit Card,Partner,Unknown,EUR
10764,1,678.81,-38.59,2517,Maria Benali,7/6/2023,Smartphone,Electronic,UAE,Dubai,54.72,798.6,622.63,0.15,40.05,Bank Transfer,Direct,S. Rossi,MAD
10765,2,927.632,68.542,2238,Sofia Khan,3/19/2024,Tablet,Electronic,Morocco,Casablanca,94.1,579.77,381.86,0.2,1.27,PayPal,Partner,A. Johnson,USD
10766,7,6105.12,1792.08,1426,Noah Khan,4/27/2023,Headphone,Tech,UAE,Dubai,863.7,872.16,490,0,19.34,Credit Card,Direct,K. Haddad,USD
10767,5,4136.65,1768.9,1228,Youssef Rossi,4/4/2025,Smartphone,Tech,Morocco,Casablanca,262.53,827.33,416.58,0,22.32,Credit Card,Retail,A. Johnson,MAD
10768,2,1215.92,428.41,2296,Ali Silva,4/27/2023,Tablet,Tech,France,Paris,123.33,607.96,317.83,0,28.52,Crypto,Online,Unknown,MAD
10769,6,1557.984,-1567.676,1924,Sara Rossi,6/1/2023,Headphone,Tech,Morocco,Casablanca,181.61,324.58,490,0.2,4.05,Bank Transfer,Retail,Unknown,USD
10770,1,247.424,18.874,2552,Mariam Smith,3/14/2023,Keyboard,Electronic,Morocco,Casablanca,34.62,309.28,149.42,0.2,44.51,PayPal,Direct,M. Lopez,EUR
10771,5,2216.205,-375.285,1558,Youssef Kowalski,4/17/2023,Mouse,Tech,France,Paris,304.66,521.46,456.82,0.15,2.73,Bank Transfer,Retail,K. Haddad,EUR
10772,5,1601.8,24.4,1857,Fatima Rahmani,6/21/2024,Keyboard,Tech,France,Paris,289.76,400.45,253.29,0.2,21.19,Cash,Online,Unknown,EUR
10773,2,651.824,-8.046,1809,Mariam Rahmani,2/25/2025,Tablet,Gadgets,Morocco,Casablanca,51.2,407.39,290.11,0.2,28.45,Crypto,Direct,A. Johnson,USD
10774,1,591.903,139.913,1566,Leo Ibrahim,10/27/2024,Mouse,Electronic,UAE,Dubai,68.1,657.67,365.73,0.1,18.16,Bank Transfer,Online,A. Johnson,EUR
10775,4,4049.74,0.08,2212,Youssef Haddad,4/1/2025,Headphone,Tech,UAE,Dubai,691.55,1191.1,834.59,0.15,19.75,Credit Card,Online,Unknown,USD
10776,1,47.1485,-11.6915,1486,Sofia Lopez,5/9/2025,Mouse,Tech,UAE,Dubai,6.48,49.63,21.4,0.05,30.96,Credit Card,Retail,L. Martin,MAD
10777,4,1065.24,52.8,2357,Luis Ibrahim,7/18/2023,Phone,Gadgets,Germany,Berlin,71.29,295.9,229.23,0.1,24.23,Crypto,Retail,M. Lopez,MAD
10778,1,624.1125,139.4925,2945,Lucas Lopez,4/3/2024,Phone,Gadgets,USA,New York,80.95,734.25,373.01,0.15,30.66,Cash,Partner,S. Rossi,EUR
10779,4,2458.71,-339.85,2613,Noah Khan,12/28/2024,Tablet,Tech,Morocco,Casablanca,320.48,723.15,613.94,0.15,22.32,Credit Card,Online,M. Lopez,MAD
10780,6,3473.916,1167.416,2959,Maria Rahmani,7/31/2024,Smartphone,Tech,Morocco,Casablanca,397.12,681.16,314.51,0.15,22.32,Crypto,Direct,M. Lopez,EUR
10781,2,2932.76,880.85,2403,Noah Garcia,5/10/2023,Headphone,Gadgets,Spain,Madrid,515.77,1466.38,764.24,0,7.66,Crypto,Retail,Unknown,EUR
10782,3,4016.505,552.785,1077,Luis Silva,2/22/2025,Headphone,Electronic,France,Paris,716.27,1409.3,910.66,0.05,15.47,Credit Card,Retail,M. Lopez,USD
10783,4,3331.082,1362.412,1523,Mariam Garcia,6/29/2023,Smartphone,Tech,Spain,Madrid,226.2,979.73,425.42,0.15,40.79,Credit Card,Direct,S. Rossi,MAD
10784,6,2711.988,939.488,2178,Nora Rossi,7/18/2024,Mouse,Electronic,Morocco,Casablanca,273.91,502.22,249.03,0.1,4.41,Crypto,Retail,K. Haddad,USD
10785,7,8028.531,3021.831,1534,Fatima Khan,11/23/2024,Headphone,Gadgets,Germany,Berlin,600.73,1274.37,625.6,0.1,26.77,Credit Card,Online,L. Martin,USD
10786,7,1516.2665,536.0065,2172,Maria Rossi,6/7/2025,Headphone,Gadgets,Morocco,Casablanca,85.25,228.01,123.86,0.05,27.99,Cash,Online,K. Haddad,USD
10787,2,1913.395,293.715,1363,Ahmed Khan,4/29/2023,Phone,Electronic,USA,New York,362.63,1007.05,622.05,0.05,12.95,Cash,Partner,Unknown,USD
10788,1,1112.427,420.997,1882,Leo Lopez,2/7/2025,Headphone,Electronic,Germany,Berlin,106.14,1236.03,557.07,0.1,28.22,PayPal,Partner,L. Martin,USD
10789,4,890.848,15.148,2155,Ali Khan,4/29/2025,Keyboard,Electronic,Morocco,Casablanca,0,278.39,209.83,0.2,36.38,Crypto,Online,K. Haddad,MAD
10790,2,319.504,-62.306,2470,Youssef Benali,3/16/2024,Mouse,Electronic,Morocco,Casablanca,47.93,199.69,151.88,0.2,30.12,Bank Transfer,Direct,S. Rossi,USD
10791,1,530.128,85.398,2545,Fatima Lopez,4/13/2024,Keyboard,Gadgets,USA,New York,67.8,623.68,336.67,0.15,40.26,PayPal,Partner,K. Haddad,USD
10792,4,553.85,125.46,2684,Youssef Dubois,8/24/2023,Phone,Electronic,Germany,Berlin,50.68,145.75,90.09,0.05,17.35,Cash,Online,L. Martin,MAD
10793,7,9395.68,2881.69,2445,Youssef Ibrahim,10/21/2023,Mouse,Tech,UAE,Dubai,931.89,1342.24,797.18,0,1.84,Credit Card,Partner,K. Haddad,MAD
10794,4,1853.184,112.884,2074,Nora Smith,8/30/2023,Phone,Electronic,USA,New York,106.46,487.68,402.88,0.05,22.32,Cash,Online,L. Martin,MAD
10795,6,3541.584,1117.644,2876,Sara Khan,2/26/2023,Mouse,Gadgets,Morocco,Casablanca,452.27,737.83,326.64,0.2,11.83,Cash,Online,L. Martin,USD
10796,1,655.14,285.19,2995,Nora Rossi,3/26/2025,Keyboard,Electronic,Spain,Madrid,77.65,655.14,286.59,0,5.71,Crypto,Retail,Unknown,MAD
10797,2,1457.813,231.833,1842,Youssef Ibrahim,3/1/2025,Tablet,Electronic,USA,New York,0,767.27,601.83,0.05,22.32,Credit Card,Online,S. Rossi,EUR
10798,2,984.656,28.186,1454,Emma Rahmani,8/20/2023,Keyboard,Electronic,UAE,Dubai,155.44,615.41,376.92,0.2,47.19,Credit Card,Online,L. Martin,USD
10799,2,775.884,149.104,1434,Sofia Benali,5/31/2025,Keyboard,Electronic,France,Paris,110.57,408.36,249.45,0.05,17.31,Credit Card,Online,A. Johnson,EUR
10800,2,819.184,60.034,1308,John Rossi,12/9/2023,Mouse,Electronic,USA,New York,149.68,511.99,285.57,0.2,38.33,Bank Transfer,Direct,Unknown,USD
10801,3,3916.38,681.14,2831,Maria Haddad,8/23/2024,Mouse,Electronic,Spain,Madrid,548.76,1305.46,890.74,0,14.26,Bank Transfer,Retail,M. Lopez,USD
10802,3,2947.071,758.061,2333,Emma Smith,12/20/2024,Laptop,Tech,USA,New York,482.34,1034.06,563.59,0.05,15.9,PayPal,Online,S. Rossi,MAD
10803,2,206.42,43.26,2433,Nora Rossi,2/18/2024,Laptop,Tech,UAE,Dubai,27.27,103.21,66.35,0,3.19,Credit Card,Direct,M. Lopez,EUR
10804,3,1425.735,-21.295,2278,Leo Ibrahim,8/10/2024,Keyboard,Tech,UAE,Dubai,93.18,528.05,436.18,0.1,45.31,Cash,Retail,Unknown,EUR
10805,4,4917.25,2934.93,1996,Fatima Lopez,10/9/2023,Tablet,Tech,Germany,Berlin,0,1446.25,490,0.15,22.32,Bank Transfer,Online,Unknown,EUR
10806,2,1482.366,389.916,1782,Noah Haddad,2/1/2024,Phone,Electronic,USA,New York,252.46,871.98,403.78,0.15,32.43,Credit Card,Partner,S. Rossi,USD
10807,2,2060.493,500.763,1759,Mariam Smith,9/30/2024,Headphone,Tech,Morocco,Casablanca,364.18,1084.47,581.03,0.05,33.49,Cash,Online,S. Rossi,USD
10808,4,3471.638,644.528,1576,Ahmed Chen,6/18/2025,Phone,Electronic,Spain,Madrid,567.5,1021.07,562.08,0.15,11.29,Credit Card,Retail,K. Haddad,EUR
10809,2,2267.888,-592.282,1236,Lucas Silva,8/7/2023,Monitor,Gadgets,Germany,Berlin,272.79,1417.43,1272.51,0.2,42.36,Crypto,Online,Unknown,USD
10810,5,851.68,108.53,1615,Mariam Smith,12/2/2023,Mouse,Electronic,Morocco,Casablanca,168.52,212.92,106.84,0.2,40.43,PayPal,Retail,Unknown,USD
10811,2,113.536,-10.954,1352,Maria Ibrahim,1/1/2025,Headphone,Gadgets,UAE,Dubai,10.82,70.96,44.2,0.2,25.27,Bank Transfer,Direct,S. Rossi,USD
10812,5,6172.11,1628.66,1877,Sofia Dubois,8/14/2023,Keyboard,Electronic,Morocco,Casablanca,432.38,1371.58,814.7,0.1,37.57,Cash,Online,M. Lopez,MAD
10813,2,1336.338,-138.422,1835,Leo Silva,6/30/2023,Phone,Tech,France,Paris,254.88,742.41,598.78,0.1,22.32,Crypto,Online,L. Martin,EUR
10814,1,270.744,-61.986,2609,Noah Benali,11/13/2024,Mouse,Gadgets,Morocco,Casablanca,51.28,338.43,241.55,0.2,39.9,Cash,Retail,Unknown,EUR
10815,6,2587.95,609.59,2013,John Dubois,1/4/2023,Headphone,Tech,USA,New York,208.39,479.25,287.34,0.1,45.93,Credit Card,Online,K. Haddad,MAD
10816,4,4982.326,770.576,2544,Sara Dubois,7/26/2024,Phone,Electronic,Morocco,Casablanca,719.1,1465.39,862.53,0.15,42.53,Credit Card,Partner,Unknown,EUR
10817,3,4054.353,1187.423,1771,Maria Benali,5/10/2025,Headphone,Electronic,USA,New York,662.6,1422.58,724.64,0.05,30.41,Credit Card,Partner,M. Lopez,MAD
10818,5,1610.6225,421.6625,1865,Maria Chen,1/15/2025,Keyboard,Gadgets,Morocco,Casablanca,136.19,378.97,206.86,0.15,18.47,Crypto,Direct,S. Rossi,EUR
10819,2,350.982,-68.848,2781,Luis Smith,3/31/2023,Tablet,Tech,Spain,Madrid,47.94,194.99,171,0.1,29.89,Bank Transfer,Online,M. Lopez,USD
10820,6,6466.932,2592.212,1198,Fatima Rahmani,8/3/2023,Tablet,Tech,USA,New York,721.77,1197.58,525.43,0.1,0.37,Crypto,Online,K. Haddad,MAD
10821,7,7560.882,1081.982,2974,Maria Ibrahim,12/28/2024,Mouse,Tech,France,Paris,961.54,1200.14,784.86,0.1,23.34,Crypto,Partner,L. Martin,USD
10822,2,1586.628,-29.142,1959,Maria Kowalski,4/22/2024,Mouse,Electronic,Spain,Madrid,188.07,881.46,704.2,0.1,19.3,Crypto,Direct,S. Rossi,USD
10823,4,4332.95,1591.99,1502,Emma Kowalski,9/27/2024,Monitor,Electronic,USA,New York,777.52,1140.25,490,0.05,3.44,Credit Card,Online,A. Johnson,MAD
10824,7,386.869,-19.671,2878,Luis Khan,9/3/2023,Keyboard,Tech,UAE,Dubai,31.18,65.02,49.64,0.15,27.88,Crypto,Online,Unknown,EUR
10825,7,6930.56,1424.71,2009,Ali Chen,2/6/2023,Headphone,Electronic,Morocco,Casablanca,648.92,1237.6,687.72,0.2,42.89,Credit Card,Online,Unknown,MAD
10826,6,4744.53,1548.76,1819,Emma Rahmani,1/19/2023,Phone,Tech,France,Paris,449.21,930.3,453.83,0.15,23.58,Bank Transfer,Online,Unknown,EUR
10827,7,214.956,19.986,1324,Nora Silva,2/24/2023,Mouse,Gadgets,Germany,Berlin,41.05,34.12,14.93,0.1,49.41,Credit Card,Direct,Unknown,USD
10828,2,963.794,394.314,2381,Ahmed Dubois,3/19/2024,Laptop,Tech,Spain,Madrid,114.74,507.26,216.21,0.05,22.32,Cash,Retail,Unknown,MAD
10829,3,2375.7,1056.19,1084,Nora Benali,1/30/2023,Tablet,Electronic,Morocco,Casablanca,219.21,791.9,366.11,0,1.97,Bank Transfer,Partner,S. Rossi,EUR
10830,1,76.2025,27.3725,2701,Nora Dubois,6/20/2023,Mouse,Tech,UAE,Dubai,10.74,89.65,36.73,0.15,1.36,Credit Card,Online,L. Martin,MAD
10831,4,3406.64,1368.67,2578,Youssef Benali,3/14/2025,Mouse,Gadgets,Morocco,Casablanca,460.8,851.66,388.33,0,23.85,Bank Transfer,Direct,K. Haddad,USD
10832,2,1471.151,-35.979,1091,Mariam Silva,5/7/2023,Smartphone,Tech,Germany,Berlin,181.11,774.29,661.58,0.05,2.86,Credit Card,Retail,A. Johnson,USD
10833,6,4639.56,805,1631,Ahmed Garcia,2/27/2025,Keyboard,Tech,Spain,Madrid,899.29,773.26,484.38,0,28.99,Crypto,Direct,S. Rossi,USD
10834,6,8575.02,-128.74,2410,Emma Lopez,3/1/2024,Monitor,Tech,UAE,Dubai,1713.45,1429.17,1160.23,0,28.93,Credit Card,Direct,Unknown,MAD
10835,1,545.904,-50.976,1054,Lucas Garcia,3/11/2024,Mouse,Electronic,Spain,Madrid,69.09,682.38,522.02,0.2,5.77,Cash,Retail,Unknown,EUR
10836,2,843.786,-98.954,2520,Maria Dubois,8/21/2024,Keyboard,Tech,USA,New York,74.93,468.77,414.05,0.1,39.71,Credit Card,Online,K. Haddad,EUR
10837,5,5794.0975,-663.0125,1787,Ali Benali,11/25/2023,Smartphone,Tech,Spain,Madrid,1124.7,1219.81,1066.34,0.05,0.71,Cash,Online,L. Martin,USD
10838,7,5106.339,52.889,1422,John Smith,4/10/2024,Headphone,Tech,Germany,Berlin,816.88,810.53,603.17,0.1,14.38,Credit Card,Retail,M. Lopez,USD
10839,3,888.816,-100.654,2944,Nora Haddad,12/9/2024,Keyboard,Tech,Morocco,Casablanca,51.87,370.34,311.57,0.2,2.89,Credit Card,Partner,A. Johnson,USD
10840,4,3286.08,1172.95,2860,Nora Lopez,5/26/2023,Headphone,Electronic,UAE,Dubai,215.45,912.8,468.84,0.1,22.32,Credit Card,Direct,M. Lopez,MAD
10841,2,2971.24,345.62,2738,Emma Garcia,9/2/2024,Keyboard,Gadgets,Spain,Madrid,528.22,1485.62,1048.36,0,0.68,Bank Transfer,Retail,Unknown,USD
10842,1,453.475,29.455,1418,Leo Rahmani,12/26/2024,Mouse,Gadgets,Spain,Madrid,55.61,533.5,328.58,0.15,39.83,Cash,Direct,L. Martin,USD
10843,5,6093.85,1932.27,2545,Sara Benali,2/16/2023,Headphone,Tech,USA,New York,990.8,1218.77,632.72,0,7.18,PayPal,Direct,S. Rossi,USD
10844,6,1563.03,135.73,1678,Youssef Smith,3/23/2023,Monitor,Electronic,France,Paris,243.9,289.45,190,0.1,43.4,Cash,Retail,Unknown,MAD
10845,6,7090.122,525.812,2061,Fatima Khan,5/25/2024,Monitor,Electronic,USA,New York,452.83,1390.22,1014.86,0.15,22.32,Credit Card,Online,S. Rossi,EUR
10846,1,1172.925,248.015,1388,Fatima Kowalski,2/2/2024,Keyboard,Gadgets,USA,New York,227.22,1303.25,680.29,0.1,17.4,PayPal,Online,M. Lopez,MAD
10847,4,4282.062,998.752,1234,Leo Dubois,12/18/2024,Laptop,Electronic,Morocco,Casablanca,420.28,1259.43,707.16,0.15,34.39,Crypto,Direct,Unknown,MAD
10848,7,1171.6145,221.1745,1216,Youssef Smith,1/1/2023,Tablet,Tech,USA,New York,203,196.91,101.44,0.15,37.36,PayPal,Direct,A. Johnson,USD
10849,7,4965.6215,1762.7115,1379,Maria Rahmani,5/20/2025,Laptop,Electronic,Morocco,Casablanca,253.34,746.71,418.43,0.05,20.56,Crypto,Online,Unknown,USD
10850,2,1586.6,284.29,1317,Sara Garcia,3/19/2025,Tablet,Electronic,Spain,Madrid,136.83,793.3,571.58,0,22.32,Bank Transfer,Online,A. Johnson,EUR
10851,7,8498.168,2672.798,2509,Maria Benali,2/14/2023,Tablet,Gadgets,UAE,Dubai,506.61,1277.92,754.54,0.05,36.98,Crypto,Direct,Unknown,EUR
10852,6,3449.754,354.354,2439,Ahmed Khan,5/29/2024,Headphone,Electronic,UAE,Dubai,388.47,605.22,450.04,0.05,6.69,Credit Card,Online,L. Martin,USD
10853,2,313.84,89.01,2542,John Rossi,9/26/2023,Laptop,Electronic,Germany,Berlin,32.07,196.15,85.22,0.2,22.32,Crypto,Online,S. Rossi,USD
10854,2,411.9,151.36,2746,Ahmed Garcia,11/21/2023,Keyboard,Electronic,USA,New York,0,205.95,112.21,0,36.12,Cash,Online,Unknown,EUR
10855,1,290.5555,16.4155,2506,Leo Rossi,9/16/2023,Keyboard,Tech,Germany,Berlin,52.52,341.83,199.4,0.15,22.22,Cash,Online,K. Haddad,USD
10856,5,512.975,94.695,1460,Fatima Haddad,11/20/2023,Headphone,Electronic,USA,New York,58.91,120.7,67.41,0.15,22.32,PayPal,Retail,A. Johnson,USD
10857,6,7622.4,2580.64,2264,Ahmed Rahmani,12/21/2023,Headphone,Electronic,USA,New York,590.2,1270.4,736.63,0,31.78,Bank Transfer,Partner,K. Haddad,MAD
10858,2,58.718,-2.732,1473,Fatima Ibrahim,6/17/2024,Smartphone,Gadgets,France,Paris,4.49,34.54,20.88,0.15,15.2,Bank Transfer,Online,Unknown,MAD
10859,7,7711.6165,-895.2635,1083,Luis Chen,9/6/2024,Keyboard,Tech,USA,New York,1226.55,1296.07,1047.28,0.15,49.37,Bank Transfer,Direct,S. Rossi,EUR
10860,1,139.624,-43.576,1352,Ahmed Lopez,2/26/2023,Mouse,Gadgets,Morocco,Casablanca,26.15,174.53,119.46,0.2,37.59,PayPal,Partner,M. Lopez,EUR
10861,5,109.5825,-2383.8875,1838,Noah Ibrahim,4/27/2023,Keyboard,Electronic,Spain,Madrid,15,23.07,490,0.05,28.47,Credit Card,Online,Unknown,USD
10862,2,1939.32,361.61,2089,Fatima Lopez,3/11/2023,Laptop,Tech,UAE,Dubai,227.66,1077.4,670.48,0.1,9.09,Credit Card,Direct,M. Lopez,EUR
10863,4,1991.04,649.93,2574,Noah Silva,10/18/2024,Keyboard,Tech,Germany,Berlin,265,497.76,263.34,0,22.75,Bank Transfer,Online,Unknown,USD
10864,6,6083.496,1996.356,2875,John Kowalski,8/23/2024,Mouse,Tech,Morocco,Casablanca,1125.21,1067.28,490,0.05,21.93,Crypto,Direct,K. Haddad,MAD
10865,1,1066.58,94.03,2649,Luis Rahmani,8/27/2023,Tablet,Electronic,Spain,Madrid,95.81,1254.8,864.15,0.15,12.59,Credit Card,Online,L. Martin,USD
10866,2,1738.206,701.496,1649,Leo Lopez,8/13/2024,Smartphone,Gadgets,Germany,Berlin,163.21,965.67,425.59,0.1,22.32,Credit Card,Online,K. Haddad,USD
10867,2,1318.76,21.71,2381,Mariam Rossi,6/12/2023,Keyboard,Electronic,UAE,Dubai,86.36,659.38,593.13,0,24.43,Crypto,Direct,A. Johnson,MAD
10868,2,1443.096,151.386,2115,Mariam Lopez,6/30/2023,Mouse,Tech,UAE,Dubai,269.28,801.72,507.99,0.1,6.45,Bank Transfer,Online,M. Lopez,MAD
10869,4,3596.928,1917.688,2945,Nora Rossi,5/8/2023,Keyboard,Electronic,UAE,Dubai,0,946.56,414.25,0.05,22.24,Credit Card,Online,M. Lopez,MAD
10870,7,2408.9765,353.1465,2934,Maria Smith,8/12/2023,Mouse,Electronic,UAE,Dubai,341.01,404.87,239.9,0.15,35.52,Bank Transfer,Online,Unknown,USD
10871,7,4854.136,-791.664,2062,Nora Garcia,2/10/2025,Phone,Electronic,Spain,Madrid,366.93,866.81,750.81,0.2,23.2,Crypto,Online,S. Rossi,MAD
10872,5,6637.6025,3329.8525,1992,Emma Kowalski,1/21/2023,Mouse,Electronic,Morocco,Casablanca,406.51,1397.39,576.17,0.05,20.39,Bank Transfer,Retail,L. Martin,USD
10873,6,7905.006,2876.626,1122,Lucas Benali,12/5/2024,Mouse,Electronic,Spain,Madrid,1202.69,1463.89,633.33,0.1,25.71,Credit Card,Partner,Unknown,MAD
10874,3,2946.84,-181.48,1595,Leo Khan,12/3/2024,Mouse,Electronic,USA,New York,479.65,982.28,875.45,0,22.32,Bank Transfer,Online,Unknown,USD
10875,3,392.616,112.526,1580,Youssef Rossi,2/15/2025,Laptop,Electronic,UAE,Dubai,46.68,163.59,70.69,0.2,21.34,Cash,Online,Unknown,MAD
10876,4,4486.736,-75.804,1501,Sara Rossi,3/26/2023,Headphone,Gadgets,France,Paris,434.08,1180.72,1031.29,0.05,3.3,Bank Transfer,Partner,K. Haddad,USD
10877,6,6588.192,-1461.768,2724,Sara Dubois,12/12/2023,Tablet,Electronic,Morocco,Casablanca,680.51,1372.54,1222.28,0.2,35.77,PayPal,Online,S. Rossi,EUR
10878,4,376.2,105.74,2679,Emma Haddad,2/25/2024,Headphone,Tech,France,Paris,24.6,104.5,59.72,0.1,6.98,Cash,Online,M. Lopez,EUR
10879,7,8432.109,2020.999,1437,Ahmed Rossi,6/4/2023,Keyboard,Electronic,UAE,Dubai,518.96,1338.43,835.87,0.1,41.06,PayPal,Retail,M. Lopez,USD
10880,2,1735.38,579.54,1775,Ahmed Khan,8/31/2024,Keyboard,Tech,USA,New York,315.09,867.69,406.61,0,27.53,PayPal,Retail,K. Haddad,USD
10881,6,819.744,-233.546,1787,Sofia Ibrahim,9/21/2023,Smartphone,Tech,Morocco,Casablanca,134.44,170.78,146.11,0.2,42.19,Credit Card,Retail,K. Haddad,EUR
10882,7,6686.26,1801.48,2689,Lucas Rossi,1/29/2024,Laptop,Tech,Spain,Madrid,425.93,955.18,633.79,0,22.32,Bank Transfer,Partner,L. Martin,MAD
10883,5,4386.52,1566.57,2365,Youssef Haddad,4/18/2025,Headphone,Electronic,Morocco,Casablanca,340.56,1096.63,490,0.2,29.39,Cash,Partner,L. Martin,EUR
10884,5,183.6,38.2,2096,Nora Silva,9/6/2023,Smartphone,Electronic,Spain,Madrid,18.18,45.9,19.48,0.2,29.82,Cash,Online,M. Lopez,USD
10885,5,267.21,-42,1839,Ahmed Lopez,12/27/2024,Laptop,Electronic,USA,New York,46.96,59.38,45.58,0.1,34.35,Bank Transfer,Partner,L. Martin,EUR
10886,2,584.478,82.238,1833,Luis Benali,6/20/2024,Mouse,Gadgets,Morocco,Casablanca,90.06,324.71,187.11,0.1,37.96,Credit Card,Online,Unknown,MAD
10887,3,3684.342,184.682,2148,Noah Smith,3/8/2023,Keyboard,Tech,UAE,Dubai,373.94,1444.84,1031.87,0.15,30.11,Crypto,Online,K. Haddad,USD
10888,2,1776.614,-0.606,2025,Maria Garcia,7/23/2023,Phone,Electronic,Spain,Madrid,264.82,935.06,739.38,0.05,33.64,PayPal,Online,A. Johnson,USD
10889,4,5117.04,2065.95,1762,Ali Rahmani,6/15/2025,Mouse,Tech,Morocco,Casablanca,270.56,1279.26,694.72,0,1.65,PayPal,Retail,M. Lopez,USD
10890,5,3951.405,1500.685,1959,Fatima Rossi,5/6/2024,Laptop,Electronic,France,Paris,326.62,878.09,424.34,0.1,2.4,PayPal,Online,S. Rossi,USD
10891,5,1500.03,380.81,2507,Youssef Dubois,1/16/2023,Monitor,Electronic,USA,New York,294.63,333.34,157.38,0.1,37.69,Credit Card,Online,Unknown,USD
10892,3,1093.98,433.7,1704,Fatima Haddad,4/26/2025,Monitor,Electronic,Germany,Berlin,112.26,364.66,174.45,0,24.67,Credit Card,Direct,K. Haddad,MAD
10893,4,2595.4,772.74,2505,Emma Smith,4/13/2023,Tablet,Gadgets,USA,New York,130.67,683,411.67,0.05,45.31,Crypto,Retail,M. Lopez,MAD
10894,2,1540.08,493.06,1048,Sofia Rossi,6/21/2024,Laptop,Electronic,Germany,Berlin,136.83,855.6,450.18,0.1,9.83,Credit Card,Online,M. Lopez,USD
10895,7,1929.704,61.084,2652,Lucas Chen,11/6/2024,Phone,Tech,Morocco,Casablanca,254.43,324.32,229.24,0.15,9.51,Credit Card,Direct,A. Johnson,USD
10896,5,1981.9875,666.7175,2752,Nora Smith,8/14/2024,Headphone,Tech,USA,New York,141.87,466.35,230.45,0.15,21.15,Bank Transfer,Online,A. Johnson,MAD
10897,1,160.821,-1.479,1356,Luis Haddad,6/30/2023,Headphone,Tech,France,Paris,25.74,178.69,109.31,0.1,27.25,Credit Card,Partner,M. Lopez,USD
10898,4,5271.056,399.146,1913,Youssef Silva,6/17/2024,Headphone,Tech,USA,New York,362.08,1387.12,1124.59,0.05,11.47,Bank Transfer,Partner,A. Johnson,USD
10899,4,3297.12,124.22,2620,Lucas Smith,2/23/2025,Keyboard,Electronic,Germany,Berlin,184.15,1030.35,736.05,0.2,44.55,Crypto,Online,Unknown,EUR
10900,7,1596.56,466.15,2779,Leo Kowalski,6/25/2023,Tablet,Gadgets,Morocco,Casablanca,119.01,228.08,139.67,0,33.71,Credit Card,Direct,K. Haddad,USD
10901,3,2949.066,1089.726,2537,Youssef Silva,1/24/2025,Monitor,Electronic,UAE,Dubai,255.22,1034.76,530.98,0.05,11.18,PayPal,Online,M. Lopez,USD
10902,3,3486.0795,626.4695,1269,Luis Haddad,1/28/2025,Headphone,Tech,Morocco,Casablanca,430.13,1367.09,808.52,0.15,3.92,Credit Card,Online,L. Martin,EUR
10903,5,5452.7625,-583.6875,2092,Sara Kowalski,3/23/2025,Phone,Electronic,USA,New York,1041.88,1147.95,996.52,0.05,11.97,Cash,Online,L. Martin,USD
10904,1,394.2,179.37,2052,Youssef Benali,6/11/2025,Keyboard,Tech,Morocco,Casablanca,35.76,394.2,170.94,0,8.13,Bank Transfer,Direct,Unknown,USD
10905,1,320.472,-55.488,1259,Maria Benali,3/23/2023,Keyboard,Tech,Morocco,Casablanca,48.74,400.59,304.33,0.2,22.89,Credit Card,Partner,M. Lopez,USD
10906,1,1114.245,468.165,1061,Fatima Silva,5/23/2025,Keyboard,Electronic,France,Paris,0,1238.05,640.71,0.1,5.37,Crypto,Online,A. Johnson,MAD
10907,5,3730.65,-683.44,1984,John Ibrahim,11/9/2023,Keyboard,Tech,UAE,Dubai,645.22,877.8,751.66,0.15,10.57,Bank Transfer,Direct,L. Martin,USD
10908,4,2149.752,-162.968,1811,Luis Ibrahim,4/8/2023,Tablet,Tech,Spain,Madrid,402.8,632.28,467.54,0.15,39.76,Crypto,Partner,A. Johnson,USD
10909,6,8452.929,2726.739,2661,Noah Garcia,8/1/2024,Laptop,Electronic,Spain,Madrid,630.24,1482.97,848.49,0.05,5.01,Bank Transfer,Online,K. Haddad,MAD
10910,4,3766.272,1116.192,2945,Maria Smith,1/21/2024,Keyboard,Electronic,USA,New York,238.25,1176.96,590.69,0.2,49.07,Cash,Partner,Unknown,USD
10911,6,3985.905,165.315,1470,Emma Lopez,1/28/2024,Phone,Electronic,Germany,Berlin,281.64,781.55,589.67,0.15,0.93,Credit Card,Retail,S. Rossi,USD
10912,6,529.431,111.731,1351,Ahmed Chen,4/24/2025,Tablet,Electronic,Germany,Berlin,88.93,103.81,47.77,0.15,42.15,Bank Transfer,Retail,Unknown,USD
10913,2,204.318,19.338,2185,Ahmed Ibrahim,10/13/2023,Keyboard,Gadgets,USA,New York,21.27,113.51,80.09,0.1,3.53,Crypto,Direct,Unknown,MAD
10914,6,4761.234,1253.324,1125,Noah Ibrahim,2/12/2024,Tablet,Electronic,Spain,Madrid,576.97,881.71,484.89,0.1,21.6,Bank Transfer,Direct,M. Lopez,EUR
10915,3,1523.982,-193.588,1449,Emma Rahmani,6/6/2024,Monitor,Tech,Germany,Berlin,170.14,597.64,505.31,0.15,31.5,Bank Transfer,Online,L. Martin,USD
10916,2,422.518,33.918,1277,John Khan,11/23/2024,Laptop,Gadgets,USA,New York,22.18,248.54,177.3,0.15,11.82,PayPal,Retail,K. Haddad,EUR
10917,2,1008.881,374.741,2352,Emma Benali,4/25/2023,Laptop,Electronic,USA,New York,75.04,530.99,258.26,0.05,42.58,Credit Card,Partner,L. Martin,USD
10918,1,902.898,307.608,1551,Sofia Benali,1/26/2023,Headphone,Tech,USA,New York,0,1003.22,573.53,0.1,21.76,Credit Card,Online,S. Rossi,USD
10919,3,2005.983,725.173,1228,Lucas Chen,8/31/2024,Monitor,Tech,Morocco,Casablanca,316.36,786.66,317.6,0.15,11.65,Bank Transfer,Direct,A. Johnson,USD
10920,7,3285.52,875.51,2908,Mariam Smith,11/19/2024,Headphone,Tech,USA,New York,381.21,586.7,286.86,0.2,20.78,PayPal,Direct,L. Martin,MAD
10921,6,6013.548,2528.328,2770,Sara Ibrahim,1/18/2023,Keyboard,Gadgets,Morocco,Casablanca,704.87,1113.62,461.69,0.1,10.21,Cash,Direct,L. Martin,USD
10922,6,8216.16,1014.57,2984,Noah Benali,1/22/2025,Headphone,Tech,France,Paris,1002.6,1369.36,1028.45,0,28.29,Cash,Partner,K. Haddad,MAD
10923,1,1240.757,-92.723,2946,Sara Haddad,2/29/2024,Mouse,Tech,France,Paris,195.8,1306.06,1113.06,0.05,24.62,Bank Transfer,Direct,L. Martin,EUR
10924,2,267.691,26.581,1149,Lucas Chen,9/3/2023,Keyboard,Tech,Morocco,Casablanca,50.12,140.89,71.69,0.05,47.61,Cash,Partner,L. Martin,MAD
10925,7,8842.932,1164.152,1454,Leo Silva,4/14/2023,Tablet,Electronic,Spain,Madrid,613.76,1403.64,1008.58,0.1,4.96,Cash,Direct,Unknown,MAD
10926,5,3144.96,1205.99,2075,Mariam Rossi,6/16/2025,Keyboard,Electronic,Morocco,Casablanca,181.21,698.88,343.02,0.1,42.66,PayPal,Online,A. Johnson,USD
10927,2,1928.556,479.466,1631,Nora Ibrahim,3/18/2024,Keyboard,Tech,France,Paris,120.79,1071.42,652.99,0.1,22.32,PayPal,Direct,Unknown,MAD
10928,6,2975.184,601.004,1614,Sara Lopez,11/25/2023,Monitor,Tech,France,Paris,0,550.96,394.24,0.1,8.74,Credit Card,Partner,M. Lopez,USD
10929,5,6151.62,1154.26,2114,Luis Chen,8/26/2024,Tablet,Electronic,Spain,Madrid,1024.39,1447.44,788.45,0.15,30.72,Credit Card,Retail,M. Lopez,MAD
10930,2,269.888,6.048,1943,Lucas Dubois,1/24/2023,Tablet,Electronic,France,Paris,23.55,168.68,110.41,0.2,19.47,Credit Card,Partner,Unknown,USD
10931,4,4781.024,-432.626,2013,Ali Chen,10/16/2024,Monitor,Tech,UAE,Dubai,410.45,1494.07,1195.66,0.2,20.56,Cash,Retail,K. Haddad,EUR
10932,2,2778.2,600.12,1063,Sara Dubois,1/24/2025,Smartphone,Electronic,UAE,Dubai,541.31,1389.1,809.92,0,16.93,Credit Card,Partner,L. Martin,USD
10933,7,9955.1165,4526.4665,1505,Maria Rossi,11/30/2023,Mouse,Electronic,USA,New York,1961.55,1497.01,490,0.05,37.1,Bank Transfer,Partner,A. Johnson,USD
10934,1,189.981,-13.869,2622,Emma Haddad,5/29/2023,Phone,Electronic,France,Paris,20.01,199.98,143.29,0.05,40.55,Credit Card,Retail,A. Johnson,USD
10935,5,5394.95,1707.34,2452,Ahmed Dubois,1/17/2023,Headphone,Electronic,France,Paris,661.32,1269.4,596.18,0.15,45.39,Credit Card,Direct,A. Johnson,EUR
10936,2,2390.217,-141.063,1301,John Chen,12/26/2024,Smartphone,Gadgets,Spain,Madrid,197.35,1406.01,1142.76,0.15,48.41,Cash,Online,Unknown,USD
10937,5,2015.73,-241.2,1961,Ahmed Benali,12/28/2024,Mouse,Electronic,UAE,Dubai,272.36,447.94,392.45,0.1,22.32,Cash,Online,S. Rossi,EUR
10938,7,4884.152,-516.718,2979,Lucas Khan,1/31/2023,Keyboard,Tech,Morocco,Casablanca,964.27,872.17,630.21,0.2,25.13,Credit Card,Direct,Unknown,USD
10939,1,36.666,-10.364,1100,Sara Rossi,6/16/2024,Keyboard,Tech,USA,New York,2.11,40.74,27.84,0.1,17.08,Cash,Direct,Unknown,USD
10940,4,2630.976,361.486,2560,Emma Haddad,1/21/2024,Mouse,Electronic,France,Paris,160.05,822.18,517.79,0.2,38.28,Cash,Partner,S. Rossi,USD
10941,2,1476.46,572.3,1772,Fatima Dubois,1/13/2023,Mouse,Electronic,Morocco,Casablanca,192.65,738.23,350.43,0,10.65,Credit Card,Retail,S. Rossi,MAD
10942,1,115.208,-6.142,2894,Emma Haddad,7/24/2023,Tablet,Electronic,France,Paris,15.87,144.01,103.91,0.2,1.57,Credit Card,Online,S. Rossi,USD
10943,6,5905.824,-1365.466,2781,Leo Silva,6/10/2023,Monitor,Tech,USA,New York,698.33,1230.38,1094.39,0.2,6.62,Cash,Retail,A. Johnson,USD
10944,2,1717.867,-155.863,2900,Fatima Rahmani,7/4/2024,Monitor,Tech,USA,New York,193.6,1010.51,815.99,0.15,48.15,Cash,Online,K. Haddad,MAD
10945,6,2452.74,207.95,1470,Emma Dubois,1/19/2024,Mouse,Gadgets,USA,New York,160.12,408.79,342.31,0,30.81,PayPal,Partner,Unknown,MAD
10946,4,1859.732,105.532,2348,Luis Dubois,8/2/2023,Smartphone,Electronic,USA,New York,0,546.98,434.55,0.15,16,Credit Card,Partner,Unknown,EUR
10947,2,2232.168,683.518,1059,Maria Haddad,11/7/2023,Laptop,Tech,Morocco,Casablanca,310.35,1313.04,608.46,0.15,21.38,Crypto,Partner,A. Johnson,USD
10948,2,2113.02,311.66,2812,Sofia Rossi,2/5/2024,Headphone,Gadgets,UAE,Dubai,130.67,1056.51,823.48,0,23.73,Cash,Direct,Unknown,MAD
10949,3,3637.3455,256.4455,2716,Ali Rossi,12/25/2023,Headphone,Tech,Germany,Berlin,500.72,1426.41,952.62,0.15,22.32,Cash,Online,Unknown,MAD
10950,5,6060.45,1534.23,2553,Nora Benali,3/14/2023,Tablet,Electronic,Spain,Madrid,1059.31,1212.09,690.05,0,16.66,PayPal,Online,M. Lopez,EUR
10951,5,4925.565,-495.815,1545,Nora Smith,8/18/2024,Tablet,Tech,USA,New York,692.96,1094.57,940.11,0.1,27.87,PayPal,Online,K. Haddad,EUR
10952,2,672.282,-115.538,1444,Fatima Dubois,2/3/2025,Tablet,Electronic,Germany,Berlin,112.11,373.49,326.67,0.1,22.37,PayPal,Direct,S. Rossi,USD
10953,1,68.438,-450.332,1523,Ali Rossi,3/13/2025,Laptop,Electronic,USA,New York,6.4,72.04,490,0.05,22.37,PayPal,Online,Unknown,USD
10954,2,1013.12,304.19,2306,Lucas Garcia,2/8/2024,Laptop,Gadgets,USA,New York,126.26,506.56,273.06,0,36.55,Bank Transfer,Online,K. Haddad,MAD
10955,1,962.784,376.574,1102,Maria Rossi,7/20/2024,Keyboard,Tech,Morocco,Casablanca,118.8,1069.76,439.22,0.1,28.19,Bank Transfer,Online,Unknown,EUR
10956,6,6610.896,-324.864,2933,Luis Rahmani,5/20/2024,Mouse,Tech,USA,New York,1175.96,1377.27,952.68,0.2,43.72,Credit Card,Retail,S. Rossi,EUR
10957,6,6668.784,867.354,1617,Ahmed Garcia,1/5/2025,Tablet,Electronic,Morocco,Casablanca,1239.64,1234.96,758.81,0.1,8.93,Credit Card,Partner,S. Rossi,USD
10958,4,452.064,92.434,2882,Lucas Lopez,1/25/2023,Mouse,Electronic,Morocco,Casablanca,62.15,141.27,70.35,0.2,16.08,Credit Card,Online,Unknown,MAD
10959,4,3140.092,980.762,1226,Sara Ibrahim,11/16/2023,Headphone,Tech,Morocco,Casablanca,389.47,826.34,441.99,0.05,1.9,Cash,Retail,A. Johnson,EUR
10960,6,4870.32,1912.78,2258,Ahmed Smith,2/17/2025,Phone,Electronic,Morocco,Casablanca,323.93,1014.65,432.25,0.2,40.11,Credit Card,Online,Unknown,MAD
10961,7,4607.6205,979.1405,1938,Leo Silva,9/4/2024,Smartphone,Electronic,Morocco,Casablanca,636.86,774.39,425.94,0.15,10.04,PayPal,Direct,S. Rossi,EUR
10962,5,3888.825,847.425,1243,Youssef Kowalski,1/23/2024,Monitor,Tech,Morocco,Casablanca,556.43,818.7,490,0.05,34.97,Credit Card,Partner,Unknown,USD
10963,6,5202.144,-92.186,2729,Sofia Kowalski,5/3/2023,Smartphone,Tech,Germany,Berlin,627.89,963.36,771.57,0.1,37.02,Crypto,Direct,K. Haddad,USD
10964,3,3360.378,1457.548,2737,Emma Benali,4/27/2024,Tablet,Electronic,USA,New York,181.87,1179.08,570.74,0.05,8.74,Cash,Partner,A. Johnson,MAD
10965,4,2786.368,931.848,2816,Noah Rahmani,1/21/2023,Monitor,Tech,Spain,Madrid,423.52,819.52,348.43,0.15,37.28,Credit Card,Direct,Unknown,EUR
10966,7,1317.092,-235.208,2503,Emma Smith,3/28/2025,Laptop,Electronic,Germany,Berlin,248.24,221.36,181.08,0.15,36.5,Bank Transfer,Retail,Unknown,EUR
10967,5,1984.5,523.07,2442,Youssef Silva,4/11/2023,Keyboard,Electronic,Spain,Madrid,160.16,396.9,255.79,0,22.32,Credit Card,Online,Unknown,MAD
10968,5,1036.935,428.015,1848,Sara Chen,7/8/2024,Monitor,Tech,Spain,Madrid,95.3,230.43,98.26,0.1,22.32,Credit Card,Online,M. Lopez,USD
10969,7,4899.321,377.361,2035,Nora Kowalski,8/25/2023,Mouse,Electronic,Spain,Madrid,893.45,777.67,515.99,0.1,16.58,Cash,Retail,S. Rossi,MAD
10970,7,5345.3015,1550.2115,2181,Sara Silva,2/20/2024,Mouse,Tech,France,Paris,579.58,898.37,453.73,0.15,39.4,Crypto,Online,Unknown,EUR
10971,3,367.056,74.606,2893,Emma Dubois,10/17/2023,Headphone,Tech,France,Paris,0,152.94,80.82,0.2,49.99,Credit Card,Online,Unknown,MAD
10972,7,7308.35,2393.08,1843,Maria Haddad,11/9/2023,Laptop,Gadgets,Spain,Madrid,1374.66,1044.05,498.98,0,47.75,PayPal,Online,L. Martin,USD
10973,4,78.768,-54.362,1674,Ali Lopez,4/26/2023,Laptop,Electronic,USA,New York,11.62,21.88,18.53,0.1,47.39,Bank Transfer,Retail,K. Haddad,MAD
10974,4,2501.924,853.954,1617,Emma Lopez,4/28/2023,Mouse,Tech,USA,New York,0,735.86,410.45,0.15,6.17,Credit Card,Retail,L. Martin,USD
10975,4,2156.2,237.76,1327,Nora Garcia,4/13/2023,Phone,Gadgets,France,Paris,194.47,539.05,423.92,0,28.29,Cash,Direct,Unknown,USD
10976,2,414.953,-48.687,2894,Luis Silva,4/20/2024,Keyboard,Tech,Spain,Madrid,71.12,244.09,195.08,0.15,2.36,Bank Transfer,Online,Unknown,MAD
10977,5,948.2425,-65.6175,1408,Lucas Smith,1/7/2023,Laptop,Tech,USA,New York,97.9,199.63,178.26,0.05,24.66,Credit Card,Direct,L. Martin,EUR
10978,5,-3990.3325,-6835.9925,2618,Leo Garcia,8/28/2023,Keyboard,Electronic,Morocco,Casablanca,781.35,-840.07,409.32,0.05,17.71,Crypto,Direct,M. Lopez,USD
10979,3,1704.9555,127.3555,1057,Sara Benali,6/4/2024,Tablet,Gadgets,France,Paris,224.4,598.23,438.45,0.05,37.85,Cash,Online,K. Haddad,EUR
10980,2,540.84,250.61,2643,Fatima Kowalski,3/3/2025,Laptop,Tech,Germany,Berlin,0,270.42,133.52,0,23.19,Crypto,Online,Unknown,EUR
10981,7,2959.25,846.17,2010,Fatima Haddad,5/27/2023,Mouse,Electronic,France,Paris,325.66,445,250.92,0.05,30.98,Credit Card,Retail,K. Haddad,USD
10982,5,4826.95,-315.79,2045,John Dubois,2/9/2025,Laptop,Tech,France,Paris,583.81,1016.2,909.88,0.05,9.53,PayPal,Online,S. Rossi,USD
10983,2,2280.528,384.208,2244,Mariam Haddad,1/14/2024,Smartphone,Tech,UAE,Dubai,230.66,1266.96,824.08,0.1,17.5,Bank Transfer,Partner,K. Haddad,USD
10984,1,953.1825,179.7825,1182,Nora Smith,12/12/2024,Mouse,Tech,Germany,Berlin,132.14,1003.35,628.48,0.05,12.78,PayPal,Retail,S. Rossi,USD
10985,4,2937.76,-521.35,1154,Luis Rahmani,9/14/2023,Smartphone,Tech,France,Paris,394.83,918.05,757.15,0.2,35.68,Bank Transfer,Retail,S. Rossi,EUR
10986,1,677.77,258.24,2592,Noah Silva,10/25/2023,Keyboard,Electronic,Spain,Madrid,77.82,677.77,319.1,0,22.61,PayPal,Direct,Unknown,MAD
10987,7,-3339.616,-7448.536,2777,Fatima Lopez,10/8/2023,Headphone,Electronic,Morocco,Casablanca,664.23,-596.36,490,0.2,14.69,PayPal,Direct,S. Rossi,MAD
10988,6,773.388,-33.442,1806,Sara Dubois,8/23/2023,Headphone,Tech,France,Paris,120.25,143.22,109.17,0.1,31.56,PayPal,Online,S. Rossi,USD
10989,6,3163.86,791.91,2569,Sofia Rossi,5/13/2025,Mouse,Electronic,UAE,Dubai,164.61,585.9,364.17,0.1,22.32,Credit Card,Online,L. Martin,EUR
10990,7,7241.269,1122.239,1732,Youssef Garcia,1/9/2023,Laptop,Gadgets,Morocco,Casablanca,1153.27,1217.02,706.95,0.15,17.11,Credit Card,Online,A. Johnson,USD
10991,1,872.664,31.454,2797,Fatima Garcia,1/29/2025,Headphone,Electronic,Spain,Madrid,54.68,1090.83,751.14,0.2,35.39,Crypto,Retail,A. Johnson,USD
10992,5,3931.6225,907.4225,1232,John Rossi,7/14/2023,Smartphone,Tech,UAE,Dubai,590.92,827.71,479.83,0.05,34.13,PayPal,Online,S. Rossi,MAD
10993,2,176.418,54.208,1163,Youssef Garcia,7/4/2024,Keyboard,Gadgets,USA,New York,19.05,98.01,41.04,0.1,21.08,Credit Card,Retail,M. Lopez,EUR
10994,6,5723.373,1372.283,1779,Lucas Haddad,3/13/2025,Laptop,Electronic,France,Paris,1059.09,1122.23,543.29,0.15,32.26,Crypto,Partner,M. Lopez,USD
10995,7,5714.5585,-80.5915,1021,John Silva,4/21/2024,Phone,Tech,Spain,Madrid,348.38,960.43,771.11,0.15,49,Credit Card,Partner,M. Lopez,EUR
10996,1,354.4585,-77.7615,2018,Nora Kowalski,7/20/2024,Keyboard,Tech,Morocco,Casablanca,18.26,417.01,375.17,0.15,38.79,Credit Card,Partner,S. Rossi,EUR
10997,6,8719.56,1225.77,2356,Fatima Ibrahim,3/14/2024,Mouse,Electronic,France,Paris,1638.8,1453.26,974.09,0,10.45,Credit Card,Direct,A. Johnson,EUR
10998,1,567.416,76.526,1625,Maria Silva,10/11/2023,Tablet,Tech,Morocco,Casablanca,81.94,709.27,368.91,0.2,40.04,Credit Card,Retail,A. Johnson,USD
10999,7,1565.564,355.294,1356,Luis Lopez,12/13/2024,Headphone,Gadgets,Morocco,Casablanca,0,263.12,171.52,0.15,9.63,Credit Card,Retail,Unknown,USD
11000,6,1583.232,532.662,2764,Noah Garcia,8/28/2023,Mouse,Tech,Morocco,Casablanca,217.25,329.84,138.44,0.2,2.68,Credit Card,Online,Unknown,USD
11001,6,5452.74,994.41,1046,Maria Khan,4/18/2025,Phone,Gadgets,Spain,Madrid,800.68,908.79,604.37,0,31.43,Bank Transfer,Direct,Unknown,MAD
11002,3,4240.5435,1355.2235,1391,Ahmed Khan,2/21/2023,Headphone,Tech,Spain,Madrid,483.5,1487.91,793.14,0.05,22.4,Credit Card,Direct,Unknown,USD
11003,3,-2442.798,-4034.678,2405,Leo Chen,10/28/2024,Headphone,Gadgets,USA,New York,223.96,-957.96,450.48,0.15,16.48,Credit Card,Online,L. Martin,USD
11004,7,8692.425,1181.645,2137,Sofia Garcia,1/20/2023,Headphone,Gadgets,Germany,Berlin,1472.87,1379.75,855.7,0.1,48.01,Credit Card,Online,L. Martin,EUR
11005,3,1904.664,733.094,1611,Ahmed Chen,8/24/2024,Keyboard,Tech,USA,New York,180.73,793.61,326.81,0.2,10.41,Bank Transfer,Direct,Unknown,USD
11006,4,5150.92,1533.93,1687,Mariam Silva,1/31/2024,Phone,Electronic,Spain,Madrid,497.84,1287.73,770.1,0,38.75,Bank Transfer,Online,Unknown,USD
11007,7,7631.939,975.219,1115,Youssef Lopez,6/12/2023,Keyboard,Electronic,Morocco,Casablanca,1397.53,1147.66,748.91,0.05,16.82,Crypto,Retail,L. Martin,USD
11008,6,1033.8,113.52,2881,Ali Kowalski,1/25/2025,Keyboard,Tech,Morocco,Casablanca,93.29,172.3,131.82,0,36.07,Bank Transfer,Retail,K. Haddad,USD
11009,3,943.608,6.598,2939,Leo Smith,5/13/2023,Tablet,Tech,USA,New York,156.83,393.17,253.75,0.2,18.93,Credit Card,Retail,S. Rossi,EUR
11010,2,372.024,34.794,2357,Fatima Ibrahim,2/8/2023,Laptop,Electronic,Morocco,Casablanca,55.25,206.68,137.39,0.1,7.2,Cash,Direct,Unknown,USD
11011,2,2616.93,380.06,2057,Noah Silva,8/30/2023,Phone,Tech,UAE,Dubai,347.41,1453.85,933.53,0.1,22.4,Crypto,Online,A. Johnson,MAD
11012,7,1120.91,459.48,2018,Nora Benali,7/31/2023,Smartphone,Tech,France,Paris,177.31,160.13,66.68,0,17.36,Crypto,Retail,Unknown,EUR
11013,4,3754.224,-97.806,1851,Emma Ibrahim,5/26/2024,Mouse,Electronic,USA,New York,338.66,1042.84,877.65,0.1,2.77,Bank Transfer,Retail,M. Lopez,USD
11014,4,2191.12,634.47,2695,John Ibrahim,9/24/2023,Laptop,Electronic,Morocco,Casablanca,361.43,547.78,290.71,0,32.38,Bank Transfer,Direct,Unknown,USD
11015,3,2115.6075,14.8675,2767,John Kowalski,5/21/2025,Laptop,Tech,USA,New York,269.89,829.65,601.48,0.15,26.41,Credit Card,Retail,Unknown,USD
11016,5,4387.16,-172.29,1082,Leo Kowalski,10/30/2023,Laptop,Tech,USA,New York,629.06,1096.79,784.13,0.2,9.74,Credit Card,Online,K. Haddad,USD
11017,2,1497.5,112.51,2772,Maria Silva,5/18/2023,Headphone,Electronic,France,Paris,137.09,748.75,612.75,0,22.4,Credit Card,Partner,M. Lopez,EUR
11018,7,3736.6595,1043.6395,2651,Ahmed Garcia,6/19/2024,Smartphone,Tech,Germany,Berlin,435.53,628.01,319.56,0.15,20.57,Credit Card,Online,M. Lopez,USD
11019,7,2437.61,7.5,2815,Sara Khan,1/11/2023,Smartphone,Tech,USA,New York,481.45,348.23,275.18,0,22.4,Crypto,Online,A. Johnson,EUR
11020,1,123.6325,-27.2775,1652,Leo Smith,6/18/2024,Monitor,Electronic,UAE,Dubai,16.56,145.45,116.91,0.15,17.44,Credit Card,Partner,M. Lopez,USD
11021,5,414.1625,-36.7675,2866,Sara Benali,11/1/2024,Headphone,Tech,UAE,Dubai,22.6,97.45,77.12,0.15,42.73,Cash,Online,S. Rossi,USD
11022,6,7626.54,1233.03,2894,Noah Lopez,7/15/2023,Headphone,Electronic,Spain,Madrid,559.44,1271.09,970.58,0,10.59,Bank Transfer,Retail,K. Haddad,MAD
11023,2,2304.768,-323.832,1939,Noah Haddad,9/27/2024,Tablet,Electronic,France,Paris,460.46,1440.48,1063.19,0.2,41.76,Credit Card,Online,S. Rossi,USD
11024,6,3312.06,-58.82,1983,Youssef Garcia,7/26/2024,Mouse,Tech,Germany,Berlin,613.54,552.01,457.72,0,11.02,PayPal,Direct,Unknown,EUR
11025,1,312.424,-24.156,2729,Ali Chen,2/25/2025,Keyboard,Gadgets,USA,New York,18.5,390.53,286.91,0.2,31.17,Crypto,Partner,A. Johnson,MAD
11026,6,6177.885,-279.515,2992,Lucas Benali,6/2/2023,Phone,Tech,Spain,Madrid,0,1211.35,1070.43,0.15,34.82,Cash,Retail,M. Lopez,EUR
11027,1,649.502,158.912,1448,Sara Haddad,11/29/2023,Mouse,Tech,USA,New York,105.57,764.12,360.83,0.15,24.19,Bank Transfer,Retail,S. Rossi,USD
11028,1,29.313,-14.167,2901,Ahmed Ibrahim,8/27/2024,Smartphone,Tech,France,Paris,3.9,32.57,25.42,0.1,14.16,Crypto,Retail,L. Martin,EUR
11029,2,750.84,228.26,2877,Luis Smith,2/10/2025,Headphone,Tech,Spain,Madrid,82.97,375.42,210.9,0,17.81,Credit Card,Direct,Unknown,EUR
11030,4,770.8,62.05,2702,Mariam Lopez,4/12/2024,Laptop,Gadgets,USA,New York,124.97,192.7,140.29,0,22.62,Credit Card,Online,L. Martin,USD
11031,4,3272.5,-517.4,1519,Sara Benali,12/10/2023,Mouse,Gadgets,UAE,Dubai,348.31,962.5,854.11,0.15,25.15,Credit Card,Online,S. Rossi,EUR
11032,3,3605.751,323.301,2685,Mariam Smith,7/11/2024,Laptop,Electronic,Morocco,Casablanca,0,1414.02,1088.49,0.15,16.98,Cash,Partner,S. Rossi,USD
11033,5,417.33,152.77,2869,Fatima Garcia,6/1/2023,Laptop,Electronic,UAE,Dubai,0,92.74,45.96,0.1,34.76,Cash,Online,A. Johnson,MAD
11034,3,3275.5005,-19.0395,1476,Ali Chen,2/5/2024,Phone,Gadgets,France,Paris,287.59,1284.51,994.85,0.15,22.4,PayPal,Retail,Unknown,MAD
11035,1,751.518,-85.942,1737,Ali Haddad,7/21/2023,Laptop,Tech,Morocco,Casablanca,96.21,835.02,728.33,0.1,12.92,Credit Card,Online,A. Johnson,USD
11036,4,2932.38,73.07,1154,Ali Smith,7/5/2023,Phone,Gadgets,Spain,Madrid,0,814.55,707.26,0.1,30.27,PayPal,Online,M. Lopez,EUR
11037,5,368.9,147.98,2148,Sofia Khan,3/20/2023,Mouse,Electronic,France,Paris,29.49,73.78,33.27,0,25.08,Credit Card,Partner,A. Johnson,EUR
11038,3,1275.588,161.138,2339,Lucas Haddad,10/29/2023,Laptop,Tech,Spain,Madrid,167.26,472.44,312.87,0.1,8.58,Crypto,Online,M. Lopez,USD
11039,4,475.912,108.302,2674,Fatima Rossi,10/19/2023,Laptop,Gadgets,Germany,Berlin,73.73,125.24,71.74,0.05,6.92,Cash,Online,A. Johnson,EUR
11040,1,1396.09,-87.98,2846,Ali Lopez,9/10/2023,Headphone,Electronic,France,Paris,259.71,1396.09,1220.09,0,4.27,Bank Transfer,Direct,A. Johnson,EUR
11041,4,3682.692,1111.322,2346,Nora Haddad,2/25/2023,Laptop,Electronic,Morocco,Casablanca,457.35,1022.97,525.16,0.1,13.38,Credit Card,Online,Unknown,EUR
11042,7,2865.52,152.93,1070,Sofia Ibrahim,8/16/2024,Tablet,Gadgets,Morocco,Casablanca,512.49,409.36,312.01,0,16.03,Cash,Retail,A. Johnson,EUR
11043,2,711.113,167.273,1605,Lucas Chen,3/20/2025,Tablet,Electronic,Morocco,Casablanca,51.53,374.27,227.92,0.05,36.47,Bank Transfer,Online,S. Rossi,USD
11044,1,823.631,180.891,2596,Sara Smith,4/15/2024,Headphone,Electronic,USA,New York,89.12,866.98,538.33,0.05,15.29,Crypto,Online,K. Haddad,EUR
11045,4,1943.168,13.038,2405,Sara Khan,5/14/2025,Monitor,Tech,Spain,Madrid,328.21,511.36,394.88,0.05,22.4,Crypto,Retail,A. Johnson,EUR
11046,6,6693.75,2881.15,2484,John Silva,7/27/2023,Keyboard,Gadgets,Germany,Berlin,466.93,1312.5,552.33,0.15,31.69,Cash,Online,M. Lopez,EUR
11047,6,5051.04,1253.54,1946,Lucas Ibrahim,6/12/2023,Mouse,Electronic,USA,New York,429.23,841.84,558.8,0,15.47,Cash,Online,Unknown,USD
11048,5,3817.9075,1008.8575,1938,Emma Chen,1/22/2024,Mouse,Electronic,Morocco,Casablanca,392.31,803.77,482.62,0.05,3.64,Bank Transfer,Partner,S. Rossi,USD
11049,3,3444.1965,617.0265,1799,Lucas Rossi,3/1/2024,Headphone,Tech,Spain,Madrid,587.17,1208.49,734.32,0.05,37.04,Cash,Direct,S. Rossi,USD
11050,3,1570.7205,219.8005,1669,Emma Ibrahim,1/11/2024,Phone,Electronic,UAE,Dubai,147.97,551.13,388.56,0.05,37.27,Cash,Online,Unknown,USD
11051,4,1425.08,311.31,1339,John Ibrahim,7/18/2024,Headphone,Electronic,UAE,Dubai,241.94,356.27,214.9,0,12.23,Cash,Online,A. Johnson,USD
11052,4,5427.36,2353.99,1145,Leo Khan,12/16/2024,Headphone,Tech,Morocco,Casablanca,628.49,1356.84,609.59,0,6.52,Cash,Online,M. Lopez,EUR
11053,7,3552.416,1062.756,1370,Luis Chen,7/2/2024,Tablet,Electronic,France,Paris,492.7,634.36,282.08,0.2,22.4,Crypto,Online,M. Lopez,MAD
11054,7,8713.74,2176.77,1213,Ali Haddad,7/27/2024,Keyboard,Electronic,USA,New York,1187.34,1244.82,764.11,0,0.86,Crypto,Online,A. Johnson,EUR
11055,5,6133.09,1.76,2386,Sofia Khan,5/19/2024,Laptop,Tech,Germany,Berlin,310.43,1443.08,1159.7,0.15,22.4,PayPal,Partner,Unknown,MAD
11056,2,901,206.41,2996,Maria Rahmani,2/6/2024,Monitor,Gadgets,Spain,Madrid,140.84,530,254.66,0.15,44.43,Credit Card,Direct,Unknown,MAD
11057,2,462.82,1.24,2016,Fatima Dubois,9/28/2024,Headphone,Electronic,UAE,Dubai,62.73,231.41,180.99,0,36.87,Credit Card,Retail,Unknown,EUR
11058,2,1845.306,716.166,2640,Leo Silva,5/20/2024,Laptop,Electronic,USA,New York,205.17,1025.17,448.04,0.1,27.89,PayPal,Retail,Unknown,USD
11059,1,755.8795,188.1795,2640,Ahmed Rossi,6/5/2025,Tablet,Gadgets,Spain,Madrid,88.77,889.27,433.17,0.15,45.76,Bank Transfer,Online,K. Haddad,MAD
11060,1,400.077,55.177,2828,Sofia Dubois,10/14/2023,Phone,Electronic,UAE,Dubai,56.12,444.53,240.15,0.1,48.63,Cash,Direct,S. Rossi,USD
11061,6,6938.652,-1303.408,2543,Youssef Khan,10/27/2024,Monitor,Tech,Germany,Berlin,982.58,1360.52,1207.52,0.15,14.36,PayPal,Direct,K. Haddad,EUR
11062,5,5557.47,189.69,1103,Maria Chen,1/11/2025,Mouse,Tech,UAE,Dubai,636.19,1307.64,938.95,0.15,36.84,Credit Card,Retail,Unknown,MAD
11063,5,2293.395,-447.805,1276,Fatima Haddad,3/6/2023,Keyboard,Electronic,UAE,Dubai,261.26,482.82,490,0.05,29.94,Credit Card,Direct,M. Lopez,USD
11064,4,4397.12,-153.1,1109,Leo Silva,6/28/2024,Monitor,Gadgets,USA,New York,840.65,1099.28,920.51,0,27.53,Bank Transfer,Retail,S. Rossi,USD
11065,5,2051.12,651.03,1591,Ali Haddad,2/21/2025,Mouse,Electronic,Morocco,Casablanca,200.06,512.78,237.15,0.2,14.28,PayPal,Online,M. Lopez,USD
11066,7,10481.31,3920.18,1908,Leo Garcia,10/12/2024,Mouse,Electronic,France,Paris,1352.33,1497.33,739.63,0,31.39,Crypto,Online,Unknown,MAD
11067,3,2437.23,92.68,1521,Noah Benali,6/3/2024,Tablet,Tech,Morocco,Casablanca,392.2,812.41,645.22,0,16.69,Cash,Retail,Unknown,USD
11068,3,857.67,336.64,1559,Ahmed Khan,5/10/2023,Tablet,Tech,UAE,Dubai,128.63,285.89,128.62,0,6.54,Bank Transfer,Retail,S. Rossi,EUR
11069,4,2925,-379.29,2238,Noah Chen,4/4/2024,Keyboard,Tech,USA,New York,457.67,812.5,705.15,0.1,26.02,Credit Card,Partner,A. Johnson,USD
11070,3,3305.829,34.789,2729,Youssef Ibrahim,6/27/2024,Smartphone,Gadgets,Morocco,Casablanca,567.5,1159.94,897.62,0.05,10.68,Cash,Direct,M. Lopez,USD
11071,4,5487.39,1945.2,1052,Mariam Kowalski,6/3/2024,Laptop,Tech,France,Paris,347.63,1444.05,786.95,0.05,46.76,Crypto,Retail,Unknown,EUR
11072,5,1132.47,198.68,1298,Youssef Rahmani,10/3/2023,Tablet,Tech,France,Paris,170.51,251.66,146.8,0.1,29.28,Cash,Online,K. Haddad,MAD
11073,2,507.471,174.501,1877,Maria Haddad,4/25/2023,Tablet,Gadgets,Morocco,Casablanca,64.53,267.09,123.02,0.05,22.4,Credit Card,Online,M. Lopez,USD
11074,7,3562.16,367.65,1707,Youssef Khan,8/24/2024,Phone,Gadgets,France,Paris,392.51,636.1,397.2,0.2,21.6,Credit Card,Retail,Unknown,MAD
11075,7,9551.15,1331.57,1476,Ahmed Smith,4/22/2025,Laptop,Tech,Morocco,Casablanca,631.21,1364.45,1078.8,0,36.77,PayPal,Retail,Unknown,MAD
11076,1,1297.8805,168.7505,2368,Nora Smith,6/14/2024,Mouse,Electronic,France,Paris,108.92,1366.19,979.48,0.05,40.73,Crypto,Online,Unknown,MAD
11077,2,1292.624,267.914,2729,Fatima Ibrahim,5/24/2023,Keyboard,Electronic,USA,New York,125.7,807.89,445.7,0.2,7.61,Cash,Online,Unknown,USD
11078,5,3058.2,1041.02,1481,Noah Benali,3/31/2024,Laptop,Gadgets,France,Paris,307.18,764.55,337.52,0.2,22.4,Crypto,Direct,S. Rossi,USD
11079,3,1890.462,722.462,1104,Youssef Haddad,12/5/2024,Laptop,Electronic,Morocco,Casablanca,169.84,663.32,329.29,0.05,10.29,Bank Transfer,Partner,Unknown,EUR
11080,7,5120.514,391.664,1395,Maria Dubois,7/10/2024,Tablet,Electronic,Morocco,Casablanca,0,812.78,672.35,0.1,22.4,Credit Card,Online,Unknown,USD
11081,1,192.888,-31.202,2308,John Lopez,10/1/2023,Keyboard,Electronic,USA,New York,24.42,241.11,157.93,0.2,41.74,Bank Transfer,Online,Unknown,USD
11082,6,4262.289,143.719,1185,John Chen,5/8/2023,Monitor,Tech,Morocco,Casablanca,286.9,747.77,634.2,0.05,26.47,Credit Card,Retail,L. Martin,MAD
11083,1,305.983,79.293,1002,Leo Khan,8/24/2023,Headphone,Tech,Spain,Madrid,44.16,359.98,179.91,0.15,2.62,Cash,Online,M. Lopez,USD
11084,1,425.64,29.85,1916,Ahmed Lopez,11/7/2024,Smartphone,Tech,UAE,Dubai,52.12,425.64,340.76,0,2.91,Credit Card,Retail,Unknown,USD
11085,4,1219.428,254.108,2027,Ahmed Rossi,10/28/2024,Laptop,Tech,Spain,Madrid,199.08,338.73,184.92,0.1,26.56,PayPal,Online,M. Lopez,USD
11086,6,3400.272,-184.128,1851,Lucas Smith,5/22/2024,Tablet,Electronic,Morocco,Casablanca,277.26,629.68,546.06,0.1,30.78,Credit Card,Online,K. Haddad,MAD
11087,5,4955.7,1722.97,1767,John Benali,2/14/2024,Mouse,Tech,USA,New York,766.7,991.14,490,0,16.03,Bank Transfer,Partner,L. Martin,USD
11088,5,3497.175,1196.995,2100,Emma Kowalski,3/17/2024,Keyboard,Tech,UAE,Dubai,408.66,777.15,372.61,0.1,28.47,Bank Transfer,Online,M. Lopez,MAD
11089,2,1438.224,397.884,1141,Maria Chen,6/11/2025,Mouse,Gadgets,Spain,Madrid,199.84,756.96,420.13,0.05,0.24,Bank Transfer,Direct,M. Lopez,USD
11090,7,4805.696,-682.034,2326,Ali Silva,9/15/2024,Laptop,Gadgets,USA,New York,752.74,858.16,670.78,0.2,39.53,Credit Card,Direct,A. Johnson,USD
11091,1,649.062,99.062,1595,John Dubois,1/16/2023,Tablet,Electronic,France,Paris,78.03,721.18,449.57,0.1,22.4,Credit Card,Online,K. Haddad,MAD
11092,6,4429.782,186.032,2269,Fatima Smith,10/16/2023,Laptop,Gadgets,USA,New York,559.66,820.33,605.94,0.1,48.45,Bank Transfer,Partner,Unknown,USD
11093,4,3881.28,1055.36,2486,Sofia Benali,7/18/2023,Keyboard,Electronic,USA,New York,689.18,970.32,532.78,0,5.62,PayPal,Partner,S. Rossi,USD
11094,2,1821,759.55,2610,Leo Haddad,6/6/2023,Mouse,Tech,USA,New York,240.36,910.5,391.83,0,37.43,Credit Card,Online,K. Haddad,USD
11095,1,488.961,150.231,2043,Mariam Rossi,2/2/2023,Laptop,Tech,USA,New York,38.69,543.29,253.3,0.1,46.74,Cash,Online,Unknown,MAD
11096,6,2409.792,209.562,2880,Sofia Chen,6/3/2024,Phone,Electronic,Germany,Berlin,275.72,502.04,319.44,0.2,7.87,Bank Transfer,Partner,Unknown,USD
11097,5,6396.39,2275.97,2805,Mariam Garcia,10/19/2023,Tablet,Tech,Germany,Berlin,399.82,1421.42,739.64,0.1,22.4,Credit Card,Partner,K. Haddad,USD
11098,2,1175.435,276.985,1622,Sara Khan,11/17/2023,Tablet,Electronic,France,Paris,119.71,618.65,388.4,0.05,1.94,Bank Transfer,Online,A. Johnson,MAD
11099,3,1620.432,375.402,1348,John Benali,9/28/2023,Tablet,Electronic,Morocco,Casablanca,166.25,600.16,350.7,0.1,26.68,Crypto,Online,Unknown,MAD
11100,5,679.56,-20.78,1121,Sara Garcia,2/10/2023,Smartphone,Tech,Morocco,Casablanca,59.51,169.89,125.37,0.2,13.98,Credit Card,Direct,L. Martin,MAD
11101,2,2139.02,819.66,1922,Noah Dubois,3/29/2025,Headphone,Tech,Morocco,Casablanca,396.53,1069.51,439.06,0,44.71,PayPal,Direct,L. Martin,EUR
11102,1,751.518,-75.112,2703,John Silva,4/2/2025,Phone,Electronic,USA,New York,126.93,835.02,675.03,0.1,24.67,Crypto,Online,Unknown,EUR
11103,3,2816.22,311.26,2640,Maria Chen,6/5/2024,Keyboard,Electronic,Morocco,Casablanca,144.79,1104.4,782.4,0.15,12.97,Cash,Partner,L. Martin,EUR
11104,6,4530.942,353.292,1605,Nora Rossi,5/6/2024,Keyboard,Electronic,Germany,Berlin,849.75,888.42,553.37,0.15,7.68,Credit Card,Direct,S. Rossi,USD
11105,7,7015.12,529.62,2736,Ahmed Rossi,5/6/2023,Headphone,Gadgets,France,Paris,882.96,1002.16,793.7,0,46.64,Bank Transfer,Direct,Unknown,USD
11106,7,4108.51,248.57,2232,Youssef Rahmani,10/8/2023,Headphone,Gadgets,USA,New York,695.54,586.93,448.86,0,22.38,Bank Transfer,Online,K. Haddad,USD
11107,5,-4001.7,-7997.51,1433,Sofia Garcia,5/24/2023,Tablet,Electronic,Morocco,Casablanca,494.48,-800.34,692.24,0,40.13,PayPal,Direct,L. Martin,EUR
11108,6,5056.5,1022.39,1857,Luis Silva,6/21/2023,Tablet,Gadgets,France,Paris,968.3,842.75,507.33,0,21.83,Bank Transfer,Retail,Unknown,USD
11109,5,962.55,63.02,2921,Maria Lopez,10/10/2023,Laptop,Electronic,Spain,Madrid,104.16,213.9,149.83,0.1,46.22,Credit Card,Retail,Unknown,USD
11110,7,3333.6065,223.3765,1372,Sofia Haddad,12/28/2023,Smartphone,Electronic,Germany,Berlin,653.2,560.27,345.25,0.15,40.28,Crypto,Online,M. Lopez,MAD
11111,4,3477.92,493.6,2126,Maria Kowalski,8/3/2023,Laptop,Tech,UAE,Dubai,471.83,869.48,624.9,0,12.89,Cash,Partner,S. Rossi,USD
11112,4,2245.7,399.71,2772,Maria Chen,8/22/2024,Monitor,Electronic,Germany,Berlin,123.38,660.5,424.1,0.15,26.21,Bank Transfer,Partner,Unknown,EUR
11113,6,2440.707,847.837,2663,Maria Chen,1/28/2023,Smartphone,Tech,Morocco,Casablanca,298.49,478.57,211.96,0.15,22.62,Cash,Direct,L. Martin,EUR
11114,7,3068.52,179.94,2317,Luis Silva,1/12/2025,Tablet,Gadgets,Germany,Berlin,173.52,547.95,381.51,0.2,44.49,Crypto,Online,A. Johnson,USD
11115,4,1208.666,-29.734,2358,Mariam Chen,1/31/2023,Tablet,Tech,France,Paris,95.1,318.07,279.75,0.05,24.3,Bank Transfer,Online,S. Rossi,USD
11116,1,324.887,-68.213,1630,Ali Benali,3/8/2023,Tablet,Tech,France,Paris,51.35,382.22,321.35,0.15,20.4,Cash,Online,K. Haddad,MAD
11117,7,1514.3345,-193.0055,1392,Mariam Rahmani,1/12/2025,Keyboard,Tech,Morocco,Casablanca,258.43,254.51,202.04,0.15,34.63,PayPal,Partner,S. Rossi,MAD
11118,4,637.976,-63.374,2458,Emma Dubois,3/17/2024,Laptop,Tech,USA,New York,106.95,187.64,147.57,0.15,4.12,PayPal,Partner,Unknown,MAD
11119,1,118.066,6.026,1838,Emma Chen,1/23/2025,Headphone,Tech,France,Paris,22.64,124.28,67,0.05,22.4,Credit Card,Retail,Unknown,MAD
11120,2,-1596.209,-3059.909,1364,Mariam Haddad,2/15/2025,Mouse,Tech,UAE,Dubai,299.55,-840.11,557.47,0.05,49.21,Cash,Online,M. Lopez,USD
11121,1,206.9,-1,1350,Maria Haddad,6/29/2023,Phone,Tech,Morocco,Casablanca,24.98,206.9,180.6,0,2.32,Bank Transfer,Online,S. Rossi,EUR
11122,1,868.432,-61.178,1799,Ahmed Lopez,3/11/2024,Mouse,Electronic,Spain,Madrid,53.47,1085.54,843.36,0.2,32.78,PayPal,Direct,Unknown,USD
11123,4,5199.48,-362.83,1782,Maria Rossi,1/25/2024,Keyboard,Gadgets,USA,New York,664.23,1444.3,1220.59,0.1,15.72,Credit Card,Retail,L. Martin,MAD
11124,5,5276.5375,2067.7475,2014,Emma Haddad,3/14/2023,Mouse,Tech,Germany,Berlin,761.84,1110.85,483.28,0.05,30.55,Credit Card,Retail,A. Johnson,EUR
11125,5,5492.8275,884.4475,2276,Fatima Dubois,1/13/2023,Headphone,Gadgets,USA,New York,501.99,1292.43,813.1,0.15,40.89,Credit Card,Online,K. Haddad,EUR
11126,3,1565.865,185.095,2708,Noah Khan,6/5/2023,Headphone,Tech,Germany,Berlin,0,579.95,449.38,0.1,32.63,Crypto,Online,K. Haddad,USD
11127,2,663.16,85.09,2004,Maria Haddad,7/26/2024,Smartphone,Electronic,Morocco,Casablanca,130.79,331.58,215.77,0,15.74,Bank Transfer,Direct,Unknown,USD
11128,4,1358.842,96.912,1432,Mariam Lopez,12/10/2024,Keyboard,Electronic,Morocco,Casablanca,0,357.59,307.92,0.05,30.25,Bank Transfer,Retail,Unknown,USD
11129,3,561.96,54.29,1870,Sara Garcia,6/17/2025,Keyboard,Tech,France,Paris,42.97,187.32,145.87,0,27.09,Bank Transfer,Direct,Unknown,EUR
11130,1,334.7325,85.8625,2966,Nora Benali,12/25/2023,Headphone,Electronic,Germany,Berlin,0,352.35,222.95,0.05,25.92,Crypto,Online,L. Martin,USD
11131,6,6596.736,1489.766,2222,Nora Garcia,7/30/2023,Tablet,Tech,Morocco,Casablanca,579.95,1374.32,751.31,0.2,19.16,PayPal,Online,S. Rossi,USD
11132,2,2266.336,-454.034,1549,Maria Rossi,11/11/2024,Keyboard,Gadgets,France,Paris,286.39,1416.46,1205.79,0.2,22.4,Crypto,Online,M. Lopez,USD
11133,4,692.8,199.09,1986,Leo Silva,2/16/2023,Mouse,Tech,USA,New York,132.09,173.2,78.58,0,47.3,PayPal,Online,S. Rossi,EUR
11134,6,3814.725,376.945,2815,Luis Dubois,8/9/2023,Smartphone,Electronic,Spain,Madrid,702.91,669.25,448.65,0.05,42.97,Credit Card,Direct,Unknown,EUR
11135,4,3106.188,971.518,2884,Maria Haddad,9/6/2024,Laptop,Gadgets,Morocco,Casablanca,159.65,862.83,493.18,0.1,2.3,Cash,Retail,M. Lopez,USD
11136,1,1333.66,621.21,2974,John Garcia,2/20/2025,Laptop,Electronic,France,Paris,189.35,1333.66,490,0,33.1,Bank Transfer,Partner,S. Rossi,USD
11137,7,8644.2195,610.0695,2690,Mariam Silva,6/14/2023,Mouse,Tech,USA,New York,0,1452.81,1147.4,0.15,2.35,PayPal,Partner,Unknown,USD
11138,3,2191.68,305.95,2180,Nora Khan,1/30/2025,Keyboard,Electronic,Spain,Madrid,376.67,730.56,487.78,0,45.72,Cash,Retail,M. Lopez,MAD
11139,2,2511.936,182.636,2699,Sara Garcia,7/21/2024,Laptop,Electronic,France,Paris,333.71,1395.52,996.7,0.1,2.19,Credit Card,Online,Unknown,MAD
11140,5,3389.15,1048.87,1204,Maria Khan,12/26/2024,Laptop,Electronic,USA,New York,510.04,677.83,357.99,0,40.29,Credit Card,Online,A. Johnson,USD
11141,6,703.239,249.889,2454,Leo Benali,6/8/2025,Headphone,Electronic,Morocco,Casablanca,86.31,137.89,58.5,0.15,16.04,Cash,Online,Unknown,USD
11142,4,769.348,282.528,1497,Fatima Dubois,4/28/2025,Tablet,Gadgets,France,Paris,88.11,202.46,95.91,0.05,15.07,Cash,Direct,S. Rossi,EUR
11143,4,4600.52,-153.53,1409,Ali Silva,4/5/2024,Monitor,Gadgets,Spain,Madrid,623.59,1150.13,1030.86,0,7.02,Cash,Online,K. Haddad,USD
11144,1,800.69,-2.71,2351,Maria Kowalski,3/8/2024,Tablet,Tech,USA,New York,105.48,800.69,650.5,0,47.42,Crypto,Online,S. Rossi,EUR
11145,1,524.71,1.81,1256,Sara Kowalski,11/2/2024,Headphone,Electronic,Spain,Madrid,31.29,524.71,462.23,0,29.38,Credit Card,Partner,S. Rossi,USD
11146,3,611.064,-21.276,2864,Ali Kowalski,5/25/2023,Phone,Electronic,Spain,Madrid,119.12,254.61,163.9,0.2,21.52,Credit Card,Partner,K. Haddad,EUR
11147,4,1947.656,-115.674,1642,Maria Rossi,7/8/2024,Laptop,Tech,UAE,Dubai,364.33,572.84,421.03,0.15,14.88,Crypto,Online,K. Haddad,USD
11148,4,2339.052,843.622,1847,John Kowalski,5/19/2023,Phone,Electronic,UAE,Dubai,301.71,615.54,292.83,0.05,22.4,Crypto,Online,A. Johnson,USD
11149,7,186.1335,8.3135,2111,John Rossi,12/13/2024,Phone,Electronic,Morocco,Casablanca,21.67,27.99,20.55,0.05,12.3,Credit Card,Direct,L. Martin,MAD
11150,1,827.451,172.251,1073,Emma Silva,3/2/2023,Keyboard,Gadgets,Morocco,Casablanca,65.43,919.39,552.86,0.1,36.91,Credit Card,Partner,A. Johnson,USD
11151,3,494.49,111.49,2762,John Rossi,6/30/2023,Laptop,Electronic,UAE,Dubai,38.7,164.83,113.42,0,4.04,Cash,Retail,Unknown,USD
11152,5,1648.845,732.635,1472,Ahmed Dubois,11/1/2024,Laptop,Electronic,UAE,Dubai,130.68,366.41,155.68,0.1,7.13,Cash,Retail,M. Lopez,USD
11153,4,2425.96,283.35,1925,John Smith,1/8/2025,Tablet,Tech,Spain,Madrid,307.82,606.49,453.01,0,22.75,Crypto,Retail,Unknown,USD
11154,6,5506.866,109.066,2648,Sofia Haddad,6/30/2024,Keyboard,Tech,Germany,Berlin,547.37,1019.79,804.27,0.1,24.81,Cash,Direct,M. Lopez,USD
11155,5,1279.1275,95.5375,2689,Sara Ibrahim,10/23/2024,Mouse,Electronic,USA,New York,97.74,269.29,210.11,0.05,35.3,Crypto,Direct,S. Rossi,EUR
11156,7,6322.7675,954.6075,2345,Nora Chen,11/10/2024,Mouse,Tech,Morocco,Casablanca,686.1,1062.65,666.2,0.15,18.66,Credit Card,Partner,L. Martin,USD
11157,5,5788.575,680.985,1363,Ali Rossi,3/13/2023,Smartphone,Gadgets,France,Paris,874.82,1286.35,845.56,0.1,4.97,Cash,Online,M. Lopez,MAD
11158,2,830.772,219.242,1652,Leo Lopez,10/2/2023,Tablet,Electronic,USA,New York,86.74,461.54,245.31,0.1,34.17,PayPal,Online,S. Rossi,MAD
11159,3,1874.8725,551.6825,1769,Ahmed Benali,6/27/2023,Keyboard,Electronic,USA,New York,330.35,657.85,320.63,0.05,30.95,Credit Card,Online,S. Rossi,MAD
11160,7,1121.47,6.93,1390,Maria Garcia,6/14/2025,Laptop,Tech,USA,New York,114.72,160.21,142.26,0,4,PayPal,Partner,Unknown,USD
11161,6,4282.272,343.932,2810,Youssef Kowalski,4/28/2025,Headphone,Electronic,UAE,Dubai,253.69,892.14,606.65,0.2,44.75,Credit Card,Online,Unknown,EUR
11162,6,6244.02,1826.22,1022,Sofia Smith,7/19/2024,Laptop,Electronic,USA,New York,959.03,1040.67,573.09,0,20.23,Crypto,Retail,K. Haddad,MAD
11163,5,3986.64,268.59,2206,John Rossi,7/22/2024,Laptop,Tech,France,Paris,779.79,885.92,581.68,0.1,29.86,Crypto,Direct,Unknown,MAD
11164,2,1323.98,86.74,2556,John Smith,2/21/2023,Tablet,Tech,France,Paris,230.07,661.99,490,0,27.17,Cash,Online,A. Johnson,MAD
11165,4,1756.816,579.016,1974,Noah Kowalski,4/16/2025,Mouse,Tech,Spain,Madrid,250.24,462.32,229.54,0.05,9.4,Credit Card,Online,L. Martin,EUR
11166,4,2160.19,246.21,1619,Sofia Rahmani,8/8/2024,Keyboard,Tech,Morocco,Casablanca,278.82,635.35,403.19,0.15,22.4,Bank Transfer,Direct,L. Martin,USD
11167,7,9338.35,1198.71,1500,Leo Silva,7/5/2023,Laptop,Electronic,USA,New York,1111.41,1334.05,1002.53,0,10.52,Credit Card,Partner,L. Martin,MAD
11168,4,4563.252,1209.322,2440,Fatima Kowalski,4/10/2023,Headphone,Tech,UAE,Dubai,0,1267.57,836.89,0.1,6.37,Credit Card,Online,K. Haddad,USD
11169,2,2218.231,397.211,2941,Fatima Dubois,6/25/2023,Headphone,Tech,Morocco,Casablanca,325.44,1167.49,730.09,0.05,35.4,Credit Card,Direct,A. Johnson,EUR
11170,5,-4582.8,-7364.27,1212,Fatima Lopez,10/9/2023,Headphone,Electronic,Spain,Madrid,309.07,-1145.7,490,0.2,22.4,Bank Transfer,Online,K. Haddad,EUR
11171,1,628.92,-49.98,2782,Noah Lopez,4/7/2025,Smartphone,Electronic,Morocco,Casablanca,113.65,698.8,516.06,0.1,49.19,Credit Card,Direct,A. Johnson,MAD
11172,4,1413.24,393.97,2904,Sofia Chen,6/9/2025,Keyboard,Gadgets,Morocco,Casablanca,249.91,353.31,186.74,0,22.4,Cash,Direct,Unknown,USD
11173,6,8124.84,1152.33,2330,Ali Rahmani,5/19/2025,Mouse,Electronic,USA,New York,1423.18,1354.14,919.07,0,34.91,PayPal,Partner,S. Rossi,USD
11174,1,1230.5,502.96,1864,Sara Khan,12/17/2024,Phone,Electronic,USA,New York,169.05,1230.5,515.8,0,42.69,Crypto,Direct,Unknown,EUR
11175,2,1485.702,646.092,2953,Lucas Rossi,3/8/2024,Mouse,Electronic,UAE,Dubai,150.72,825.39,333.46,0.1,21.97,Credit Card,Direct,K. Haddad,MAD
11176,7,7184.3275,2372.7075,2604,Youssef Rossi,4/30/2023,Mouse,Tech,Morocco,Casablanca,812.8,1080.35,566.98,0.05,29.96,PayPal,Retail,S. Rossi,EUR
11177,4,4484.256,-637.814,1285,Nora Kowalski,8/30/2024,Tablet,Electronic,Germany,Berlin,450.79,1401.33,1162.22,0.2,22.4,Credit Card,Direct,M. Lopez,EUR
11178,5,541.4925,-111.0075,2486,Fatima Kowalski,5/12/2023,Headphone,Gadgets,Morocco,Casablanca,104.45,127.41,105.13,0.15,22.4,Credit Card,Online,K. Haddad,USD
11179,2,2769.896,956.156,1896,Leo Silva,2/10/2025,Mouse,Electronic,Spain,Madrid,232.08,1457.84,784.49,0.05,12.68,Crypto,Retail,Unknown,USD
11180,2,1361.584,315.144,2271,Mariam Benali,1/18/2024,Laptop,Tech,Morocco,Casablanca,168.94,850.99,419.51,0.2,38.48,PayPal,Retail,Unknown,USD
11181,2,2098.565,395.985,1840,Ahmed Silva,10/4/2024,Laptop,Tech,UAE,Dubai,340.5,1234.45,669.84,0.15,22.4,Credit Card,Online,Unknown,EUR
11182,4,2040.084,125.154,2777,Lucas Garcia,4/25/2025,Keyboard,Gadgets,France,Paris,395.5,566.69,369.99,0.1,39.47,Cash,Online,S. Rossi,USD
11183,2,1418.176,257.116,2647,Ahmed Kowalski,9/30/2024,Mouse,Gadgets,France,Paris,161.85,886.36,490,0.2,19.21,Crypto,Direct,Unknown,MAD
11184,1,281.904,-14.866,1467,Sara Benali,3/13/2023,Laptop,Tech,Morocco,Casablanca,47.46,352.38,229.08,0.2,20.23,PayPal,Partner,Unknown,USD
11185,1,407.493,-36.507,2513,Youssef Dubois,1/14/2025,Phone,Electronic,USA,New York,56.49,452.77,379.17,0.1,8.34,PayPal,Online,Unknown,USD
11186,6,3566.328,1340.568,1386,Lucas Chen,3/28/2023,Smartphone,Electronic,USA,New York,0,699.28,363.08,0.15,47.28,Bank Transfer,Retail,M. Lopez,EUR
11187,2,1521.72,32.59,1492,Ahmed Lopez,9/24/2024,Smartphone,Tech,Morocco,Casablanca,220.02,760.86,629.84,0,9.43,Crypto,Retail,A. Johnson,USD
11188,5,1642.095,136.825,1582,Lucas Garcia,3/11/2025,Mouse,Gadgets,USA,New York,237.49,364.91,250.63,0.1,14.63,Crypto,Online,Unknown,USD
11189,5,6716.35,-240.23,1341,Ahmed Ibrahim,4/26/2024,Headphone,Tech,Morocco,Casablanca,1162.57,1343.27,1155.13,0,18.36,Credit Card,Online,M. Lopez,USD
11190,4,3199.502,-120.758,1636,Leo Rahmani,3/2/2024,Monitor,Tech,USA,New York,438.71,941.03,708.93,0.15,45.83,Bank Transfer,Partner,Unknown,MAD
11191,4,4426.88,1140.04,2818,Youssef Chen,9/30/2023,Headphone,Tech,France,Paris,670.22,1106.72,648.04,0,24.46,PayPal,Partner,S. Rossi,USD
11192,5,2870.19,-23.18,1203,Maria Haddad,6/1/2024,Headphone,Tech,UAE,Dubai,405.42,637.82,488.15,0.1,47.2,Cash,Online,L. Martin,USD
11193,5,5191.1325,-408.1775,2461,Sara Khan,3/20/2024,Keyboard,Tech,USA,New York,950.19,1092.87,926.08,0.05,18.72,Credit Card,Online,S. Rossi,MAD
11194,2,2693.142,824.412,1884,Luis Haddad,4/5/2023,Tablet,Electronic,Germany,Berlin,206.03,1496.19,808.75,0.1,45.2,Cash,Retail,M. Lopez,EUR
11195,2,2528.28,229.99,1746,Luis Benali,3/12/2024,Mouse,Electronic,Morocco,Casablanca,206.51,1264.14,1041.42,0,8.94,Crypto,Online,A. Johnson,USD
11196,1,1074.4765,67.0065,1587,Nora Garcia,10/18/2024,Laptop,Tech,Morocco,Casablanca,156.64,1264.09,804.52,0.15,46.31,Credit Card,Online,Unknown,MAD
11197,3,1603.896,-180.944,2794,Emma Lopez,1/8/2025,Headphone,Tech,USA,New York,102.39,668.29,555.03,0.2,17.36,Crypto,Online,Unknown,USD
11198,6,5897.4,232.04,2052,Emma Rossi,2/8/2023,Tablet,Electronic,USA,New York,654.12,982.9,830.4,0,28.84,Credit Card,Online,K. Haddad,USD
11199,5,4107.465,771.265,1834,Leo Haddad,1/23/2023,Tablet,Gadgets,Spain,Madrid,721.6,912.77,513.7,0.1,46.1,Crypto,Online,A. Johnson,USD
11200,2,1790.769,578.439,2807,Maria Lopez,7/6/2024,Phone,Tech,Morocco,Casablanca,210.42,942.51,490,0.05,21.91,Cash,Online,Unknown,EUR
11201,5,1121.065,-37.245,2971,Ahmed Smith,9/15/2023,Smartphone,Electronic,France,Paris,137.36,263.78,196.4,0.15,38.95,Bank Transfer,Retail,Unknown,USD
11202,2,381.168,98.158,2728,Sara Benali,4/9/2024,Headphone,Electronic,UAE,Dubai,65.48,238.23,104.02,0.2,9.49,Credit Card,Retail,M. Lopez,EUR
11203,5,4548.105,472.165,2494,Fatima Silva,12/28/2024,Keyboard,Gadgets,Morocco,Casablanca,807.25,1010.69,645.32,0.1,42.09,Credit Card,Online,M. Lopez,EUR
11204,5,3802.65,1351.99,1212,Emma Dubois,4/13/2025,Laptop,Electronic,Morocco,Casablanca,208.07,760.53,440.16,0,41.79,Credit Card,Direct,Unknown,EUR
11205,5,2106.6,-216.68,2223,Maria Haddad,3/2/2024,Tablet,Electronic,UAE,Dubai,207.16,526.65,413.36,0.2,49.32,Credit Card,Online,Unknown,USD
11206,4,2800.832,-220.708,1768,Luis Silva,5/2/2024,Headphone,Tech,Morocco,Casablanca,262.54,875.26,678.03,0.2,46.88,Credit Card,Retail,Unknown,EUR
11207,7,5530.518,974.078,1358,Maria Chen,4/29/2025,Keyboard,Tech,Germany,Berlin,354.22,877.86,594.98,0.1,37.36,Cash,Retail,Unknown,EUR
11208,1,751.048,-51.792,1888,Leo Kowalski,5/27/2023,Headphone,Electronic,UAE,Dubai,45.7,938.81,713.02,0.2,44.12,Crypto,Partner,Unknown,EUR
11209,3,3794.229,665.259,1719,Mariam Chen,6/13/2023,Tablet,Tech,Spain,Madrid,0,1405.27,1038.58,0.1,13.23,Cash,Online,Unknown,USD
11210,5,6727.905,-10.275,1103,Fatima Chen,3/27/2024,Tablet,Electronic,USA,New York,901.94,1495.09,1159.29,0.1,39.79,Cash,Partner,Unknown,MAD
11211,3,2268.513,164.763,2032,Sofia Khan,2/22/2023,Headphone,Gadgets,Spain,Madrid,118.82,840.19,656.2,0.1,16.33,Bank Transfer,Online,A. Johnson,USD
11212,7,2076.816,301.866,2093,John Kowalski,8/6/2023,Keyboard,Electronic,USA,New York,148.88,370.86,231.28,0.2,7.11,Credit Card,Online,S. Rossi,USD
11213,5,6653.61,1110.32,2951,Mariam Smith,1/22/2023,Laptop,Gadgets,Morocco,Casablanca,509.74,1478.58,1001.04,0.1,28.35,Credit Card,Retail,L. Martin,EUR
11214,2,408.222,100.922,2458,Noah Kowalski,4/17/2023,Keyboard,Tech,USA,New York,63.74,226.79,101.62,0.1,40.32,Credit Card,Partner,S. Rossi,USD
11215,6,1304.559,594.459,1606,Emma Rahmani,4/17/2025,Tablet,Electronic,Morocco,Casablanca,132.07,228.87,91.64,0.05,28.19,Bank Transfer,Direct,S. Rossi,MAD
11216,2,558.96,20.43,1985,Lucas Ibrahim,8/11/2023,Mouse,Tech,France,Paris,41.69,328.8,240.89,0.15,15.06,PayPal,Retail,A. Johnson,MAD
11217,2,-1542.172,-2511.472,1809,Maria Khan,2/24/2024,Laptop,Tech,Morocco,Casablanca,80.29,-907.16,440.55,0.15,7.91,PayPal,Partner,A. Johnson,USD
11218,1,1226.72,-22.82,1173,Luis Silva,4/14/2024,Keyboard,Tech,Morocco,Casablanca,165.31,1226.72,1036.16,0,48.07,PayPal,Online,S. Rossi,EUR
11219,2,2143.824,526.474,1187,Leo Khan,7/22/2024,Laptop,Electronic,USA,New York,233.1,1339.89,667.56,0.2,49.13,Credit Card,Direct,Unknown,USD
11220,2,876.32,207.66,1086,Emma Garcia,4/9/2025,Laptop,Gadgets,UAE,Dubai,129,438.16,258.08,0,23.5,Credit Card,Online,L. Martin,USD
11221,6,2214.108,685.208,2737,Ahmed Rossi,4/11/2024,Tablet,Electronic,USA,New York,187.03,388.44,218.39,0.05,31.53,PayPal,Direct,L. Martin,MAD
11222,6,7683.6,1217.19,1227,Fatima Lopez,10/8/2023,Headphone,Tech,Germany,Berlin,1113.13,1348,888.48,0.05,22.4,PayPal,Direct,A. Johnson,USD
11223,4,141.336,-54.754,2420,Leo Ibrahim,9/10/2023,Headphone,Tech,Morocco,Casablanca,25.14,39.26,34.25,0.1,33.95,PayPal,Online,L. Martin,EUR
11224,3,2122.671,529.211,2882,Lucas Ibrahim,11/4/2023,Tablet,Electronic,Germany,Berlin,298.31,832.42,424.25,0.15,22.4,Cash,Partner,M. Lopez,USD
11225,1,21.06,-0.91,2789,Sofia Lopez,4/25/2024,Monitor,Tech,France,Paris,1.79,21.06,18.29,0,1.89,Bank Transfer,Direct,M. Lopez,EUR
11226,5,6289.15,1476.92,2694,Leo Lopez,5/9/2025,Tablet,Electronic,Morocco,Casablanca,674.1,1479.8,825.15,0.15,12.38,Crypto,Online,A. Johnson,EUR
11227,2,800.58,358.03,2906,Ali Khan,4/7/2025,Monitor,Gadgets,USA,New York,89.89,400.29,164.3,0,24.06,Bank Transfer,Online,L. Martin,USD
11228,1,306.238,21.678,1934,Maria Lopez,3/20/2024,Mouse,Tech,Germany,Berlin,43.99,360.28,237.05,0.15,3.52,Credit Card,Online,M. Lopez,MAD
11229,7,3621.2575,839.3875,2885,Ali Haddad,3/17/2023,Keyboard,Electronic,USA,New York,483.47,544.55,321.6,0.05,47.2,Bank Transfer,Retail,Unknown,USD
11230,5,2832.8375,484.7275,1899,Noah Ibrahim,5/16/2024,Mouse,Tech,USA,New York,317.33,666.55,397.39,0.15,43.83,PayPal,Retail,L. Martin,MAD
11231,7,6997.06,2616.31,2640,Mariam Garcia,11/14/2023,Keyboard,Tech,Morocco,Casablanca,844.28,999.58,503.52,0,11.83,PayPal,Retail,Unknown,MAD
11232,5,478.08,30.54,1306,John Haddad,5/24/2023,Phone,Gadgets,Germany,Berlin,67.97,119.52,75.58,0.2,1.67,Crypto,Retail,M. Lopez,EUR
11233,5,200.95,46.89,2083,Ahmed Smith,10/23/2023,Phone,Tech,USA,New York,17.59,40.19,22.17,0,25.62,Credit Card,Retail,K. Haddad,USD
11234,5,2573.04,221.93,1490,Ali Chen,9/10/2024,Tablet,Tech,USA,New York,383.94,643.26,389.34,0.2,20.47,Cash,Online,Unknown,MAD
11235,7,1863.7185,748.5585,1731,Fatima Smith,3/10/2025,Laptop,Electronic,France,Paris,205.65,313.23,126.73,0.15,22.4,PayPal,Retail,A. Johnson,EUR
11236,4,1226.8,459.46,2287,Sara Ibrahim,3/5/2023,Mouse,Electronic,Spain,Madrid,62.9,306.7,175.71,0,1.6,Credit Card,Online,A. Johnson,MAD
11237,1,405.272,-31.528,2459,Luis Rahmani,1/4/2023,Monitor,Tech,Spain,Madrid,60.01,506.59,357.36,0.2,19.43,PayPal,Partner,A. Johnson,EUR
11238,6,599.94,121.95,1482,Noah Rossi,6/26/2024,Phone,Tech,Morocco,Casablanca,76.12,99.99,62.86,0,24.71,PayPal,Direct,A. Johnson,MAD
11239,3,794.088,88.918,2903,Noah Ibrahim,8/29/2023,Mouse,Electronic,France,Paris,87.37,330.87,197.54,0.2,25.18,Credit Card,Retail,A. Johnson,EUR
11240,7,827.19,-36.93,1380,Noah Smith,5/19/2025,Smartphone,Tech,USA,New York,146.67,131.3,98.99,0.1,24.52,Bank Transfer,Online,Unknown,USD
11241,7,4443.95,1366.33,1054,Ahmed Khan,11/29/2023,Laptop,Gadgets,Germany,Berlin,369.61,634.85,383.44,0,23.93,Credit Card,Partner,A. Johnson,EUR
11242,1,1488.3,755.7,1603,Fatima Benali,10/30/2023,Monitor,Tech,Morocco,Casablanca,0,1488.3,692.32,0,40.28,Credit Card,Partner,M. Lopez,USD
11243,6,6624.06,1584.24,1712,Ali Benali,2/17/2024,Smartphone,Electronic,France,Paris,936.34,1104.01,680.19,0,22.34,Credit Card,Online,L. Martin,USD
11244,5,941.85,240.48,2374,John Chen,2/20/2024,Phone,Electronic,UAE,Dubai,108.72,188.37,114.05,0,22.4,PayPal,Retail,Unknown,USD
11245,6,702.729,-150.011,1881,Mariam Rahmani,10/28/2024,Smartphone,Electronic,UAE,Dubai,101.91,137.79,119.9,0.15,31.43,Bank Transfer,Online,Unknown,EUR
11246,1,128.424,-25.576,2614,Nora Dubois,11/3/2024,Headphone,Gadgets,Spain,Madrid,25.25,160.53,122.66,0.2,6.09,Cash,Retail,M. Lopez,MAD
11247,7,3591.266,-343.454,2960,Ali Benali,3/8/2024,Laptop,Electronic,UAE,Dubai,528.54,540.04,485.56,0.05,7.26,Bank Transfer,Retail,S. Rossi,EUR
11248,4,5524.63,-781.66,2692,Sara Haddad,2/8/2025,Laptop,Tech,USA,New York,1048.5,1453.85,1302.57,0.05,47.51,Crypto,Direct,K. Haddad,USD
11249,7,862.407,-47.093,1207,Leo Smith,3/25/2024,Laptop,Tech,France,Paris,150.03,136.89,102.21,0.1,44,Credit Card,Online,Unknown,EUR
11250,7,1442.637,567.317,1755,Nora Garcia,2/27/2024,Mouse,Tech,Morocco,Casablanca,140.28,242.46,101.66,0.15,23.42,PayPal,Online,A. Johnson,USD
11251,5,840.8,262.47,2689,Luis Chen,10/20/2023,Phone,Electronic,USA,New York,95.05,210.2,86.83,0.2,49.13,Bank Transfer,Partner,Unknown,USD
11252,3,1150.374,461.844,2404,Ali Rahmani,7/14/2024,Tablet,Tech,USA,New York,146.6,403.64,165.28,0.05,46.09,Credit Card,Retail,K. Haddad,EUR
11253,5,188.76,36.06,1090,Ahmed Garcia,2/15/2024,Smartphone,Electronic,USA,New York,15.41,47.19,25.26,0.2,10.99,PayPal,Direct,M. Lopez,USD
11254,4,2350.592,381.402,2461,Sara Ibrahim,9/21/2023,Laptop,Electronic,Morocco,Casablanca,277.34,734.56,412.48,0.2,41.93,Cash,Direct,K. Haddad,USD
11255,1,932.904,31.274,2960,John Smith,7/13/2023,Smartphone,Tech,USA,New York,0,1036.56,887.97,0.1,13.66,Credit Card,Online,A. Johnson,MAD
11256,3,1769.4195,-309.7105,2489,Ali Benali,5/23/2025,Laptop,Electronic,UAE,Dubai,283.67,693.89,592.73,0.15,17.27,Cash,Retail,L. Martin,USD
11257,1,1177.5985,2.4585,2004,Sara Kowalski,5/28/2024,Phone,Gadgets,USA,New York,192.51,1385.41,947.95,0.15,34.68,Bank Transfer,Partner,M. Lopez,EUR
11258,3,310.8,2.86,1674,Noah Kowalski,8/24/2023,Tablet,Electronic,France,Paris,45.22,103.6,76.29,0,33.85,Crypto,Online,Unknown,USD
11259,7,3090.388,-19.462,2257,Sara Garcia,12/14/2024,Laptop,Electronic,France,Paris,489.65,464.72,372.53,0.05,12.49,Credit Card,Direct,M. Lopez,USD
11260,4,3211.02,605.74,1868,Nora Haddad,5/1/2025,Tablet,Gadgets,Spain,Madrid,356.14,891.95,559.44,0.1,11.38,Crypto,Online,S. Rossi,USD
11261,7,8066.583,2264.713,2784,Youssef Khan,8/9/2023,Keyboard,Electronic,USA,New York,860.95,1213.02,699.6,0.05,43.72,Credit Card,Direct,M. Lopez,USD
11262,5,790.7325,219.1725,2286,Youssef Garcia,10/18/2024,Headphone,Gadgets,USA,New York,102.81,166.47,89.18,0.05,22.85,Credit Card,Online,Unknown,EUR
11263,2,137.105,-20.005,1228,Noah Dubois,3/25/2025,Mouse,Electronic,UAE,Dubai,22.16,80.65,60.69,0.15,13.57,Cash,Direct,L. Martin,EUR
11264,1,1307.89,560.96,2592,Mariam Smith,2/1/2023,Mouse,Tech,Germany,Berlin,87.52,1307.89,613.83,0,45.58,Crypto,Partner,M. Lopez,USD
11265,7,7175.8785,1026.8885,1085,Lucas Kowalski,4/20/2024,Tablet,Tech,USA,New York,1050.66,1206.03,722.19,0.15,43,Crypto,Partner,K. Haddad,MAD
11266,4,1441.944,-234.336,2975,Noah Benali,4/15/2023,Mouse,Gadgets,Germany,Berlin,274.99,400.54,350.2,0.1,0.49,Cash,Online,M. Lopez,USD
11267,7,3413.977,-345.843,2098,Luis Chen,3/12/2025,Keyboard,Gadgets,USA,New York,294.05,513.38,490,0.05,35.77,Crypto,Direct,Unknown,USD
11268,2,1966.69,-20.55,1846,John Haddad,2/16/2025,Tablet,Electronic,Morocco,Casablanca,278.15,1035.1,845.3,0.05,18.49,Credit Card,Online,Unknown,EUR
11269,5,6069.595,1402.215,1291,Fatima Smith,4/8/2024,Monitor,Gadgets,France,Paris,498.13,1428.14,829.37,0.15,22.4,Cash,Retail,L. Martin,USD
11270,3,4066.665,426.995,1757,Ali Benali,3/18/2023,Laptop,Electronic,Morocco,Casablanca,343.45,1426.9,1091.35,0.05,22.17,Crypto,Online,Unknown,USD
11271,6,4081.392,896.952,1073,Lucas Khan,9/28/2024,Keyboard,Electronic,USA,New York,763.29,850.29,397.29,0.2,37.41,Cash,Retail,Unknown,USD
11272,7,5888.176,-136.624,2368,Emma Kowalski,8/6/2024,Laptop,Gadgets,Morocco,Casablanca,968.3,885.44,715.54,0.05,47.72,Crypto,Online,A. Johnson,USD
11273,4,3475.024,1349.664,1857,John Benali,9/2/2023,Headphone,Tech,Germany,Berlin,276.68,914.48,456.57,0.05,22.4,Bank Transfer,Online,Unknown,MAD
11274,2,1366.992,439.052,2645,Sofia Haddad,10/5/2023,Headphone,Electronic,USA,New York,72.05,759.44,419.67,0.1,16.55,PayPal,Direct,L. Martin,USD
11275,2,2204.06,648.91,2430,Ahmed Haddad,1/8/2024,Laptop,Gadgets,USA,New York,372.67,1102.03,574.26,0,33.96,PayPal,Partner,Unknown,USD
11276,7,-5540.136,-9808.546,1888,Luis Rahmani,3/2/2023,Mouse,Tech,UAE,Dubai,494.99,-989.31,535.86,0.2,22.4,Credit Card,Direct,M. Lopez,MAD
11277,4,1389.812,195.722,1445,Youssef Khan,12/9/2024,Smartphone,Electronic,Morocco,Casablanca,0,365.74,288.64,0.05,39.53,Credit Card,Online,Unknown,USD
11278,6,684.18,126.09,2434,Ahmed Rahmani,5/18/2023,Tablet,Tech,Morocco,Casablanca,105.12,114.03,68.2,0,43.77,Credit Card,Direct,K. Haddad,MAD
11279,5,5306.1,628.18,1453,Mariam Lopez,7/10/2023,Phone,Tech,Morocco,Casablanca,829.35,1061.22,766.66,0,15.27,Bank Transfer,Online,L. Martin,USD
11280,3,1336.446,308.826,1131,Mariam Smith,5/21/2025,Headphone,Tech,Spain,Madrid,201.58,494.98,260.42,0.1,44.78,PayPal,Retail,K. Haddad,EUR
11281,3,735.0375,2.0075,2389,Luis Garcia,2/22/2025,Mouse,Tech,Spain,Madrid,50.67,288.25,217.92,0.15,28.6,Bank Transfer,Retail,K. Haddad,MAD
11282,3,622.35,122.88,2245,Noah Silva,9/6/2024,Laptop,Electronic,France,Paris,118.66,207.45,126.61,0,0.98,Credit Card,Retail,M. Lopez,EUR
11283,7,6517.98,1087.72,2563,Ahmed Chen,2/24/2025,Monitor,Electronic,UAE,Dubai,931.43,1034.6,639.49,0.1,22.4,Cash,Partner,M. Lopez,MAD
11284,2,1257.762,200.642,1640,Ali Khan,1/8/2023,Keyboard,Electronic,UAE,Dubai,234.52,739.86,406.35,0.15,9.9,Credit Card,Direct,L. Martin,USD
11285,3,239.04,103.05,2116,Ali Rossi,6/3/2025,Laptop,Tech,Morocco,Casablanca,12.02,79.68,35.65,0,17.02,Credit Card,Online,M. Lopez,EUR
11286,4,770.944,191.084,1891,Ali Rahmani,1/10/2023,Mouse,Tech,Germany,Berlin,77.27,240.92,125.4,0.2,0.99,Credit Card,Online,A. Johnson,USD
11287,6,3446.163,986.033,1463,Noah Benali,12/12/2024,Keyboard,Tech,Morocco,Casablanca,367.6,604.59,343.11,0.05,33.87,Cash,Online,K. Haddad,EUR
11288,5,4678.74,586.72,1017,Noah Lopez,6/14/2023,Keyboard,Gadgets,Morocco,Casablanca,519.86,1039.72,710.66,0.1,18.86,Bank Transfer,Online,Unknown,MAD
11289,5,5805.7,1870.86,2057,Lucas Smith,5/20/2025,Phone,Electronic,Spain,Madrid,341.26,1161.14,717.14,0,7.88,Crypto,Online,Unknown,EUR
11290,4,4709.952,-1027.448,1400,Emma Garcia,3/26/2025,Tablet,Electronic,UAE,Dubai,629.59,1471.86,1270.62,0.2,25.33,Credit Card,Online,Unknown,EUR
11291,3,1378.773,318.183,1508,Noah Garcia,6/29/2024,Laptop,Electronic,France,Paris,261.01,483.78,264.9,0.05,4.88,Cash,Online,Unknown,USD
11292,3,1577.88,620.53,2274,Maria Lopez,4/26/2025,Headphone,Gadgets,USA,New York,163.99,525.96,254.63,0,29.47,Crypto,Direct,Unknown,EUR
11293,6,160.02,33,1255,Ahmed Silva,2/4/2025,Tablet,Tech,France,Paris,15.78,26.67,14.85,0,22.14,Crypto,Online,Unknown,USD
11294,5,4505.2125,9.4825,2250,Mariam Khan,8/15/2024,Smartphone,Electronic,USA,New York,258.48,1060.05,844.17,0.15,16.4,Cash,Online,A. Johnson,EUR
11295,2,1007.024,187.214,1292,Luis Haddad,4/29/2024,Keyboard,Tech,UAE,Dubai,104.72,629.39,356.53,0.2,2.03,Crypto,Direct,K. Haddad,USD
11296,3,3061.9125,-533.0175,1889,Nora Haddad,9/1/2023,Headphone,Electronic,Morocco,Casablanca,482.01,1200.75,1033.52,0.15,12.36,Cash,Partner,M. Lopez,USD
11297,2,346,117.15,2396,Sofia Silva,7/21/2024,Mouse,Gadgets,USA,New York,34.31,173,84.83,0,24.88,Crypto,Online,Unknown,MAD
11298,3,2913.222,1188.922,1585,Ali Garcia,6/16/2023,Headphone,Tech,Morocco,Casablanca,285.44,1142.44,469.54,0.15,30.24,Bank Transfer,Retail,L. Martin,USD
11299,5,4393.7975,613.9075,2990,Ali Lopez,1/29/2023,Smartphone,Tech,USA,New York,290.84,925.01,691.92,0.05,29.45,Credit Card,Partner,A. Johnson,EUR
11300,1,980.86,378.3,1352,John Khan,9/22/2023,Smartphone,Tech,Morocco,Casablanca,107.61,980.86,472.55,0,22.4,Crypto,Partner,A. Johnson,USD
11301,7,8730.519,2015.769,2660,Sofia Rahmani,12/16/2024,Smartphone,Tech,Germany,Berlin,1480.06,1312.86,741.36,0.05,45.17,Credit Card,Online,M. Lopez,USD
11302,2,247.532,43.552,1675,Ali Benali,4/2/2023,Tablet,Electronic,Spain,Madrid,28.6,130.28,85.36,0.05,4.66,Cash,Direct,M. Lopez,MAD
11303,5,5227.02,-560.98,2589,John Dubois,6/16/2025,Tablet,Tech,Germany,Berlin,1011.01,1161.56,953.32,0.1,10.39,PayPal,Direct,L. Martin,USD
11304,5,4746.6,1329.88,2835,Leo Ibrahim,10/23/2024,Smartphone,Tech,Morocco,Casablanca,266.04,1186.65,628.35,0.2,8.93,Credit Card,Online,Unknown,USD
11305,3,3255.5265,-162.3135,2689,Sara Dubois,10/14/2024,Headphone,Electronic,France,Paris,644.23,1142.29,910.2,0.05,43.01,Credit Card,Direct,S. Rossi,EUR
11306,3,1817.1,499.77,2515,Fatima Ibrahim,7/28/2024,Smartphone,Electronic,USA,New York,294.39,605.7,332.73,0,24.75,Credit Card,Retail,Unknown,USD
11307,7,2052.96,601.86,2117,Fatima Silva,1/8/2024,Keyboard,Tech,USA,New York,238.52,293.28,167.33,0,41.27,Credit Card,Online,K. Haddad,USD
11308,4,2709.632,-676.668,2900,Lucas Smith,6/19/2023,Mouse,Tech,Morocco,Casablanca,461.89,846.76,721.28,0.2,39.29,Credit Card,Online,Unknown,USD
11309,7,3088.4,1180.73,1056,Ahmed Lopez,8/6/2023,Headphone,Electronic,Spain,Madrid,368.73,441.2,213.98,0,41.08,Crypto,Retail,M. Lopez,MAD
11310,4,778.544,265.444,2054,Emma Haddad,1/3/2024,Mouse,Tech,Germany,Berlin,151.98,204.88,84.68,0.05,22.4,Bank Transfer,Online,Unknown,EUR
11311,7,7329.6965,-220.2035,2421,Mariam Benali,9/29/2023,Phone,Tech,Spain,Madrid,1077.42,1102.21,921.44,0.05,22.4,PayPal,Partner,L. Martin,USD
11312,3,3763.59,1949.41,1837,Noah Dubois,8/23/2023,Tablet,Electronic,USA,New York,299.57,1254.53,490,0,44.61,Credit Card,Partner,Unknown,USD
11313,5,482.45,178.55,1591,Noah Kowalski,5/14/2023,Laptop,Electronic,UAE,Dubai,50.3,96.49,46.24,0,22.4,Bank Transfer,Retail,M. Lopez,MAD
11314,5,3926.7,172.83,1397,Fatima Kowalski,8/5/2024,Tablet,Electronic,France,Paris,661.57,785.34,613.98,0,22.4,Credit Card,Direct,Unknown,USD
11315,6,678.18,116.5,1098,Ali Rossi,8/30/2023,Phone,Electronic,Spain,Madrid,109.55,113.03,72.12,0,19.41,Crypto,Online,Unknown,USD
11316,2,774.846,83.386,2068,Sara Garcia,4/16/2024,Tablet,Electronic,Morocco,Casablanca,98.59,430.47,279.86,0.1,33.15,Credit Card,Retail,Unknown,MAD
11317,4,4242.894,159.514,2100,Ahmed Garcia,10/8/2023,Keyboard,Tech,USA,New York,659.62,1247.91,850.06,0.15,23.52,Credit Card,Retail,Unknown,USD
11318,6,4951.26,1699.13,1370,Emma Haddad,2/15/2025,Tablet,Gadgets,USA,New York,801.8,916.9,407.85,0.1,3.23,PayPal,Online,M. Lopez,EUR
11319,4,2856.96,239.24,2193,Youssef Silva,1/10/2024,Laptop,Electronic,Germany,Berlin,356.71,892.8,557.96,0.2,29.17,Credit Card,Partner,A. Johnson,EUR
11320,2,875.872,-119.468,1491,Noah Kowalski,7/3/2024,Laptop,Electronic,USA,New York,75.52,547.42,446.83,0.2,26.16,Cash,Partner,K. Haddad,USD
11321,4,5296.896,1525.136,2331,Ali Haddad,9/9/2023,Smartphone,Tech,USA,New York,370.93,1471.36,846.23,0.1,15.91,Bank Transfer,Online,A. Johnson,EUR
11322,3,2750.016,762.326,2787,Maria Kowalski,8/30/2024,Laptop,Tech,Germany,Berlin,332.69,1145.84,544.2,0.2,22.4,Cash,Direct,Unknown,EUR
11323,2,63.002,0.432,2914,Sara Khan,1/5/2023,Smartphone,Tech,Germany,Berlin,5.69,37.06,17.24,0.15,22.4,Credit Card,Online,M. Lopez,USD
11324,5,2145.51,866.38,2432,Ahmed Garcia,2/1/2023,Phone,Electronic,Morocco,Casablanca,122.16,476.78,221.78,0.1,48.07,Credit Card,Retail,A. Johnson,USD
11325,6,1641.168,-1583.012,1206,Youssef Ibrahim,11/14/2023,Tablet,Tech,France,Paris,246.81,303.92,490,0.1,37.37,Cash,Online,A. Johnson,MAD
11326,5,3951.8,359.01,1736,Leo Garcia,5/22/2023,Tablet,Gadgets,Morocco,Casablanca,545.96,987.95,600.78,0.2,42.93,Crypto,Direct,Unknown,USD
11327,6,2268.6,648.2,2590,Youssef Khan,5/21/2023,Headphone,Gadgets,Spain,Madrid,349.87,378.1,203.88,0,47.25,Credit Card,Online,L. Martin,MAD
11328,7,6799.73,2199.06,2500,Leo Benali,8/3/2023,Tablet,Electronic,Spain,Madrid,547.83,971.39,574.08,0,34.28,PayPal,Online,K. Haddad,EUR
11329,1,646.696,-17.664,1230,Fatima Rahmani,1/18/2024,Headphone,Electronic,Spain,Madrid,56.84,808.37,581.51,0.2,26.01,Bank Transfer,Online,S. Rossi,MAD
11330,3,121.3815,26.7415,2427,Nora Ibrahim,3/23/2025,Headphone,Tech,USA,New York,7.08,42.59,21.72,0.05,22.4,Credit Card,Online,Unknown,USD
11331,3,3189.81,1224.78,1998,Noah Haddad,10/30/2023,Phone,Electronic,Morocco,Casablanca,533.63,1063.27,470.6,0,19.6,Credit Card,Online,L. Martin,MAD
11332,5,1644.495,-291.455,1171,Ahmed Rossi,5/18/2025,Smartphone,Tech,France,Paris,259.98,386.94,334.28,0.15,4.57,Bank Transfer,Online,A. Johnson,MAD
11333,5,198.475,-85.085,1999,Ahmed Silva,2/28/2024,Mouse,Tech,Spain,Madrid,34.05,46.7,40.49,0.15,47.06,Crypto,Online,K. Haddad,USD
11334,6,1504.653,-262.927,1672,John Rossi,1/26/2024,Keyboard,Electronic,France,Paris,171.5,295.03,262.28,0.15,22.4,Credit Card,Direct,M. Lopez,EUR
11335,1,463.448,56.008,2658,Ahmed Benali,7/6/2023,Phone,Gadgets,USA,New York,69.41,487.84,298.68,0.05,39.35,PayPal,Direct,Unknown,MAD
11336,1,721.88,-210.94,1562,Leo Chen,6/27/2023,Mouse,Tech,Germany,Berlin,136.03,902.35,774.19,0.2,22.6,Credit Card,Retail,S. Rossi,USD
11337,7,5814.424,1723.924,1849,John Garcia,4/9/2023,Keyboard,Electronic,UAE,Dubai,0,1038.29,581.09,0.2,22.87,Crypto,Retail,Unknown,MAD
11338,5,1043.64,22.69,2478,Ali Garcia,1/26/2023,Tablet,Tech,Morocco,Casablanca,155.72,260.91,168.17,0.2,24.38,Credit Card,Partner,Unknown,EUR
11339,1,643.4,48.33,1654,Youssef Chen,1/26/2025,Tablet,Tech,USA,New York,93.47,804.25,479.2,0.2,22.4,Cash,Partner,S. Rossi,USD
11340,3,2533.29,864.53,1603,Emma Garcia,11/13/2023,Keyboard,Electronic,USA,New York,184.49,844.43,490,0,14.27,Credit Card,Direct,K. Haddad,USD
11341,5,3046.1025,-454.1075,2821,Luis Chen,3/29/2023,Smartphone,Tech,USA,New York,460.35,716.73,601.38,0.15,32.96,Cash,Retail,A. Johnson,EUR
11342,7,3071.9255,-102.7245,2775,Youssef Chen,5/23/2023,Headphone,Electronic,UAE,Dubai,206.83,516.29,417.12,0.15,47.98,Crypto,Online,Unknown,MAD
11343,3,2791.1475,867.3875,2550,Lucas Rossi,8/22/2023,Mouse,Electronic,Spain,Madrid,424.07,979.35,490,0.05,29.69,Credit Card,Online,M. Lopez,MAD
11344,3,1020.8925,-90.9375,1180,Sara Haddad,7/22/2024,Mouse,Electronic,Germany,Berlin,188.47,400.35,293.09,0.15,44.09,Credit Card,Online,Unknown,USD
11345,3,1155.813,330.533,1970,Nora Khan,9/12/2023,Headphone,Electronic,Germany,Berlin,213.81,453.26,199.25,0.15,13.72,Credit Card,Partner,A. Johnson,MAD
11346,1,564.1955,167.0855,1241,Fatima Rossi,5/29/2023,Phone,Electronic,USA,New York,51.97,593.89,322.74,0.05,22.4,Crypto,Retail,A. Johnson,USD
11347,6,4909.728,1454.638,1667,Maria Garcia,6/21/2024,Mouse,Tech,USA,New York,461.98,1022.86,497.53,0.2,7.93,Credit Card,Retail,A. Johnson,USD
11348,3,3989.46,1232.01,2334,Ali Smith,2/11/2024,Mouse,Electronic,USA,New York,680.99,1329.82,679.22,0,38.8,Cash,Online,Unknown,MAD
11349,1,701.415,47.905,1613,Leo Silva,9/17/2023,Headphone,Tech,USA,New York,50.33,779.35,573.11,0.1,30.07,PayPal,Direct,M. Lopez,USD
11350,5,4462.64,427.33,2424,Leo Rossi,1/9/2024,Monitor,Electronic,Morocco,Casablanca,267.51,1115.66,749.08,0.2,22.4,Credit Card,Partner,A. Johnson,USD
11351,1,940.4715,146.3015,2289,Lucas Rossi,11/24/2023,Phone,Electronic,France,Paris,168.52,989.97,603.07,0.05,22.58,Credit Card,Partner,K. Haddad,EUR
11352,6,6224.7,2484.9,2640,Nora Smith,2/16/2023,Phone,Tech,USA,New York,455.79,1037.45,544.59,0,16.47,Credit Card,Online,M. Lopez,MAD
11353,5,6331.99,1887.37,2052,Nora Dubois,9/28/2023,Phone,Electronic,Spain,Madrid,1037.52,1489.88,674.98,0.15,32.2,Crypto,Partner,L. Martin,MAD
11354,5,7470.5,2289.75,2681,Sara Rossi,7/17/2024,Keyboard,Tech,Spain,Madrid,1478.49,1494.1,732.11,0,41.71,PayPal,Retail,A. Johnson,MAD
11355,5,2390.76,651.58,1233,Ahmed Dubois,10/5/2023,Laptop,Electronic,Morocco,Casablanca,287.1,531.28,281.47,0.1,44.73,Crypto,Direct,Unknown,MAD
11356,6,3378.726,858.416,1850,Youssef Garcia,1/29/2024,Keyboard,Gadgets,France,Paris,450.57,625.69,340.75,0.1,25.24,Credit Card,Online,A. Johnson,MAD
11357,3,2194.32,-312.27,1131,Leo Smith,1/13/2023,Headphone,Electronic,USA,New York,247.34,914.3,743.86,0.2,27.67,Crypto,Online,Unknown,USD
11358,1,684.74,142.26,1651,Leo Kowalski,5/29/2023,Headphone,Electronic,Germany,Berlin,108.05,684.74,424.58,0,9.85,PayPal,Partner,S. Rossi,MAD
11359,3,4109.358,837.358,1252,Sara Dubois,5/12/2023,Laptop,Tech,Morocco,Casablanca,434.44,1441.88,936.9,0.05,26.86,Credit Card,Retail,L. Martin,USD
11360,7,4018.6615,-153.9585,2925,Fatima Kowalski,10/2/2023,Headphone,Gadgets,Morocco,Casablanca,462.38,604.31,529.78,0.05,1.78,Crypto,Online,Unknown,USD
11361,4,5033.016,-698.854,1782,Luis Dubois,3/28/2023,Mouse,Tech,Germany,Berlin,785.43,1398.06,1231.01,0.1,22.4,Credit Card,Partner,A. Johnson,USD
11362,7,383.705,159.855,2539,Ali Chen,11/7/2023,Headphone,Tech,France,Paris,27.01,57.7,24.92,0.05,22.4,PayPal,Online,M. Lopez,USD
11363,2,134.349,45.789,2872,Luis Silva,10/29/2024,Headphone,Tech,Morocco,Casablanca,0,70.71,34.31,0.05,19.94,Bank Transfer,Direct,S. Rossi,EUR
11364,7,212.184,-6.646,1400,John Rossi,11/2/2023,Tablet,Tech,Germany,Berlin,0,33.68,27.08,0.1,29.27,Credit Card,Retail,S. Rossi,USD
11365,4,3723.316,1031.016,2705,Noah Dubois,10/23/2023,Tablet,Tech,Morocco,Casablanca,478.68,979.82,543.52,0.05,39.54,Crypto,Direct,Unknown,USD
11366,2,75.72,-27.96,1454,Luis Silva,1/17/2025,Monitor,Tech,France,Paris,8.06,37.86,24.97,0,45.68,Credit Card,Online,A. Johnson,MAD
11367,4,3300.794,-189.866,1101,Ahmed Rossi,4/25/2024,Smartphone,Gadgets,USA,New York,475.73,868.63,750.45,0.05,13.13,Bank Transfer,Online,Unknown,USD
11368,5,6123.78,-521.09,2761,John Ibrahim,12/30/2023,Tablet,Gadgets,Morocco,Casablanca,970.85,1360.84,1131.91,0.1,14.47,Credit Card,Direct,Unknown,USD
11369,2,2254.932,-110.908,2568,Emma Benali,2/13/2023,Tablet,Electronic,Morocco,Casablanca,398.64,1252.74,966.31,0.1,34.58,Crypto,Retail,S. Rossi,USD
11370,5,5411.96,-966.64,1875,Nora Rossi,1/6/2025,Tablet,Gadgets,Spain,Madrid,839.47,1352.99,1098.4,0.2,47.13,Credit Card,Direct,L. Martin,MAD
11371,4,3713.31,1427.36,2017,Fatima Smith,7/7/2023,Headphone,Electronic,Spain,Madrid,304.72,1092.15,490,0.15,21.23,Credit Card,Retail,A. Johnson,EUR
11372,3,2856.3315,760.9515,2094,John Garcia,8/12/2024,Headphone,Electronic,USA,New York,308.14,1120.13,589.23,0.15,19.55,Credit Card,Online,S. Rossi,USD
11373,1,168.9375,22.9175,1301,Maria Dubois,2/4/2025,Smartphone,Tech,USA,New York,12.51,198.75,121.85,0.15,11.66,Credit Card,Retail,M. Lopez,USD
11374,5,3334.0825,181.4825,1324,Fatima Garcia,8/1/2024,Mouse,Tech,Morocco,Casablanca,547.12,784.49,511.78,0.15,46.58,Cash,Online,L. Martin,EUR
11375,3,2767.11,1135.3,1474,Luis Smith,2/23/2023,Phone,Tech,UAE,Dubai,210.4,922.37,459.56,0,42.73,Credit Card,Partner,Unknown,EUR
11376,4,1887.616,-263.794,2182,Nora Kowalski,6/7/2025,Laptop,Tech,France,Paris,322.6,589.88,454.09,0.2,12.45,Bank Transfer,Online,M. Lopez,USD
11377,3,2904.192,-257.068,1904,Emma Haddad,2/16/2023,Monitor,Tech,UAE,Dubai,258.92,1210.08,963.2,0.2,12.74,Cash,Online,A. Johnson,USD
11378,7,4176.816,303.076,2284,John Dubois,8/7/2024,Mouse,Tech,UAE,Dubai,421.34,745.86,490,0.2,22.4,Credit Card,Online,L. Martin,EUR
11379,6,6633.945,1495.055,1115,Sara Lopez,6/21/2024,Smartphone,Gadgets,USA,New York,1139.69,1163.85,662.8,0.05,22.4,Credit Card,Retail,M. Lopez,MAD
11380,5,3980.44,278.72,1308,Fatima Khan,1/8/2025,Laptop,Electronic,Morocco,Casablanca,268.91,995.11,679.88,0.2,33.41,Credit Card,Online,L. Martin,EUR
11381,5,6876.29,1034.93,1179,John Benali,1/20/2023,Tablet,Gadgets,Germany,Berlin,1082.98,1447.64,947.64,0.05,20.18,Credit Card,Online,Unknown,EUR
11382,2,1444.931,276.251,1722,Noah Smith,8/20/2023,Headphone,Gadgets,France,Paris,175.55,760.49,488.09,0.05,16.95,PayPal,Online,M. Lopez,USD
11383,7,8854.671,109.771,1132,Leo Kowalski,3/18/2025,Keyboard,Gadgets,Morocco,Casablanca,993.73,1488.18,1106.2,0.15,7.77,Credit Card,Online,S. Rossi,USD
11384,5,3892.6175,1255.2475,2835,Ali Haddad,2/26/2025,Keyboard,Tech,Spain,Madrid,576.86,915.91,406.24,0.15,29.31,Credit Card,Direct,M. Lopez,EUR
11385,4,1551.328,58.108,1069,Fatima Ibrahim,5/29/2025,Tablet,Electronic,USA,New York,223.54,484.79,305.32,0.2,48.4,Crypto,Partner,K. Haddad,USD
11386,7,8317.449,2287.239,1828,Ali Garcia,7/17/2023,Tablet,Electronic,USA,New York,896.73,1320.23,727.34,0.1,42.1,Cash,Online,K. Haddad,EUR
11387,5,2374.695,622.435,2297,Youssef Benali,1/18/2024,Headphone,Tech,USA,New York,121.68,527.71,319.45,0.1,33.33,Credit Card,Direct,Unknown,USD
11388,7,2535.736,-185.444,2651,Emma Kowalski,10/14/2024,Tablet,Electronic,Germany,Berlin,145.48,452.81,361.86,0.2,42.68,PayPal,Retail,M. Lopez,USD
11389,6,165.138,20.138,1530,Mariam Khan,11/12/2024,Mouse,Gadgets,Spain,Madrid,26.4,32.38,14.29,0.15,32.86,Cash,Partner,S. Rossi,USD
11390,1,985.87,407.98,2206,Fatima Benali,10/18/2024,Mouse,Electronic,USA,New York,118.84,985.87,424.56,0,34.49,Credit Card,Online,S. Rossi,MAD
11391,4,2151.456,-412.724,2755,Noah Chen,1/14/2025,Mouse,Tech,France,Paris,128.39,672.33,603.27,0.2,22.71,Bank Transfer,Retail,S. Rossi,EUR
11392,3,3134.7405,-111.7495,1525,Lucas Chen,8/19/2024,Phone,Tech,Germany,Berlin,162.74,1229.31,1020.95,0.15,20.9,PayPal,Online,Unknown,USD
11393,3,1963.707,19.927,2356,Sara Garcia,4/23/2025,Monitor,Electronic,UAE,Dubai,368.32,689.02,513.96,0.05,33.58,Credit Card,Direct,S. Rossi,EUR
11394,5,6195.915,1097.305,2257,Leo Haddad,10/30/2023,Mouse,Electronic,France,Paris,397.98,1376.87,936.39,0.1,18.68,Credit Card,Online,L. Martin,USD
11395,5,6148.85,440.72,2981,Ali Smith,4/26/2025,Headphone,Tech,USA,New York,338.96,1229.77,1065.73,0,40.52,PayPal,Online,A. Johnson,EUR
11396,2,61.52,6.69,1823,Fatima Khan,11/16/2023,Mouse,Electronic,Morocco,Casablanca,5.95,30.76,13.24,0,22.4,Cash,Retail,S. Rossi,USD
11397,4,2058.054,756.134,1520,Emma Rossi,12/3/2024,Keyboard,Electronic,UAE,Dubai,105.9,605.31,294.98,0.15,16.1,Bank Transfer,Online,S. Rossi,USD
11398,6,7214.001,787.071,2676,Sofia Smith,9/29/2024,Laptop,Gadgets,UAE,Dubai,755.76,1414.51,938.69,0.15,39.03,Bank Transfer,Partner,Unknown,EUR
11399,4,1785.824,20.584,1552,Fatima Chen,10/9/2023,Tablet,Electronic,USA,New York,257.71,558.07,371.53,0.2,21.41,Credit Card,Retail,Unknown,USD
11400,7,7779.702,512.692,1765,Youssef Benali,4/5/2023,Tablet,Electronic,Morocco,Casablanca,411.77,1169.88,978.29,0.05,7.21,Bank Transfer,Online,S. Rossi,EUR
11401,5,5612.355,1318.665,1600,Leo Lopez,4/5/2023,Tablet,Electronic,Morocco,Casablanca,373.63,1247.19,775.62,0.1,41.96,Credit Card,Online,Unknown,USD
11402,1,1245.5,563.44,1653,John Haddad,10/7/2024,Headphone,Gadgets,France,Paris,63.38,1245.5,596.28,0,22.4,Bank Transfer,Retail,M. Lopez,MAD
11403,1,172.3205,-32.9695,2126,Ali Kowalski,8/14/2023,Headphone,Tech,USA,New York,19.49,202.73,180.43,0.15,5.37,Crypto,Retail,S. Rossi,EUR
11404,6,4425.504,770.664,2760,Fatima Silva,6/29/2024,Tablet,Tech,Spain,Madrid,677.05,921.98,490,0.2,37.79,Cash,Online,Unknown,MAD
11405,4,1911.36,-465.76,2621,Luis Benali,5/13/2023,Headphone,Gadgets,USA,New York,343.26,597.3,496.83,0.2,46.54,PayPal,Partner,A. Johnson,MAD
11406,4,2701.376,638.576,1865,Fatima Rossi,9/20/2023,Monitor,Gadgets,Germany,Berlin,204.01,844.18,455.03,0.2,38.67,Credit Card,Direct,Unknown,USD
11407,5,1990.28,-9.8,2001,Nora Dubois,5/4/2025,Tablet,Electronic,USA,New York,163.48,497.57,359.47,0.2,39.25,Credit Card,Online,Unknown,MAD
11408,7,5245.919,739.929,1600,Lucas Kowalski,5/5/2023,Laptop,Electronic,Morocco,Casablanca,1013.06,788.86,493.25,0.05,40.18,Credit Card,Online,Unknown,MAD
11409,1,998.721,75.201,1579,Ali Smith,1/2/2025,Headphone,Electronic,UAE,Dubai,132.25,1109.69,760.88,0.1,30.39,Credit Card,Retail,Unknown,EUR
11410,6,827.22,159.01,1251,John Dubois,3/18/2023,Tablet,Tech,France,Paris,127.46,137.87,84.76,0,32.19,Credit Card,Direct,M. Lopez,EUR
11411,4,1551.768,36.688,2791,Lucas Rahmani,1/12/2023,Headphone,Electronic,USA,New York,206.41,408.36,318.46,0.05,34.83,Cash,Online,Unknown,USD
11412,6,6032.976,387.426,2920,Mariam Haddad,11/21/2024,Mouse,Gadgets,Morocco,Casablanca,0,1256.87,935.26,0.2,33.99,Crypto,Online,Unknown,USD
11413,4,2466.088,382.008,1620,Maria Ibrahim,2/23/2025,Tablet,Electronic,Germany,Berlin,475.38,725.32,397.5,0.15,18.7,Bank Transfer,Partner,A. Johnson,USD
11414,4,4757.552,-824.708,2144,Sara Haddad,12/19/2024,Keyboard,Electronic,Morocco,Casablanca,755.2,1399.28,1198.89,0.15,31.5,Cash,Direct,A. Johnson,EUR
11415,1,807.56,198.97,2750,Nora Chen,6/10/2023,Smartphone,Electronic,Morocco,Casablanca,100.72,807.56,485.47,0,22.4,Bank Transfer,Online,L. Martin,MAD
11416,6,7520.634,1823.184,1268,Youssef Kowalski,3/29/2024,Monitor,Electronic,Spain,Madrid,435,1392.71,876.21,0.1,5.19,Cash,Online,A. Johnson,MAD
11417,1,860.681,263.301,2586,Ali Kowalski,4/20/2024,Phone,Electronic,UAE,Dubai,78.22,905.98,494.91,0.05,24.25,Cash,Retail,K. Haddad,EUR
11418,4,645.506,-59.494,2701,Fatima Chen,3/3/2023,Laptop,Electronic,Spain,Madrid,86.91,169.87,142.06,0.05,49.85,Credit Card,Partner,Unknown,USD
11419,5,386.745,103.435,2800,Nora Rahmani,11/13/2023,Monitor,Gadgets,USA,New York,40.45,81.42,44.03,0.05,22.71,Cash,Retail,Unknown,USD
11420,5,2399.28,327.32,2856,Emma Smith,1/5/2025,Keyboard,Electronic,USA,New York,0,599.82,413.01,0.2,6.91,Cash,Direct,A. Johnson,USD
11421,5,6224.465,2817.605,2845,Ali Silva,1/26/2023,Phone,Tech,Germany,Berlin,930.99,1464.58,490,0.15,25.87,Bank Transfer,Retail,L. Martin,MAD
11422,4,5436.356,1104.136,1874,Maria Garcia,1/23/2025,Tablet,Gadgets,USA,New York,522.75,1430.62,941.87,0.05,41.99,Bank Transfer,Online,M. Lopez,USD
11423,7,2854.278,443.628,2076,Leo Smith,12/4/2024,Smartphone,Gadgets,Spain,Madrid,537.67,453.06,262.27,0.1,37.09,Bank Transfer,Retail,Unknown,MAD
11424,7,7381.1535,2283.5735,1776,Mariam Haddad,3/22/2024,Keyboard,Tech,UAE,Dubai,402.82,1240.53,667.48,0.15,22.4,Crypto,Online,Unknown,EUR
11425,2,745.254,-366.856,2855,John Kowalski,10/25/2024,Laptop,Electronic,France,Paris,95.07,414.03,490,0.1,37.04,PayPal,Direct,S. Rossi,USD
11426,4,4598.64,341.37,2381,Mariam Chen,8/30/2024,Tablet,Electronic,Morocco,Casablanca,716.58,1149.66,875.24,0,39.73,Crypto,Online,A. Johnson,MAD
11427,3,2729.544,370.414,1117,Maria Ibrahim,1/5/2023,Monitor,Tech,UAE,Dubai,392.38,1137.31,642.21,0.2,40.12,Crypto,Online,Unknown,EUR
11428,3,2639.0715,710.4415,2417,Fatima Silva,10/25/2024,Headphone,Tech,USA,New York,172.36,925.99,570.86,0.05,43.69,Bank Transfer,Online,S. Rossi,USD
11429,5,5898.24,1276.06,2173,Luis Kowalski,3/27/2024,Laptop,Electronic,UAE,Dubai,1015.35,1310.72,713.65,0.1,38.58,Crypto,Retail,M. Lopez,USD
11430,6,6795.312,2195.932,2999,Ali Kowalski,5/28/2024,Keyboard,Electronic,USA,New York,531.77,1192.16,670.18,0.05,46.53,Cash,Direct,S. Rossi,EUR
11431,5,4882.48,1283.04,1433,Nora Kowalski,4/3/2023,Keyboard,Electronic,France,Paris,438.65,1220.62,624.13,0.2,40.14,Bank Transfer,Direct,L. Martin,USD
11432,7,4178.8635,541.1735,2671,Ali Smith,7/20/2024,Headphone,Electronic,France,Paris,826.99,702.33,395.37,0.15,43.11,PayPal,Direct,Unknown,EUR
11433,2,973.824,-28.576,2189,Sara Kowalski,7/24/2023,Laptop,Electronic,Morocco,Casablanca,0,608.64,490,0.2,22.4,PayPal,Online,Unknown,USD
11434,3,1620.168,108.628,1067,Maria Chen,5/13/2023,Headphone,Electronic,USA,New York,141.76,635.36,445.1,0.15,34.48,Credit Card,Online,M. Lopez,USD
11435,6,2504.76,66.29,2718,John Kowalski,8/30/2023,Keyboard,Gadgets,USA,New York,424.27,417.46,329.09,0,39.66,Crypto,Retail,K. Haddad,USD
11436,3,2660.988,594.058,2993,Ahmed Benali,1/5/2024,Headphone,Electronic,USA,New York,370.92,933.68,562.5,0.05,8.51,Credit Card,Direct,K. Haddad,USD
11437,6,3770.1,1329.29,1769,Noah Smith,4/13/2025,Keyboard,Tech,USA,New York,224.12,628.35,362.91,0,39.23,Credit Card,Online,S. Rossi,USD
11438,2,1511.58,537.57,2866,Emma Haddad,9/28/2024,Mouse,Tech,USA,New York,220.88,755.79,353.25,0,46.63,Credit Card,Retail,K. Haddad,EUR
11439,5,2332.345,582.515,1401,Leo Dubois,4/6/2024,Laptop,Electronic,USA,New York,434.62,491.02,255.35,0.05,38.46,Bank Transfer,Online,A. Johnson,EUR
11440,1,1440.82,79.17,2351,John Haddad,3/6/2023,Mouse,Tech,Spain,Madrid,187.65,1440.82,1167.4,0,6.6,Credit Card,Online,Unknown,EUR
11441,4,1431.23,-229.53,2296,Luis Silva,8/17/2023,Keyboard,Electronic,Germany,Berlin,237.01,420.95,348.42,0.15,30.07,Bank Transfer,Retail,Unknown,EUR
11442,5,1452.6,-92.43,1192,Leo Rossi,8/7/2024,Tablet,Tech,Spain,Madrid,73.89,363.15,290.15,0.2,20.39,Crypto,Direct,Unknown,MAD
11443,6,1729.02,160.66,1626,Noah Kowalski,6/8/2024,Headphone,Electronic,Germany,Berlin,273.42,288.17,212.09,0,22.4,Credit Card,Direct,Unknown,MAD
11444,5,2040.1275,-248.3525,2715,Youssef Chen,6/5/2024,Laptop,Tech,Morocco,Casablanca,106.79,480.03,428.24,0.15,40.49,PayPal,Retail,L. Martin,USD
11445,6,1657.092,-98.448,1685,John Lopez,8/8/2024,Laptop,Gadgets,France,Paris,120.9,324.92,264.56,0.15,47.28,Cash,Online,A. Johnson,EUR
11446,7,1301.328,-88.852,2645,Sara Silva,1/5/2024,Laptop,Electronic,USA,New York,144,206.56,173.02,0.1,35.04,Credit Card,Retail,L. Martin,MAD
11447,6,5721.696,13.466,2952,Mariam Ibrahim,2/1/2024,Mouse,Electronic,Morocco,Casablanca,762.3,1192.02,824.29,0.2,0.19,PayPal,Online,S. Rossi,MAD
11448,3,147.744,-4.256,1167,Fatima Khan,9/12/2024,Mouse,Tech,Morocco,Casablanca,27.57,54.72,30.9,0.1,31.73,PayPal,Online,Unknown,USD
11449,2,1516.604,21.714,1658,Ali Rossi,2/18/2025,Laptop,Gadgets,Morocco,Casablanca,280.45,892.12,594.2,0.15,26.04,Credit Card,Direct,Unknown,USD
11450,4,1436.436,581.366,1155,Luis Benali,10/24/2024,Laptop,Electronic,France,Paris,98.23,399.01,183.61,0.1,22.4,Cash,Online,L. Martin,MAD
11451,3,2822.952,666.582,2403,Mariam Garcia,10/28/2024,Laptop,Gadgets,USA,New York,183.72,1107.04,646.05,0.15,34.5,Credit Card,Retail,A. Johnson,MAD
11452,2,1783.844,-32.076,1657,Luis Khan,6/8/2023,Mouse,Tech,Germany,Berlin,220.98,1049.32,786.27,0.15,22.4,Cash,Retail,Unknown,EUR
11453,4,1198.12,312.57,2851,Leo Kowalski,9/27/2024,Keyboard,Tech,France,Paris,209.54,299.53,160.04,0,35.85,Bank Transfer,Retail,Unknown,USD
11454,7,-2961.945,-6053.765,2573,John Khan,8/17/2024,Smartphone,Electronic,Morocco,Casablanca,484.6,-470.15,369.26,0.1,22.4,PayPal,Partner,Unknown,USD
11455,3,2800.296,797.776,1258,Nora Smith,2/16/2025,Tablet,Electronic,USA,New York,352.95,1166.79,542.39,0.2,22.4,Credit Card,Retail,Unknown,USD
11456,7,1791.846,57.006,2668,Lucas Garcia,11/21/2023,Laptop,Electronic,USA,New York,169.27,284.42,222.61,0.1,7.3,Crypto,Online,M. Lopez,MAD
11457,6,1656.192,-184.368,1131,Sara Rossi,7/13/2024,Mouse,Tech,Morocco,Casablanca,284.16,345.04,254.89,0.2,27.06,Credit Card,Partner,A. Johnson,USD
11458,7,8895.726,-1672.114,2775,Emma Khan,11/14/2023,Tablet,Tech,UAE,Dubai,1702.97,1495.08,1265.78,0.15,4.41,Credit Card,Online,K. Haddad,MAD
11459,2,2149.769,-58.951,2577,Sofia Benali,9/12/2023,Monitor,Electronic,Spain,Madrid,372,1264.57,912.82,0.15,11.08,Bank Transfer,Online,Unknown,MAD
11460,5,7270.9,1638.81,1846,Sofia Dubois,5/16/2024,Tablet,Electronic,Morocco,Casablanca,979.83,1454.18,921.43,0,45.11,PayPal,Partner,S. Rossi,USD
11461,5,197.1575,16.8575,2571,Ahmed Lopez,2/21/2024,Monitor,Tech,USA,New York,0,46.39,31.11,0.15,24.75,Bank Transfer,Partner,A. Johnson,EUR
11462,3,1493.8845,609.3545,2301,John Garcia,6/12/2024,Headphone,Electronic,USA,New York,185.29,524.17,226.46,0.05,19.86,Credit Card,Partner,S. Rossi,USD
11463,4,1483.2,307.97,1809,Sofia Haddad,6/29/2023,Phone,Tech,Germany,Berlin,197.64,412,236.87,0.1,30.11,Cash,Online,A. Johnson,USD
11464,3,3270.861,776.061,1819,Sara Khan,10/19/2024,Mouse,Tech,USA,New York,338.13,1211.43,708.62,0.1,30.81,Credit Card,Direct,Unknown,USD
11465,2,2967.98,502.21,1114,Lucas Benali,9/20/2023,Tablet,Tech,USA,New York,583.52,1483.99,936.67,0,8.91,Cash,Partner,K. Haddad,USD
11466,6,7309.92,971.59,2308,Sara Haddad,10/1/2024,Smartphone,Tech,Morocco,Casablanca,849.27,1218.32,911.11,0,22.4,Crypto,Online,L. Martin,EUR
11467,1,481.27,-67.21,1897,Fatima Haddad,3/11/2023,Mouse,Gadgets,Morocco,Casablanca,94.52,566.2,430.91,0.15,23.05,Bank Transfer,Online,K. Haddad,USD
11468,4,4187.76,-76.57,1217,Ahmed Dubois,11/18/2024,Mouse,Tech,USA,New York,687.89,1046.94,881.63,0,49.92,Cash,Retail,M. Lopez,MAD
11469,4,4759.848,1423.798,1217,Lucas Garcia,9/7/2024,Headphone,Electronic,Spain,Madrid,318.23,1322.18,743.5,0.1,43.82,Cash,Online,K. Haddad,EUR
11470,1,457.49,-9.78,1875,Noah Haddad,10/23/2024,Keyboard,Electronic,Morocco,Casablanca,80.21,457.49,344.34,0,42.72,PayPal,Online,M. Lopez,USD
11471,1,299.16,148.28,2687,Lucas Kowalski,6/19/2024,Laptop,Electronic,France,Paris,0,299.16,136.64,0,14.24,PayPal,Retail,M. Lopez,EUR
11472,3,2899.128,-537.082,1095,Ahmed Haddad,11/18/2024,Tablet,Tech,Morocco,Casablanca,489.09,1207.97,971.83,0.2,31.63,Crypto,Direct,Unknown,USD
11473,2,178.79,-25.16,1946,Nora Chen,4/20/2023,Tablet,Electronic,France,Paris,24.07,94.1,78.74,0.05,22.4,Cash,Online,M. Lopez,MAD
11474,3,3950.82,1442.92,2672,Emma Chen,5/17/2024,Mouse,Tech,USA,New York,303.18,1316.94,722.99,0,35.75,Bank Transfer,Partner,Unknown,MAD
11475,7,5113.143,-462.447,2777,Nora Smith,8/1/2023,Tablet,Electronic,USA,New York,765.54,811.61,680.37,0.1,47.46,Crypto,Online,Unknown,USD
11476,5,5425.75,2100.07,1949,Luis Kowalski,5/30/2025,Tablet,Tech,UAE,Dubai,893.28,1085.15,485.19,0,6.45,Credit Card,Direct,Unknown,USD
11477,7,336.42,-16.38,1702,Lucas Chen,3/22/2023,Laptop,Tech,USA,New York,59.29,53.4,39.7,0.1,15.61,PayPal,Online,Unknown,MAD
11478,1,498.096,143.436,2878,Sara Dubois,8/18/2023,Headphone,Electronic,Morocco,Casablanca,28.96,622.62,321.36,0.2,4.34,Bank Transfer,Online,M. Lopez,USD
11479,6,5774.328,466.488,2583,Sara Rahmani,4/21/2024,Laptop,Electronic,UAE,Dubai,553.17,1013.04,787.1,0.05,32.07,Credit Card,Online,M. Lopez,USD
11480,2,658.112,49.172,2335,Nora Benali,4/26/2024,Keyboard,Gadgets,Germany,Berlin,33.71,411.32,273.04,0.2,29.15,Credit Card,Online,S. Rossi,USD
11481,1,1255.1185,522.6085,2691,Noah Silva,4/5/2025,Phone,Electronic,France,Paris,116.49,1476.61,613.04,0.15,2.98,PayPal,Direct,Unknown,MAD
11482,5,6189.35,2192.2,2589,Youssef Benali,12/21/2024,Mouse,Tech,UAE,Dubai,923.75,1237.87,612.05,0,13.15,Cash,Online,S. Rossi,USD
11483,6,6234.888,1827.198,1943,Luis Kowalski,10/6/2023,Mouse,Tech,France,Paris,979.7,1093.84,563.23,0.05,48.61,Bank Transfer,Retail,M. Lopez,USD
11484,5,408.31,-11.82,2549,Ahmed Dubois,6/29/2023,Laptop,Tech,USA,New York,0,85.96,76.1,0.05,39.63,PayPal,Partner,Unknown,USD
11485,6,1206.813,390.023,2289,Ali Khan,2/13/2024,Headphone,Tech,Morocco,Casablanca,73.47,236.63,117.01,0.15,41.26,Bank Transfer,Online,A. Johnson,USD
11486,3,2854.161,688.701,1547,Ali Chen,5/12/2023,Monitor,Electronic,Germany,Berlin,426.04,1001.46,571.69,0.05,24.35,PayPal,Online,M. Lopez,EUR
11487,4,1289.12,-190.25,1508,Lucas Kowalski,8/25/2023,Tablet,Tech,USA,New York,240.28,402.85,305.27,0.2,18.01,Bank Transfer,Direct,S. Rossi,USD
11488,6,6558.84,2966.16,2253,John Ibrahim,4/17/2023,Laptop,Tech,USA,New York,531.58,1093.14,503.39,0,40.76,PayPal,Retail,M. Lopez,USD
11489,7,7407.512,1264.072,1962,Noah Kowalski,6/1/2023,Mouse,Gadgets,France,Paris,1135.68,1322.77,714.25,0.2,8.01,Credit Card,Retail,K. Haddad,USD
11490,1,1210.39,95.84,2523,Lucas Rossi,1/16/2023,Keyboard,Tech,Morocco,Casablanca,61.01,1210.39,1028.38,0,25.16,Credit Card,Online,S. Rossi,MAD
11491,4,2438.4,946.83,2243,Sofia Chen,2/4/2025,Mouse,Tech,Morocco,Casablanca,183.85,762,321.33,0.2,22.4,PayPal,Partner,Unknown,EUR
11492,5,3978.72,1720.89,1404,Mariam Chen,11/10/2024,Monitor,Electronic,Morocco,Casablanca,0,884.16,446.4,0.1,25.83,Credit Card,Online,Unknown,EUR
11493,2,2853.58,-13.56,2317,Ahmed Khan,6/2/2024,Monitor,Tech,USA,New York,304.46,1426.79,1270.14,0,22.4,Credit Card,Direct,Unknown,USD
11494,6,4422.336,1145.426,2706,Lucas Khan,3/18/2023,Laptop,Tech,Spain,Madrid,262.01,921.32,501.3,0.2,7.1,Crypto,Retail,M. Lopez,USD
11495,2,1896.048,218.608,2052,Sara Rahmani,10/31/2023,Monitor,Tech,Germany,Berlin,163.9,1053.36,749.87,0.1,13.8,Credit Card,Retail,S. Rossi,USD
11496,6,3087.132,424.862,1959,Sara Lopez,4/1/2023,Phone,Tech,USA,New York,601.73,605.32,339.69,0.15,22.4,Bank Transfer,Retail,Unknown,USD
11497,6,666.162,23.122,1001,Mariam Rahmani,12/23/2023,Laptop,Tech,Spain,Madrid,131.13,130.62,82.34,0.15,17.87,Credit Card,Partner,Unknown,MAD
11498,2,217.36,-58.44,1074,Leo Smith,10/16/2023,Tablet,Electronic,France,Paris,18.28,135.85,117.74,0.2,22.04,Credit Card,Partner,L. Martin,USD
11499,1,911.376,131.706,2187,Lucas Smith,4/24/2024,Laptop,Tech,UAE,Dubai,55.03,1012.64,710.13,0.1,14.51,Bank Transfer,Online,Unknown,MAD
11500,4,2285.472,477.722,2109,Maria Rahmani,4/18/2024,Mouse,Tech,USA,New York,164.2,714.21,405.01,0.2,23.51,Cash,Direct,L. Martin,USD
11501,3,544.92,-20.9,2405,Lucas Garcia,3/7/2023,Headphone,Tech,USA,New York,52.58,191.2,166.94,0.05,12.42,Crypto,Partner,M. Lopez,USD
11502,1,142.592,-39.568,1313,Ali Benali,8/13/2024,Monitor,Electronic,Morocco,Casablanca,23.95,178.24,116.28,0.2,41.93,Cash,Partner,Unknown,USD
11503,1,938.016,103.496,1800,Mariam Khan,2/14/2024,Mouse,Electronic,Spain,Madrid,94.78,1042.24,695.19,0.1,44.55,Crypto,Partner,Unknown,USD
11504,1,1116.531,351.831,1064,Emma Smith,11/14/2024,Tablet,Tech,USA,New York,0,1240.59,745.69,0.1,19.01,Credit Card,Direct,L. Martin,EUR
11505,6,6128.982,2568.912,2597,Youssef Silva,8/19/2024,Keyboard,Tech,Germany,Berlin,450.46,1075.26,514.89,0.05,20.27,Bank Transfer,Partner,K. Haddad,USD
11506,3,666.558,237.928,2595,Fatima Benali,8/22/2024,Headphone,Tech,Morocco,Casablanca,75.43,233.88,109.22,0.05,25.54,Credit Card,Retail,A. Johnson,MAD
11507,4,2076.016,58.606,2285,Emma Rahmani,1/3/2024,Laptop,Tech,Morocco,Casablanca,242.67,546.32,434.6,0.05,36.34,Crypto,Retail,L. Martin,MAD
11508,6,2332.041,740.721,1905,Noah Silva,1/11/2024,Smartphone,Electronic,Spain,Madrid,139.13,409.13,240.47,0.05,9.37,Crypto,Online,Unknown,EUR
11509,4,154.816,-51.764,2084,Fatima Dubois,1/24/2024,Monitor,Tech,Spain,Madrid,13.03,48.38,38.04,0.2,41.39,Cash,Direct,A. Johnson,USD
11510,4,2851.482,812.362,2068,Noah Smith,12/10/2023,Phone,Electronic,Germany,Berlin,510.07,750.39,377.21,0.05,20.21,Bank Transfer,Direct,Unknown,MAD
11511,7,1221.29,-66.01,2085,Youssef Dubois,2/26/2024,Headphone,Electronic,Spain,Madrid,190.47,174.47,155.51,0,8.26,Credit Card,Partner,L. Martin,EUR
11512,7,4070.745,1161.505,1524,Youssef Haddad,6/17/2025,Keyboard,Electronic,Morocco,Casablanca,441.47,646.15,348.52,0.1,28.13,Crypto,Retail,Unknown,USD
11513,3,2433.051,-354.049,1999,Youssef Rahmani,2/25/2025,Headphone,Electronic,France,Paris,484.61,901.13,753.44,0.1,42.17,Crypto,Online,A. Johnson,MAD
11514,2,335.293,19.873,2282,Ali Smith,12/17/2024,Tablet,Electronic,Germany,Berlin,26.77,176.47,129.25,0.05,30.15,Bank Transfer,Retail,Unknown,USD
11515,2,2264.249,1116.889,2942,Maria Rahmani,2/12/2025,Tablet,Tech,Spain,Madrid,144.96,1191.71,490,0.05,22.4,Credit Card,Retail,A. Johnson,USD
11516,2,2029.9,-4.83,1220,Nora Garcia,2/22/2023,Smartphone,Tech,Germany,Berlin,402.07,1014.95,803.03,0,26.6,PayPal,Direct,M. Lopez,USD
11517,1,246.6295,53.5695,1279,Sara Ibrahim,12/30/2024,Phone,Gadgets,USA,New York,38.19,259.61,136.2,0.05,18.67,Credit Card,Retail,S. Rossi,MAD
11518,5,1469.84,177.9,2096,Ali Ibrahim,4/21/2025,Phone,Electronic,France,Paris,133.12,309.44,223.06,0.05,43.52,Bank Transfer,Partner,S. Rossi,USD
11519,3,222.5565,60.7365,2114,Nora Benali,4/7/2025,Headphone,Electronic,USA,New York,12.71,78.09,43.16,0.05,19.63,Crypto,Retail,K. Haddad,USD
11520,3,1665.288,-160.662,2493,Noah Benali,1/21/2023,Tablet,Tech,UAE,Dubai,245.51,693.87,519.73,0.2,21.25,PayPal,Retail,Unknown,MAD
11521,2,2419.304,941.434,2814,Ahmed Benali,2/1/2024,Smartphone,Tech,Spain,Madrid,240.33,1423.12,618.17,0.15,1.2,PayPal,Retail,Unknown,USD
11522,1,1236.033,512.273,1977,Ahmed Dubois,8/12/2023,Smartphone,Electronic,UAE,Dubai,145.34,1373.37,563.52,0.1,14.9,Credit Card,Retail,S. Rossi,USD
11523,3,94.257,-15.273,2420,John Smith,3/6/2024,Smartphone,Gadgets,UAE,Dubai,10.92,34.91,18.76,0.1,42.33,Credit Card,Retail,Unknown,MAD
11524,5,1386.52,-264.59,1746,Emma Haddad,2/7/2025,Phone,Gadgets,France,Paris,223.96,326.24,277.34,0.15,40.45,Credit Card,Online,K. Haddad,MAD
11525,1,283.977,-23.443,1141,Luis Kowalski,3/27/2023,Smartphone,Electronic,UAE,Dubai,53.03,315.53,206.1,0.1,48.29,Cash,Direct,S. Rossi,MAD
11526,4,2199.488,426.408,2621,Lucas Khan,10/10/2024,Headphone,Electronic,Morocco,Casablanca,156.46,687.34,396.06,0.2,32.38,Credit Card,Direct,Unknown,MAD
11527,2,1170.336,1.466,1326,Fatima Garcia,12/22/2023,Headphone,Electronic,Spain,Madrid,187.35,731.46,475.03,0.2,31.46,Bank Transfer,Direct,S. Rossi,EUR
11528,4,4406.974,735.554,2991,Maria Silva,9/13/2024,Tablet,Electronic,USA,New York,735.35,1159.73,731.98,0.05,8.15,PayPal,Partner,Unknown,USD
11529,4,4199.442,1177.822,2098,Ali Kowalski,1/3/2023,Keyboard,Electronic,France,Paris,498.2,1235.13,620.33,0.15,42.1,Credit Card,Online,S. Rossi,USD
11530,6,6810.912,1771.042,1254,Leo Khan,1/22/2024,Keyboard,Tech,USA,New York,359.3,1261.28,774.78,0.1,31.89,Credit Card,Online,K. Haddad,EUR
11531,6,412.86,-17.74,2726,Luis Khan,10/25/2023,Mouse,Gadgets,Morocco,Casablanca,72.16,68.81,56.83,0,17.46,Credit Card,Retail,Unknown,EUR
11532,6,2417.706,1204.096,1899,Sofia Benali,10/3/2024,Keyboard,Electronic,Morocco,Casablanca,0,474.06,198.17,0.15,24.59,Credit Card,Direct,Unknown,USD
11533,4,3136.716,-255.234,1256,Fatima Benali,6/12/2024,Keyboard,Electronic,France,Paris,271.04,871.31,777.76,0.1,9.87,Credit Card,Retail,M. Lopez,EUR
11534,1,1410.11,524.61,2576,Luis Khan,2/3/2024,Phone,Electronic,Germany,Berlin,275.86,1410.11,565.41,0,44.23,Cash,Partner,S. Rossi,USD
11535,3,2962.392,773.862,1354,Ahmed Ibrahim,8/6/2024,Laptop,Gadgets,UAE,Dubai,586.27,1234.33,521.32,0.2,38.3,Crypto,Retail,K. Haddad,MAD
11536,3,1138.347,354.437,1209,Sara Garcia,10/23/2023,Headphone,Electronic,USA,New York,148,421.61,207.69,0.1,12.84,PayPal,Partner,Unknown,USD
11537,4,2442.72,238.32,1392,John Kowalski,4/5/2025,Tablet,Tech,Germany,Berlin,454.1,610.68,432.18,0,21.58,Credit Card,Partner,Unknown,MAD
11538,1,699.2865,-48.7635,1967,Nora Chen,3/10/2025,Tablet,Tech,UAE,Dubai,102.84,822.69,645.15,0.15,0.06,Crypto,Partner,M. Lopez,MAD
11539,1,374.5185,58.3685,2288,Sara Dubois,6/25/2024,Tablet,Gadgets,Morocco,Casablanca,20.87,394.23,259.68,0.05,35.6,Bank Transfer,Partner,M. Lopez,EUR
11540,4,5004.396,27.436,2869,Sofia Silva,7/20/2023,Mouse,Tech,France,Paris,948.6,1390.11,1004.59,0.1,10,Credit Card,Online,L. Martin,USD
11541,4,2841.04,761.04,2014,Noah Chen,10/8/2024,Keyboard,Electronic,USA,New York,478.58,710.26,392.54,0,31.26,Credit Card,Online,S. Rossi,EUR
11542,4,164.502,10.482,2562,Fatima Rossi,10/1/2024,Phone,Tech,USA,New York,14.44,43.29,22.93,0.05,47.86,Credit Card,Online,L. Martin,USD
11543,7,7660.9995,3512.3795,2251,Nora Haddad,3/20/2023,Tablet,Tech,France,Paris,801.81,1152.03,473.57,0.05,31.82,Credit Card,Direct,Unknown,MAD
11544,2,2334.672,191.742,2458,Leo Haddad,6/13/2024,Mouse,Gadgets,Morocco,Casablanca,459.93,1297.04,827.13,0.1,28.74,Credit Card,Retail,L. Martin,USD
11545,1,987.088,59.258,1617,Mariam Lopez,10/5/2023,Laptop,Electronic,USA,New York,73.42,1161.28,848.47,0.15,5.94,Credit Card,Retail,Unknown,USD
11546,6,1498.86,25.91,2055,Lucas Dubois,12/2/2023,Tablet,Electronic,USA,New York,239,249.81,198.5,0,42.95,Credit Card,Partner,A. Johnson,EUR
11547,2,1062.398,-135.352,2396,Youssef Benali,3/22/2023,Keyboard,Gadgets,Germany,Berlin,179.01,624.94,507.25,0.15,4.24,PayPal,Online,M. Lopez,USD
11548,7,6263.74,924.52,2780,Mariam Lopez,10/13/2024,Monitor,Electronic,Germany,Berlin,1227.28,894.82,583.32,0,28.7,Credit Card,Online,A. Johnson,USD
11549,7,9478.8435,-128.0165,1876,Noah Garcia,9/22/2024,Laptop,Tech,USA,New York,1270.93,1425.39,1189.74,0.05,7.75,Credit Card,Online,A. Johnson,MAD
11550,5,2390.2425,-23.8275,2126,Noah Silva,5/3/2024,Tablet,Tech,Spain,Madrid,470.28,562.41,382.32,0.15,32.19,Credit Card,Direct,L. Martin,USD
11551,5,1405.26,-74.07,1529,Luis Silva,4/4/2025,Mouse,Tech,Germany,Berlin,130.56,312.28,267.12,0.1,13.17,Credit Card,Online,S. Rossi,USD
11552,6,5440.02,2386.34,2482,Nora Kowalski,3/11/2025,Laptop,Electronic,USA,New York,613.4,906.67,402.98,0,22.4,Crypto,Online,Unknown,USD
11553,2,1392.592,279.082,1690,Mariam Lopez,8/14/2024,Laptop,Electronic,Germany,Berlin,115.01,870.37,490,0.2,18.5,Cash,Direct,Unknown,USD
11554,7,6774.6,2025.65,2975,Mariam Lopez,2/24/2025,Headphone,Electronic,Morocco,Casablanca,542.32,1209.75,595.22,0.2,40.09,Bank Transfer,Direct,K. Haddad,USD
11555,2,2089.658,772.268,2817,Noah Chen,6/23/2024,Laptop,Electronic,Morocco,Casablanca,284.18,1099.82,495.05,0.05,43.11,Credit Card,Direct,K. Haddad,EUR
11556,5,243.9,40.53,1121,Maria Ibrahim,7/4/2023,Smartphone,Electronic,UAE,Dubai,27.24,54.2,31.79,0.1,17.18,Crypto,Retail,S. Rossi,USD
11557,3,3239.8515,1708.3615,1790,Sofia Haddad,9/30/2023,Mouse,Tech,Germany,Berlin,0,1270.53,508.37,0.15,6.38,Crypto,Online,Unknown,USD
11558,3,1830.594,195.614,1014,Nora Khan,1/5/2024,Tablet,Tech,Germany,Berlin,149.75,717.88,490,0.15,15.23,Crypto,Online,S. Rossi,USD
11559,5,5229.84,-152.52,1858,Sara Silva,8/15/2023,Headphone,Electronic,Morocco,Casablanca,761.16,1307.46,918.45,0.2,28.95,Bank Transfer,Retail,Unknown,MAD
11560,2,2548.759,-356.441,1160,John Rahmani,5/20/2025,Laptop,Electronic,Germany,Berlin,442.17,1499.27,1225.83,0.15,11.37,Bank Transfer,Direct,Unknown,USD
11561,7,-9509.101,-16639.011,1556,Sara Chen,3/21/2023,Laptop,Electronic,USA,New York,1149.83,-1429.94,848.05,0.05,43.73,Credit Card,Partner,M. Lopez,EUR
11562,5,4343.9675,1501.4875,2939,Maria Khan,12/1/2023,Mouse,Electronic,Morocco,Casablanca,268.61,1022.11,510.5,0.15,21.37,Credit Card,Online,A. Johnson,MAD
11563,4,1593.34,-608.86,2117,Lucas Kowalski,2/14/2024,Keyboard,Tech,USA,New York,215.69,419.3,490,0.05,26.51,PayPal,Partner,L. Martin,USD
11564,2,666.298,182.378,1201,Fatima Khan,3/20/2024,Keyboard,Electronic,UAE,Dubai,65.14,391.94,189.35,0.15,40.08,Credit Card,Retail,Unknown,EUR
11565,1,366.36,51.45,2865,Mariam Ibrahim,3/7/2023,Keyboard,Tech,Morocco,Casablanca,60.63,366.36,254.27,0,0.01,Credit Card,Direct,A. Johnson,USD
11566,4,3256.144,126.674,2860,Youssef Khan,9/17/2024,Smartphone,Tech,Spain,Madrid,528.94,856.88,649.3,0.05,3.33,Credit Card,Online,K. Haddad,USD
11567,3,3752.31,477.63,2939,Ahmed Silva,12/20/2023,Laptop,Electronic,Spain,Madrid,0,1250.77,1083.47,0,24.27,Cash,Online,Unknown,EUR
11568,5,2705.445,282.605,1851,Fatima Rahmani,2/27/2024,Keyboard,Tech,Germany,Berlin,278.89,601.21,425.67,0.1,15.6,PayPal,Online,L. Martin,MAD
11569,7,9013.347,1070.357,2517,Luis Ibrahim,7/12/2024,Mouse,Electronic,Germany,Berlin,889.8,1430.69,1007.36,0.1,1.67,Cash,Partner,L. Martin,USD
11570,6,827.22,113.43,1028,Noah Dubois,6/10/2025,Laptop,Tech,Spain,Madrid,99.82,137.87,95.37,0,41.75,Bank Transfer,Online,K. Haddad,USD
11571,6,6471.888,-1197.072,1294,Maria Benali,7/2/2023,Tablet,Gadgets,Spain,Madrid,566.53,1348.31,1177.55,0.2,37.13,Credit Card,Online,L. Martin,MAD
11572,2,505.278,-32.742,2517,Lucas Dubois,11/25/2023,Headphone,Tech,Germany,Berlin,96.01,280.71,197.52,0.1,46.97,PayPal,Online,L. Martin,MAD
11573,3,3102.732,-92.468,1464,Fatima Lopez,3/31/2024,Monitor,Electronic,USA,New York,482.56,1149.16,896.05,0.1,24.49,Crypto,Online,K. Haddad,EUR
11574,2,1223.6,512.51,2629,Sofia Rossi,1/29/2024,Headphone,Gadgets,USA,New York,79.68,764.75,311.28,0.2,8.85,Credit Card,Retail,K. Haddad,EUR
11575,7,9082.3705,4695.6905,1911,Mariam Haddad,12/27/2023,Keyboard,Tech,Germany,Berlin,500.84,1365.77,551.92,0.05,22.4,Crypto,Direct,Unknown,EUR
11576,5,6706.7,957.43,1922,Ahmed Kowalski,4/11/2025,Tablet,Tech,Morocco,Casablanca,843.01,1341.34,975.09,0,30.81,Credit Card,Direct,M. Lopez,EUR
11577,1,1151.904,313.174,2309,Ahmed Garcia,1/18/2025,Headphone,Electronic,Morocco,Casablanca,107.96,1439.88,725.78,0.2,4.99,Credit Card,Partner,M. Lopez,EUR
11578,5,7077.3575,3033.0575,1554,Fatima Kowalski,11/29/2024,Phone,Gadgets,USA,New York,1015.42,1489.97,604.61,0.05,5.83,Credit Card,Retail,A. Johnson,USD
11579,5,90.95,-31.48,2100,Fatima Benali,4/12/2024,Headphone,Gadgets,France,Paris,16.73,21.4,16.66,0.15,22.4,Credit Card,Online,M. Lopez,MAD
11580,3,3461.829,538.529,1620,Youssef Ibrahim,9/29/2024,Keyboard,Tech,Morocco,Casablanca,420.85,1357.58,821.23,0.15,38.76,PayPal,Online,Unknown,USD
11581,2,2610.296,616.786,2844,Luis Chen,11/2/2023,Mouse,Tech,France,Paris,145.29,1373.84,918.36,0.05,11.5,Crypto,Partner,S. Rossi,USD
11582,7,4106.095,876.745,1577,Fatima Rossi,3/25/2025,Laptop,Electronic,Germany,Berlin,668.57,690.1,359.98,0.15,40.92,Credit Card,Partner,S. Rossi,USD
11583,5,5163.3675,792.9375,1438,Mariam Rossi,1/12/2025,Keyboard,Tech,Spain,Madrid,0,1214.91,872.06,0.15,10.13,Crypto,Online,S. Rossi,USD
11584,3,2496.2295,726.6595,1408,Ahmed Benali,4/7/2025,Laptop,Electronic,USA,New York,345.14,875.87,463.88,0.05,32.79,Bank Transfer,Partner,Unknown,USD
11585,7,8085.35,2226.76,2906,Maria Silva,4/9/2024,Headphone,Gadgets,Morocco,Casablanca,909.7,1155.05,702.34,0,32.51,Crypto,Online,Unknown,MAD
11586,7,1812.3,729.52,1179,Ahmed Kowalski,4/7/2023,Headphone,Electronic,USA,New York,0,258.9,151.71,0,20.81,PayPal,Retail,L. Martin,EUR
11587,7,7607.67,2634.87,1534,Ali Khan,4/8/2023,Keyboard,Gadgets,USA,New York,987.76,1086.81,565.8,0,24.44,Cash,Online,A. Johnson,USD
11588,7,3093.286,-79.244,2698,Lucas Garcia,8/1/2024,Headphone,Electronic,Morocco,Casablanca,405.96,519.88,390.7,0.15,31.67,Credit Card,Partner,Unknown,MAD
11589,6,2208.924,832.294,2345,Leo Chen,3/17/2025,Smartphone,Tech,Spain,Madrid,317.54,409.06,170.94,0.1,33.45,PayPal,Retail,Unknown,EUR
11590,6,7015.407,-656.733,2888,Sara Dubois,4/8/2024,Keyboard,Tech,USA,New York,372.35,1375.57,1209.21,0.15,44.53,Credit Card,Retail,K. Haddad,MAD
11591,3,364.7715,-45.1085,2253,Ahmed Khan,5/3/2024,Laptop,Tech,Morocco,Casablanca,64.57,127.99,103.74,0.05,34.09,Credit Card,Retail,Unknown,USD
11592,7,1886.9235,719.0435,2003,Youssef Rossi,9/17/2023,Phone,Gadgets,France,Paris,129.25,317.13,143.91,0.15,31.26,Credit Card,Online,Unknown,MAD
11593,4,3892.72,1713.9,1135,Leo Chen,7/2/2023,Keyboard,Tech,USA,New York,362.79,1024.4,443.16,0.05,43.39,Bank Transfer,Direct,Unknown,USD
11594,5,4015.7825,-494.1775,2143,Leo Haddad,10/8/2023,Headphone,Electronic,Germany,Berlin,735.81,944.89,746.38,0.15,42.25,Cash,Retail,A. Johnson,MAD
11595,5,5674.8975,1488.7775,1027,Ahmed Chen,4/13/2024,Smartphone,Electronic,Morocco,Casablanca,700.79,1335.27,694.49,0.15,12.88,PayPal,Online,A. Johnson,USD
11596,6,2178.3,304.62,2489,Ali Rahmani,10/13/2024,Smartphone,Electronic,USA,New York,0,363.05,308.85,0,20.58,Credit Card,Online,Unknown,USD
11597,6,7012.041,2374.271,1833,Luis Haddad,7/29/2024,Tablet,Tech,France,Paris,776.17,1374.91,636.32,0.15,43.68,Crypto,Direct,S. Rossi,USD
11598,1,787.96,374.63,2117,Lucas Dubois,12/19/2024,Tablet,Electronic,France,Paris,0,787.96,370.31,0,43.02,Cash,Online,S. Rossi,EUR
11599,7,7639.0545,1521.3045,2062,Youssef Smith,4/2/2024,Laptop,Electronic,Morocco,Casablanca,1160.35,1148.73,705,0.05,22.4,Cash,Retail,K. Haddad,USD
11600,4,1328.244,-89.466,1046,Nora Khan,2/5/2023,Headphone,Tech,Spain,Madrid,95.8,390.66,330.31,0.15,0.67,Crypto,Online,L. Martin,USD
11601,1,221.63,28.37,2543,Youssef Ibrahim,3/26/2025,Laptop,Tech,Germany,Berlin,11.7,221.63,158.51,0,23.05,PayPal,Partner,S. Rossi,MAD
11602,4,3894.48,145.87,2841,Mariam Garcia,3/10/2024,Headphone,Gadgets,France,Paris,337.75,1081.8,845.24,0.1,29.9,Credit Card,Online,L. Martin,USD
11603,4,4350.776,835.656,1138,Emma Garcia,4/27/2025,Tablet,Tech,Germany,Berlin,351.44,1279.64,785.32,0.15,22.4,Bank Transfer,Online,S. Rossi,EUR
11604,7,6532.862,332.342,2445,Nora Dubois,10/30/2023,Tablet,Gadgets,USA,New York,1283.04,1097.96,701.65,0.15,5.93,Bank Transfer,Partner,K. Haddad,EUR
11605,2,2141.472,-570.338,1740,Youssef Khan,5/1/2025,Laptop,Tech,France,Paris,307.04,1338.42,1188.84,0.2,27.09,Cash,Online,S. Rossi,MAD
11606,2,722.464,91.844,2708,Fatima Benali,2/14/2025,Keyboard,Gadgets,Morocco,Casablanca,140.7,451.54,244.5,0.2,0.92,Bank Transfer,Partner,K. Haddad,USD
11607,5,3420.0475,477.4075,2131,Ali Silva,10/3/2023,Tablet,Gadgets,France,Paris,270.39,720.01,529.97,0.05,22.4,Cash,Online,M. Lopez,EUR
11608,4,2111.544,229.134,1443,Lucas Silva,3/23/2025,Mouse,Electronic,Germany,Berlin,248.66,586.54,407.39,0.1,4.19,Credit Card,Retail,K. Haddad,EUR
11609,5,2305.62,-402.7,1617,Fatima Smith,3/22/2025,Mouse,Gadgets,Morocco,Casablanca,241.5,512.36,490,0.1,16.82,Bank Transfer,Retail,Unknown,USD
11610,3,1057.536,-255.474,1154,Leo Haddad,1/13/2023,Tablet,Tech,Morocco,Casablanca,171.86,414.72,366.4,0.15,41.95,Cash,Online,M. Lopez,MAD
11611,2,1687.296,269.466,2377,Fatima Smith,4/7/2025,Mouse,Gadgets,USA,New York,285.07,1054.56,555.18,0.2,22.4,Credit Card,Online,M. Lopez,EUR
11612,1,33.669,-10.261,1592,John Khan,12/22/2023,Mouse,Tech,Morocco,Casablanca,2.76,37.41,25.96,0.1,15.21,Crypto,Partner,A. Johnson,USD
11613,1,914.532,-33.998,1702,Ali Dubois,9/4/2024,Mouse,Tech,USA,New York,0,1075.92,928.63,0.15,19.9,Cash,Retail,M. Lopez,MAD
11614,2,995.904,-15.426,2988,Ahmed Lopez,3/17/2024,Phone,Tech,UAE,Dubai,114.38,553.28,446.26,0.1,4.43,Credit Card,Retail,Unknown,USD
11615,3,243,10.89,2536,John Rossi,5/16/2024,Laptop,Tech,Germany,Berlin,42.41,81,56.06,0,21.52,PayPal,Partner,Unknown,USD
11616,2,2841.621,1825.961,2100,John Garcia,8/5/2023,Tablet,Electronic,USA,New York,0,1495.59,490,0.05,35.66,Cash,Direct,Unknown,EUR
11617,6,896.454,27.624,2290,Leo Silva,11/29/2023,Smartphone,Electronic,UAE,Dubai,133.24,166.01,117.79,0.1,28.85,Credit Card,Direct,M. Lopez,USD
11618,6,3755.538,-679.782,1219,Ali Benali,2/10/2024,Mouse,Gadgets,USA,New York,494.33,736.38,654.74,0.15,12.55,Credit Card,Online,M. Lopez,USD
11619,7,8622.369,-83.491,2785,Ali Dubois,4/13/2025,Headphone,Electronic,Morocco,Casablanca,907.05,1368.63,1109.02,0.1,35.67,Cash,Retail,Unknown,USD
11620,1,1091.112,265.562,2931,Nora Ibrahim,8/16/2024,Keyboard,Electronic,USA,New York,105.21,1363.89,706.28,0.2,14.06,Bank Transfer,Online,K. Haddad,USD
11621,5,1374.075,305.365,2991,Ahmed Rossi,4/18/2023,Laptop,Tech,France,Paris,156.74,305.35,181.59,0.1,4.02,Credit Card,Online,S. Rossi,EUR
11622,1,302.4,61.23,1335,John Garcia,12/24/2023,Laptop,Electronic,USA,New York,26.63,302.4,204.55,0,9.99,Cash,Partner,L. Martin,USD
11623,7,757.75,17.52,2684,John Haddad,5/26/2023,Monitor,Electronic,UAE,Dubai,93.74,108.25,87.27,0,35.6,Credit Card,Direct,Unknown,USD
11624,2,978.534,276.424,2902,Mariam Rossi,3/3/2025,Tablet,Tech,Spain,Madrid,73.35,543.63,308.13,0.1,12.5,Crypto,Online,L. Martin,USD
11625,6,6698.469,1928.419,2629,Sofia Chen,7/22/2024,Keyboard,Tech,Morocco,Casablanca,903.27,1175.17,638.59,0.05,35.24,Crypto,Retail,A. Johnson,USD
11626,1,630.059,144.089,1286,Sara Ibrahim,3/7/2023,Smartphone,Electronic,USA,New York,32.26,663.22,427.14,0.05,26.57,PayPal,Retail,A. Johnson,USD
11627,1,1040.06,409.19,2666,Ali Ibrahim,4/16/2025,Headphone,Electronic,Spain,Madrid,119.95,1040.06,471.61,0,39.31,Credit Card,Direct,S. Rossi,USD
11628,2,2085.678,573.138,1487,Fatima Dubois,6/10/2023,Smartphone,Tech,UAE,Dubai,403.89,1158.71,554.27,0.1,0.11,Crypto,Retail,S. Rossi,USD
11629,6,3484.065,597.955,2659,Noah Ibrahim,4/2/2023,Monitor,Electronic,France,Paris,488.58,683.15,391.5,0.15,48.53,PayPal,Retail,M. Lopez,USD
11630,6,4129.812,652.412,1098,Noah Garcia,6/9/2024,Phone,Tech,UAE,Dubai,572.91,764.78,483.64,0.1,2.65,Cash,Partner,S. Rossi,MAD
11631,4,4898.96,141.46,2545,Youssef Silva,5/29/2025,Laptop,Tech,USA,New York,873.3,1224.74,965.62,0,21.72,Bank Transfer,Online,Unknown,USD
11632,3,3221.52,542.65,1699,Leo Haddad,11/14/2024,Keyboard,Tech,USA,New York,632.52,1342.3,667.23,0.2,44.66,Crypto,Online,Unknown,MAD
11633,5,3023.08,-453.41,2011,John Smith,8/14/2023,Mouse,Gadgets,Morocco,Casablanca,398.46,755.77,608.15,0.2,37.28,Bank Transfer,Direct,Unknown,USD
11634,1,611.94,98.1,1696,John Chen,5/18/2024,Phone,Gadgets,France,Paris,119.57,611.94,374.3,0,19.97,Crypto,Online,A. Johnson,USD
11635,1,1241.0085,365.5385,1465,John Dubois,2/9/2023,Keyboard,Gadgets,UAE,Dubai,171.99,1460.01,695.78,0.15,7.7,Bank Transfer,Direct,M. Lopez,USD
11636,7,5971.63,147,1279,Sara Rossi,1/9/2025,Keyboard,Electronic,USA,New York,557.15,853.09,746.6,0,41.28,Crypto,Partner,M. Lopez,MAD
11637,2,997.101,279.731,2954,Sara Ibrahim,12/25/2023,Keyboard,Tech,USA,New York,133.51,586.53,280.73,0.15,22.4,Crypto,Online,K. Haddad,USD
11638,6,3504.288,-483.042,2061,Sara Rossi,1/2/2025,Headphone,Electronic,USA,New York,585.71,730.06,564.24,0.2,16.18,PayPal,Retail,K. Haddad,MAD
11639,3,3247.2975,731.3175,2708,Noah Rahmani,12/2/2023,Tablet,Tech,France,Paris,236.77,1273.45,749.04,0.15,32.09,Credit Card,Online,Unknown,USD
11640,3,4009.959,740.289,1938,Ali Lopez,3/14/2025,Monitor,Tech,France,Paris,0,1485.17,1084.15,0.1,17.22,PayPal,Direct,S. Rossi,USD
11641,2,2173.885,110.935,2885,Nora Rahmani,3/5/2025,Tablet,Gadgets,France,Paris,158.92,1144.15,945.63,0.05,12.77,Cash,Online,Unknown,USD
11642,1,1022.08,304.54,2547,John Khan,3/28/2023,Mouse,Electronic,Morocco,Casablanca,51.26,1022.08,652.08,0,14.2,Credit Card,Partner,M. Lopez,MAD
11643,7,9019.3285,510.9885,1821,John Ibrahim,2/17/2024,Tablet,Tech,France,Paris,815.59,1356.29,1094.81,0.05,29.08,PayPal,Online,Unknown,USD
11644,5,3182.04,-45.51,2190,Noah Khan,6/17/2023,Laptop,Tech,USA,New York,624.01,795.51,519.09,0.2,8.09,PayPal,Online,Unknown,EUR
11645,7,8910.531,2875.001,1561,Maria Haddad,5/24/2024,Tablet,Gadgets,Germany,Berlin,1145.94,1414.37,692.42,0.1,42.65,PayPal,Retail,A. Johnson,USD
11646,1,194.103,-30.297,2397,Leo Haddad,6/5/2023,Tablet,Tech,Morocco,Casablanca,36.21,215.67,163.25,0.1,24.94,Crypto,Partner,M. Lopez,MAD
11647,4,3543.584,-312.196,1068,Fatima Silva,8/28/2024,Mouse,Tech,UAE,Dubai,397.61,1107.37,856.96,0.2,30.33,Bank Transfer,Online,Unknown,USD
11648,2,2011.44,-216.43,2321,Nora Lopez,2/20/2023,Headphone,Tech,UAE,Dubai,197.68,1257.15,1014.87,0.2,0.45,Bank Transfer,Retail,S. Rossi,EUR
11649,4,3269.556,250.406,1255,Luis Dubois,9/1/2024,Laptop,Electronic,Spain,Madrid,245.16,908.21,686.12,0.1,29.51,Crypto,Retail,Unknown,USD
11650,7,452.97,212.03,2512,Luis Silva,2/11/2024,Laptop,Gadgets,Morocco,Casablanca,27.13,71.9,30.1,0.1,3.11,Bank Transfer,Direct,M. Lopez,USD
11651,1,527.168,-8.812,1183,Nora Kowalski,11/7/2023,Keyboard,Tech,Spain,Madrid,82.74,658.96,412.84,0.2,40.4,Credit Card,Online,Unknown,EUR
11652,1,503.93,101.11,2975,Emma Benali,1/9/2023,Keyboard,Electronic,Morocco,Casablanca,62.55,503.93,313.06,0,27.21,Cash,Direct,A. Johnson,MAD
11653,4,1264.968,-208.352,2226,Ahmed Smith,3/26/2023,Phone,Tech,France,Paris,229,351.38,305.92,0.1,20.64,Cash,Retail,Unknown,EUR
11654,2,2339.712,268.332,2748,Emma Dubois,2/7/2023,Tablet,Electronic,Spain,Madrid,430.08,1299.84,809.45,0.1,22.4,PayPal,Online,M. Lopez,USD
11655,5,4129.8875,274.4175,2135,Nora Kowalski,1/11/2025,Headphone,Electronic,Spain,Madrid,240.03,869.45,718.81,0.05,21.39,Cash,Partner,S. Rossi,USD
11656,1,19.76,-8.71,2675,Lucas Garcia,7/22/2023,Keyboard,Tech,Morocco,Casablanca,3.42,24.7,21.73,0.2,3.32,Bank Transfer,Retail,Unknown,EUR
11657,1,1040.013,-122.497,1916,Youssef Smith,1/23/2023,Mouse,Gadgets,Morocco,Casablanca,154.77,1155.57,985.34,0.1,22.4,Cash,Retail,S. Rossi,USD
11658,1,389.997,90.567,2622,Emma Garcia,8/7/2023,Mouse,Electronic,UAE,Dubai,46.88,458.82,220.07,0.15,32.48,Bank Transfer,Online,K. Haddad,USD
11659,4,2943.632,1369.042,2246,John Chen,5/13/2025,Phone,Electronic,Morocco,Casablanca,156.02,774.64,350.46,0.05,16.73,Cash,Direct,A. Johnson,EUR
11660,3,724.248,-86.192,2011,Lucas Khan,1/28/2024,Monitor,Tech,Morocco,Casablanca,0,301.77,262.68,0.2,22.4,Credit Card,Direct,Unknown,EUR
11661,7,4405.1595,-71.9905,2274,Mariam Garcia,10/21/2023,Monitor,Electronic,France,Paris,447.18,662.43,572.51,0.05,22.4,Credit Card,Direct,Unknown,EUR
11662,2,979.758,-163.702,1045,Fatima Benali,8/24/2023,Headphone,Tech,USA,New York,192.5,544.31,464.28,0.1,22.4,Credit Card,Direct,Unknown,EUR
11663,6,7434.66,2530.71,2075,Fatima Rahmani,2/14/2023,Mouse,Electronic,USA,New York,382.73,1239.11,749.56,0,23.86,Credit Card,Retail,L. Martin,USD
11664,4,445.502,-102.198,2501,Lucas Smith,9/19/2023,Tablet,Gadgets,Germany,Berlin,80.94,131.03,111.09,0.15,22.4,PayPal,Retail,A. Johnson,MAD
11665,4,3785,1003.68,2036,John Rossi,3/18/2024,Laptop,Tech,France,Paris,470.6,946.25,572.08,0,22.4,Crypto,Direct,Unknown,MAD
11666,6,4734.762,934.692,1839,Sara Garcia,5/4/2024,Mouse,Gadgets,Spain,Madrid,277.01,830.66,585.44,0.05,10.42,PayPal,Partner,L. Martin,USD
11667,6,2944.62,868,2374,Lucas Haddad,11/30/2023,Tablet,Tech,Morocco,Casablanca,331.57,516.6,290.64,0.05,1.21,Credit Card,Direct,L. Martin,USD
11668,6,7051.104,1295.264,2636,Maria Haddad,2/6/2023,Mouse,Tech,USA,New York,500.7,1305.76,872.61,0.1,19.48,Bank Transfer,Retail,S. Rossi,USD
11669,4,2066.758,673.278,1344,Leo Smith,2/23/2024,Phone,Electronic,France,Paris,145.04,607.87,307.64,0.15,17.88,Bank Transfer,Partner,M. Lopez,USD
11670,7,1085.756,-44.124,2529,Maria Garcia,2/23/2025,Mouse,Tech,USA,New York,211.01,182.48,125.28,0.15,41.91,PayPal,Retail,K. Haddad,EUR
11671,6,490.848,6.178,2281,Nora Dubois,6/14/2025,Headphone,Tech,USA,New York,46.95,102.26,65.89,0.2,42.38,Bank Transfer,Direct,L. Martin,USD
11672,1,677.04,18.13,2066,Fatima Smith,11/17/2023,Laptop,Tech,France,Paris,111.5,677.04,526.43,0,20.98,Crypto,Retail,Unknown,USD
11673,1,614.7965,-97.3835,1789,Sara Ibrahim,7/6/2024,Keyboard,Electronic,Morocco,Casablanca,57.56,723.29,631.11,0.15,23.51,PayPal,Online,A. Johnson,MAD
11674,1,1414.5785,120.8085,2609,Maria Silva,1/20/2025,Tablet,Electronic,Morocco,Casablanca,147.6,1489.03,1101.43,0.05,44.74,Credit Card,Direct,A. Johnson,USD
11675,4,1992.06,-338.27,1023,Leo Rossi,1/26/2023,Headphone,Tech,Germany,Berlin,261.24,585.9,508.14,0.15,36.53,Cash,Online,K. Haddad,EUR
11676,6,3438.48,1158.79,2647,Noah Dubois,12/17/2024,Mouse,Tech,USA,New York,436.24,716.35,303.72,0.2,21.13,Crypto,Online,A. Johnson,USD
11677,7,175.07,41.57,2990,Leo Ibrahim,8/28/2023,Headphone,Tech,France,Paris,19.61,25.01,13.07,0,22.4,Cash,Partner,K. Haddad,MAD
11678,1,287.4955,71.2255,1774,Ali Kowalski,4/2/2023,Headphone,Gadgets,USA,New York,23.98,338.23,169.89,0.15,22.4,Cash,Retail,L. Martin,USD
11679,3,3191.46,835.48,1908,Sara Benali,5/20/2025,Keyboard,Electronic,Morocco,Casablanca,166.69,1063.82,727.38,0,7.15,Crypto,Retail,A. Johnson,USD
11680,1,670.38,161.33,2751,Sara Benali,9/13/2023,Laptop,Tech,UAE,Dubai,118.66,670.38,367.99,0,22.4,Crypto,Direct,Unknown,USD
11681,4,4155.718,1864.688,2327,Sofia Silva,9/6/2024,Mouse,Tech,France,Paris,347.82,1093.61,474.82,0.05,43.93,Credit Card,Direct,L. Martin,USD
11682,4,272.16,40.43,1035,Mariam Haddad,6/27/2023,Phone,Tech,UAE,Dubai,19.04,68.04,52.55,0,2.49,Crypto,Retail,K. Haddad,USD
11683,1,1178.744,289.884,1365,Leo Rossi,6/11/2023,Tablet,Electronic,Spain,Madrid,206.18,1473.43,660.28,0.2,22.4,Crypto,Direct,S. Rossi,EUR
11684,3,2700.108,842.218,1369,Youssef Chen,6/27/2023,Monitor,Tech,UAE,Dubai,438.67,1000.04,458.11,0.1,44.89,Cash,Retail,A. Johnson,USD
11685,6,2767.464,-258.636,2823,Lucas Smith,3/23/2023,Keyboard,Gadgets,USA,New York,143,542.64,474.86,0.15,33.94,Credit Card,Online,Unknown,USD
11686,1,152.3895,-37.6105,1289,Maria Rossi,3/20/2024,Tablet,Electronic,UAE,Dubai,23.48,160.41,144.12,0.05,22.4,Credit Card,Retail,L. Martin,USD
11687,4,4409.6,806.99,2672,Maria Rossi,5/24/2023,Keyboard,Electronic,Germany,Berlin,639.83,1102.4,730.04,0,42.62,Credit Card,Retail,Unknown,MAD
11688,4,940.28,104.88,1895,Fatima Chen,10/12/2024,Mouse,Electronic,USA,New York,76.62,235.07,187.88,0,7.26,Credit Card,Online,L. Martin,USD
11689,1,262.531,94.601,2887,Noah Lopez,2/14/2025,Phone,Electronic,Morocco,Casablanca,14.88,308.86,149.09,0.15,3.96,Crypto,Direct,K. Haddad,USD
11690,3,141.96,-1376.43,1767,Youssef Silva,2/11/2023,Tablet,Electronic,UAE,Dubai,18.08,47.32,490,0,30.31,PayPal,Online,K. Haddad,USD
11691,2,2184.84,656.17,1436,Fatima Rossi,6/11/2025,Laptop,Tech,Germany,Berlin,321.13,1092.42,592.57,0,22.4,Crypto,Direct,A. Johnson,EUR
11692,6,3638.304,1300.844,2127,John Rahmani,7/11/2023,Smartphone,Tech,USA,New York,404.5,757.98,320.27,0.2,11.34,Credit Card,Online,Unknown,EUR
11693,3,973.368,-28.862,1153,Nora Dubois,10/3/2024,Keyboard,Electronic,Morocco,Casablanca,100.29,405.57,293.18,0.2,22.4,PayPal,Online,Unknown,USD
11694,3,3598.704,259.604,2227,John Kowalski,9/2/2024,Mouse,Electronic,Germany,Berlin,414.05,1499.46,971.45,0.2,10.7,Credit Card,Partner,S. Rossi,EUR
11695,6,5143.605,-634.495,1425,Luis Rahmani,2/15/2023,Monitor,Gadgets,France,Paris,869.91,1008.55,810.04,0.15,47.95,Crypto,Direct,S. Rossi,USD
11696,5,6885.65,650.89,1505,Sara Khan,11/16/2024,Mouse,Tech,Morocco,Casablanca,1035.6,1377.13,1037.51,0,11.61,Cash,Retail,L. Martin,MAD
11697,3,3239.61,1052.64,1836,John Kowalski,11/10/2024,Headphone,Electronic,UAE,Dubai,326.68,1079.87,617.92,0,6.53,Credit Card,Retail,L. Martin,USD
11698,5,1318.9875,-57.2625,2648,Fatima Khan,2/10/2024,Keyboard,Electronic,Morocco,Casablanca,217.04,310.35,228.33,0.15,17.56,Cash,Direct,M. Lopez,USD
11699,6,4548.714,79.784,2266,Noah Silva,9/11/2024,Tablet,Electronic,Germany,Berlin,271.04,798.02,697.14,0.05,15.05,Bank Transfer,Direct,S. Rossi,USD
11700,3,2570.6145,337.7645,1674,Ali Ibrahim,2/28/2025,Laptop,Tech,USA,New York,265.95,901.97,651.39,0.05,12.73,Bank Transfer,Online,A. Johnson,USD
11701,7,4897.032,-1083.338,1191,Youssef Rossi,2/26/2025,Laptop,Tech,USA,New York,775.38,874.47,738.81,0.2,33.32,Credit Card,Online,A. Johnson,USD
11702,4,386.536,-62.464,2177,Luis Kowalski,5/19/2025,Mouse,Electronic,France,Paris,66.68,101.72,89.24,0.05,25.36,Crypto,Partner,L. Martin,MAD
11703,1,1110.904,-256.036,2150,Nora Smith,2/9/2024,Keyboard,Tech,USA,New York,217.05,1388.63,1146.9,0.2,2.99,Bank Transfer,Online,K. Haddad,USD
11704,5,1990.15,386.22,2421,Sara Silva,10/7/2024,Tablet,Electronic,Morocco,Casablanca,271.14,398.03,260.05,0,32.54,Credit Card,Retail,K. Haddad,USD
11705,4,292.106,64.976,2732,Youssef Rossi,8/10/2023,Tablet,Electronic,USA,New York,37.51,76.87,46.19,0.05,4.86,Credit Card,Direct,Unknown,MAD
11706,7,6796.034,654.974,2549,John Rahmani,1/24/2024,Tablet,Electronic,UAE,Dubai,842.62,1021.96,753.72,0.05,22.4,Credit Card,Retail,S. Rossi,USD
11707,3,3225.177,1051.587,2909,John Chen,5/13/2025,Headphone,Gadgets,UAE,Dubai,211.88,1194.51,645.39,0.1,25.54,PayPal,Direct,S. Rossi,USD
11708,3,2751.12,137.47,2975,Fatima Ibrahim,1/17/2023,Tablet,Electronic,Germany,Berlin,185.43,917.04,802.2,0,21.62,Bank Transfer,Direct,Unknown,USD
11709,7,8147.44,2656.56,2591,Mariam Haddad,3/21/2023,Smartphone,Electronic,UAE,Dubai,1196.57,1454.9,610.1,0.2,23.61,Crypto,Online,S. Rossi,EUR
11710,2,1599.377,25.237,1580,Emma Rossi,5/2/2025,Tablet,Electronic,USA,New York,258.54,940.81,651.61,0.15,12.38,PayPal,Online,L. Martin,USD
11711,5,3505.2725,1403.2025,2041,Sofia Kowalski,8/27/2024,Headphone,Tech,France,Paris,218.08,824.77,371.24,0.15,27.79,PayPal,Retail,S. Rossi,USD
11712,6,4632.33,284.14,2143,Sara Benali,4/15/2025,Tablet,Tech,Morocco,Casablanca,756.87,908.3,596.6,0.15,11.72,Credit Card,Online,Unknown,USD
11713,5,656.64,-61.14,1245,Fatima Lopez,5/5/2025,Laptop,Electronic,UAE,Dubai,115.02,138.24,114.43,0.05,30.61,Cash,Direct,A. Johnson,USD
11714,1,444.6665,77.5165,2336,Sara Dubois,12/28/2024,Headphone,Tech,UAE,Dubai,30.76,468.07,302.99,0.05,33.4,Credit Card,Direct,Unknown,MAD
11715,2,2021.3,43.19,1619,Nora Benali,5/4/2025,Keyboard,Electronic,USA,New York,225.92,1189,865.73,0.15,20.73,Crypto,Online,Unknown,USD
11716,5,989.44,192.74,2991,Maria Smith,10/8/2023,Mouse,Electronic,Germany,Berlin,146.14,247.36,121.21,0.2,44.51,Cash,Direct,L. Martin,USD
11717,2,1781.345,284.505,2073,Nora Khan,5/22/2023,Monitor,Electronic,Morocco,Casablanca,221.38,937.55,626.1,0.05,23.26,Bank Transfer,Partner,S. Rossi,USD
11718,2,1530.816,325.606,1659,John Lopez,6/26/2023,Mouse,Tech,USA,New York,186.99,900.48,506.44,0.15,5.34,Cash,Retail,Unknown,USD
11719,7,4044.789,577.979,2491,Lucas Kowalski,2/24/2023,Headphone,Electronic,Spain,Madrid,357.55,642.03,442.06,0.1,14.84,Credit Card,Retail,L. Martin,EUR
11720,3,1832.1225,-236.4775,2243,Leo Rossi,1/21/2025,Keyboard,Electronic,USA,New York,340.16,642.85,568.68,0.05,22.4,Credit Card,Retail,A. Johnson,USD
11721,2,1170.4,392.36,2482,Fatima Silva,8/21/2024,Keyboard,Electronic,Germany,Berlin,174.68,731.5,293.68,0.2,16,Bank Transfer,Online,Unknown,MAD
11722,1,1282.293,-168.677,1910,Maria Smith,8/23/2023,Mouse,Electronic,France,Paris,242.82,1424.77,1158.17,0.1,49.98,Cash,Partner,S. Rossi,MAD
11723,4,1379.108,157.808,1330,Maria Benali,4/11/2024,Headphone,Electronic,France,Paris,85.68,405.62,273.17,0.15,42.94,Bank Transfer,Online,L. Martin,USD
11724,3,743.0805,112.3205,1529,Sofia Rahmani,4/24/2025,Phone,Electronic,Morocco,Casablanca,132.23,260.73,157.45,0.05,26.18,Cash,Direct,K. Haddad,USD
11725,4,5120.994,-524.776,2701,Sofia Chen,11/25/2024,Monitor,Electronic,USA,New York,957.25,1347.63,1163.11,0.05,36.08,Credit Card,Online,L. Martin,EUR
11726,6,3230.604,-142.686,1419,Youssef Chen,8/30/2024,Laptop,Electronic,France,Paris,238.46,598.26,522.45,0.1,0.13,Credit Card,Direct,Unknown,EUR
11727,2,2392.818,-180.442,2443,Lucas Rossi,11/22/2023,Mouse,Electronic,USA,New York,372.42,1407.54,1081.45,0.15,37.94,Credit Card,Online,A. Johnson,USD
11728,5,5611.9975,1379.8475,1185,Nora Rahmani,2/13/2024,Headphone,Tech,France,Paris,390.65,1320.47,763.82,0.15,22.4,Credit Card,Online,K. Haddad,USD
11729,5,6030.15,2904.77,2784,John Kowalski,9/8/2024,Mouse,Tech,UAE,Dubai,459.75,1206.03,524.77,0,41.78,Crypto,Partner,M. Lopez,MAD
11730,7,7146.468,955.968,2627,Ahmed Kowalski,12/3/2023,Keyboard,Electronic,Morocco,Casablanca,928.72,1134.36,747.46,0.1,29.56,PayPal,Retail,A. Johnson,USD
11731,7,2321.382,316.502,1578,Maria Smith,3/3/2023,Tablet,Electronic,USA,New York,339.44,349.08,234.72,0.05,22.4,Crypto,Direct,Unknown,EUR
11732,3,4248.153,1597.853,1177,Noah Haddad,6/7/2025,Tablet,Gadgets,Morocco,Casablanca,643.01,1490.58,664.87,0.05,12.68,Crypto,Partner,M. Lopez,USD
11733,2,2070.016,649.706,2801,Noah Benali,1/13/2023,Keyboard,Tech,Morocco,Casablanca,392.66,1293.76,490,0.2,47.65,Credit Card,Online,S. Rossi,EUR
11734,2,189.54,-0.95,2364,Ahmed Haddad,2/22/2023,Laptop,Electronic,Morocco,Casablanca,23.25,94.77,69.46,0,28.32,PayPal,Retail,L. Martin,USD
11735,1,638.64,242.06,2600,Ahmed Ibrahim,10/22/2023,Mouse,Electronic,UAE,Dubai,78.8,709.6,317,0.1,0.78,Cash,Partner,A. Johnson,USD
11736,2,1866.447,-83.523,2821,Ahmed Lopez,5/26/2024,Laptop,Tech,UAE,Dubai,168.17,1097.91,877.65,0.15,26.5,Bank Transfer,Direct,K. Haddad,USD
11737,4,3969.398,384.978,2212,Youssef Kowalski,4/30/2023,Monitor,Tech,USA,New York,352.82,1167.47,802.3,0.15,22.4,Bank Transfer,Online,Unknown,MAD
11738,1,480.4115,-14.9385,2909,Noah Silva,12/1/2023,Tablet,Tech,UAE,Dubai,59.36,565.19,427.57,0.15,8.42,Credit Card,Online,M. Lopez,USD
11739,1,54.17,-475.34,2519,Ahmed Kowalski,6/13/2025,Laptop,Electronic,Spain,Madrid,9.74,54.17,490,0,29.77,Cash,Online,Unknown,USD
11740,6,4353.984,-846.586,2168,Noah Smith,12/17/2023,Smartphone,Tech,Spain,Madrid,460.83,907.08,787.86,0.2,12.58,PayPal,Retail,L. Martin,EUR
11741,4,4142.88,-649.83,1497,Sara Garcia,6/2/2023,Headphone,Tech,USA,New York,611.82,1294.65,1044.2,0.2,4.09,Cash,Online,A. Johnson,USD
11742,7,4333,-106.48,1082,Fatima Haddad,8/6/2023,Keyboard,Tech,Morocco,Casablanca,809.14,773.75,515.45,0.2,22.19,Cash,Partner,Unknown,USD
11743,7,5642.28,1306.02,2868,Nora Haddad,2/23/2024,Headphone,Gadgets,Morocco,Casablanca,911.2,806.04,486.94,0,16.48,Credit Card,Online,L. Martin,EUR
11744,6,3924.093,702.783,2282,Noah Khan,6/14/2024,Tablet,Gadgets,Germany,Berlin,472.99,769.43,454.3,0.15,22.52,Credit Card,Direct,S. Rossi,MAD
11745,1,1144.12,-160.9,1654,Luis Kowalski,3/26/2024,Headphone,Gadgets,Morocco,Casablanca,137.97,1430.15,1140.22,0.2,26.83,Credit Card,Partner,K. Haddad,MAD
11746,4,3207.672,1087.622,2741,Noah Ibrahim,2/12/2024,Keyboard,Tech,Germany,Berlin,636.4,891.02,361.33,0.1,38.33,Crypto,Online,L. Martin,USD
11747,1,1163.672,139.492,1386,Sara Garcia,2/16/2024,Mouse,Electronic,Morocco,Casablanca,195.96,1454.59,813.61,0.2,14.61,PayPal,Online,A. Johnson,MAD
11748,1,788.78,217.64,1964,Emma Silva,5/20/2023,Keyboard,Tech,France,Paris,43.04,788.78,499.62,0,28.48,PayPal,Direct,Unknown,EUR
11749,5,4909,638.08,2379,Maria Chen,5/29/2023,Mouse,Tech,Morocco,Casablanca,568.93,1227.25,738.35,0.2,10.24,PayPal,Direct,Unknown,EUR
11750,3,-2636.415,-4298.995,2925,Noah Smith,3/14/2023,Keyboard,Gadgets,Germany,Berlin,417.53,-976.45,407.55,0.1,22.4,Crypto,Direct,A. Johnson,MAD
11751,1,1355.22,227.03,1567,Maria Khan,11/27/2023,Smartphone,Tech,France,Paris,225.44,1355.22,886.55,0,16.2,Crypto,Partner,A. Johnson,MAD
11752,6,6774.624,1080.374,2502,Lucas Haddad,3/31/2023,Tablet,Electronic,USA,New York,653.68,1411.38,834.36,0.2,34.41,Bank Transfer,Retail,S. Rossi,EUR
11753,2,2011.831,754.391,1127,Leo Chen,3/19/2023,Headphone,Gadgets,Spain,Madrid,165.83,1183.43,545.3,0.15,1.01,PayPal,Partner,S. Rossi,EUR
11754,1,714.54,248.33,2811,Nora Khan,10/26/2023,Headphone,Electronic,France,Paris,38.12,714.54,409.7,0,18.39,Cash,Retail,A. Johnson,EUR
11755,2,599.36,-528.53,1924,Ali Rossi,1/23/2025,Keyboard,Gadgets,Germany,Berlin,114.75,374.6,490,0.2,33.14,Credit Card,Partner,Unknown,MAD
11756,1,107.423,-2.807,2225,Maria Kowalski,6/17/2023,Monitor,Electronic,Morocco,Casablanca,5.56,126.38,87.17,0.15,17.5,Crypto,Online,K. Haddad,USD
11757,6,634.353,138.433,1343,Maria Dubois,7/2/2023,Headphone,Gadgets,Morocco,Casablanca,111.96,111.29,56.13,0.05,47.18,Bank Transfer,Online,S. Rossi,USD
11758,2,1362.064,-46.716,2653,Emma Smith,10/17/2024,Headphone,Tech,Germany,Berlin,190.73,851.29,592.97,0.2,32.11,PayPal,Retail,Unknown,USD
11759,7,2984.52,702.11,1245,Sara Kowalski,5/7/2025,Phone,Electronic,USA,New York,505.39,501.6,250.66,0.15,22.4,Bank Transfer,Retail,K. Haddad,USD
11760,3,462.54,30.85,1445,John Rahmani,9/11/2024,Laptop,Electronic,Spain,Madrid,74.78,154.18,113.11,0,17.58,PayPal,Direct,K. Haddad,EUR
11761,4,3196.034,921.534,2284,Emma Haddad,11/20/2024,Phone,Tech,UAE,Dubai,514.33,940.01,436.27,0.15,15.09,Credit Card,Online,K. Haddad,USD
11762,2,712.36,126.54,1429,Emma Benali,8/3/2024,Keyboard,Tech,Morocco,Casablanca,116.33,356.18,211.86,0,45.77,PayPal,Direct,A. Johnson,MAD
11763,3,1017.3225,321.8725,1948,Noah Garcia,1/31/2024,Keyboard,Tech,USA,New York,109.43,398.95,183.5,0.15,35.52,PayPal,Online,Unknown,EUR
11764,2,683.328,-107.952,2808,Mariam Lopez,6/25/2023,Tablet,Electronic,Germany,Berlin,59.66,427.08,349.11,0.2,33.4,Bank Transfer,Online,K. Haddad,USD
11765,6,3836.727,1803.417,1342,Fatima Lopez,2/12/2025,Laptop,Gadgets,UAE,Dubai,250.5,673.11,291.33,0.05,34.83,Credit Card,Partner,K. Haddad,MAD
11766,7,4075.533,443.523,2686,Lucas Dubois,9/14/2024,Laptop,Electronic,Spain,Madrid,210.11,646.91,486.03,0.1,19.69,Credit Card,Online,S. Rossi,USD
11767,3,2490.345,874.345,1306,John Rossi,1/20/2025,Monitor,Tech,Morocco,Casablanca,333.11,922.35,419.94,0.1,23.07,Credit Card,Online,Unknown,MAD
11768,3,2227.014,110.874,2672,Nora Kowalski,6/23/2024,Tablet,Tech,USA,New York,279.05,824.82,606.64,0.1,17.17,Credit Card,Online,Unknown,MAD
11769,4,1069.272,-90.538,1986,Ahmed Haddad,12/2/2024,Monitor,Gadgets,France,Paris,207.88,297.02,233.65,0.1,17.33,PayPal,Online,Unknown,EUR
11770,6,4030.032,-390.048,2318,Nora Lopez,4/18/2025,Phone,Tech,Germany,Berlin,551.91,839.59,637.19,0.2,45.03,PayPal,Partner,Unknown,USD
11771,5,284.1,44.66,2053,Noah Smith,9/18/2024,Smartphone,Electronic,USA,New York,31.24,56.82,33.43,0,41.05,Crypto,Partner,Unknown,MAD
11772,3,2361.861,196.061,2178,Leo Khan,3/18/2023,Phone,Tech,France,Paris,435.14,926.22,573.48,0.15,10.22,Credit Card,Retail,L. Martin,USD
11773,6,6358.512,652.112,1683,Ahmed Benali,3/30/2024,Mouse,Electronic,Spain,Madrid,403.73,1324.69,882.83,0.2,5.69,Bank Transfer,Online,A. Johnson,USD
11774,7,8207.955,1403.125,1518,Sofia Chen,8/30/2023,Keyboard,Tech,USA,New York,1154.33,1302.85,805.34,0.1,13.12,Bank Transfer,Online,Unknown,EUR
11775,3,2513.904,-650.286,1153,Maria Garcia,7/23/2024,Monitor,Electronic,UAE,Dubai,457.42,1047.46,886.47,0.2,47.36,Credit Card,Online,M. Lopez,USD
11776,2,162.27,-15.2,1212,Lucas Benali,3/7/2023,Tablet,Tech,Germany,Berlin,22.42,90.15,63.68,0.1,27.69,Credit Card,Online,S. Rossi,EUR
11777,3,3847.98,1135.4,2670,Fatima Benali,7/19/2024,Headphone,Tech,USA,New York,673.94,1282.66,675.98,0,10.7,Bank Transfer,Online,M. Lopez,USD
11778,4,730.626,286.016,2165,Nora Rossi,10/21/2024,Laptop,Gadgets,USA,New York,107.23,192.27,80.65,0.05,14.78,Cash,Retail,Unknown,USD
11779,1,184.464,-43.276,1519,Mariam Rossi,1/4/2025,Mouse,Electronic,USA,New York,31.43,230.58,173.91,0.2,22.4,Cash,Direct,Unknown,USD
11780,5,3540.05,-174.03,1112,Lucas Benali,11/4/2023,Laptop,Electronic,Morocco,Casablanca,590.98,708.01,620.07,0,22.75,PayPal,Direct,S. Rossi,USD
11781,5,4835.5,370.33,2852,Youssef Rahmani,12/4/2024,Mouse,Electronic,USA,New York,661.79,967.1,760.21,0,2.33,Credit Card,Direct,Unknown,USD
11782,1,959.553,128.383,2101,Maria Ibrahim,12/18/2024,Keyboard,Tech,USA,New York,64.48,1066.17,765.31,0.1,1.38,Cash,Online,M. Lopez,USD
11783,3,1039.533,-64.937,2168,Emma Lopez,10/29/2024,Phone,Electronic,UAE,Dubai,165.77,407.66,303.47,0.15,28.29,Crypto,Retail,Unknown,MAD
11784,2,510.804,-81.326,1777,Ali Kowalski,12/26/2023,Mouse,Electronic,Morocco,Casablanca,95.79,283.78,235.42,0.1,25.5,Cash,Retail,M. Lopez,MAD
11785,4,4338.576,379.216,2053,Leo Kowalski,1/9/2023,Keyboard,Electronic,USA,New York,832.77,1205.16,779.43,0.1,8.87,Credit Card,Partner,K. Haddad,MAD
11786,6,5570.22,2319.52,2714,Sofia Garcia,4/1/2023,Laptop,Electronic,Spain,Madrid,0,1092.2,538.05,0.15,22.4,Cash,Retail,M. Lopez,USD
11787,4,826.196,255.716,2617,Emma Kowalski,10/5/2024,Keyboard,Electronic,France,Paris,136.64,217.42,98.98,0.05,37.92,Bank Transfer,Partner,A. Johnson,USD
11788,6,6801.96,-22.09,2472,Nora Smith,4/27/2023,Keyboard,Tech,Spain,Madrid,909.32,1133.66,984.63,0,6.95,PayPal,Online,S. Rossi,MAD
11789,2,1400.144,459.594,2675,Sofia Benali,4/12/2024,Smartphone,Tech,USA,New York,160.96,875.09,378.54,0.2,22.51,Bank Transfer,Partner,S. Rossi,USD
11790,6,7562.76,936.99,2793,Mariam Ibrahim,9/30/2023,Keyboard,Tech,France,Paris,604.28,1326.8,1000.41,0.05,19.03,Credit Card,Retail,M. Lopez,MAD
11791,6,4988.016,1281.746,2507,Sofia Chen,2/4/2025,Tablet,Tech,UAE,Dubai,282.62,1039.17,562.36,0.2,49.49,Cash,Online,L. Martin,MAD
11792,7,3639.2125,361.1825,1764,Maria Silva,5/30/2023,Laptop,Tech,USA,New York,538.16,547.25,386.88,0.05,31.71,Credit Card,Partner,L. Martin,MAD
11793,7,6843.571,2.301,1551,Leo Garcia,5/1/2023,Laptop,Electronic,USA,New York,802.7,1150.18,855.72,0.15,48.53,Bank Transfer,Online,K. Haddad,MAD
11794,2,2008.816,602.806,1230,Ahmed Haddad,9/11/2023,Tablet,Gadgets,France,Paris,290.13,1255.51,535.69,0.2,44.5,Credit Card,Retail,L. Martin,USD
11795,1,518.4915,170.5815,1077,Sofia Ibrahim,2/29/2024,Tablet,Electronic,USA,New York,33.66,609.99,280.48,0.15,33.77,Crypto,Partner,A. Johnson,EUR
11796,5,2123.82,-221.05,2803,Lucas Chen,12/7/2023,Tablet,Tech,Morocco,Casablanca,295.6,471.96,407.19,0.1,13.32,Credit Card,Direct,L. Martin,USD
11797,5,1721.1225,-337.5875,1796,Youssef Chen,9/22/2024,Mouse,Tech,Spain,Madrid,265.43,404.97,352.71,0.15,29.73,PayPal,Online,M. Lopez,USD
11798,5,4068.36,1496.64,2659,Nora Rahmani,8/18/2024,Phone,Tech,France,Paris,477.41,1017.09,410.78,0.2,40.41,Credit Card,Retail,M. Lopez,EUR
11799,5,3359.77,569.38,2909,Nora Smith,2/6/2023,Tablet,Gadgets,Germany,Berlin,335.45,707.32,490,0.05,4.94,Crypto,Retail,M. Lopez,MAD
11800,6,4463.694,1255.154,1855,Luis Garcia,6/1/2023,Phone,Gadgets,UAE,Dubai,647.06,826.61,423.18,0.1,22.4,Bank Transfer,Online,K. Haddad,MAD
11801,3,3634.524,772.524,1433,Maria Kowalski,3/7/2025,Keyboard,Gadgets,USA,New York,396.11,1346.12,817.51,0.1,13.36,Credit Card,Direct,Unknown,USD
11802,7,338.912,40.842,2563,Ahmed Khan,9/27/2023,Headphone,Electronic,Morocco,Casablanca,35.46,56.96,34.16,0.15,23.49,Bank Transfer,Online,Unknown,EUR
11803,5,5553.135,1605.875,1543,Fatima Garcia,10/10/2024,Tablet,Electronic,Spain,Madrid,543.59,1306.62,677.94,0.15,13.97,Cash,Direct,Unknown,EUR
11804,7,449.141,188.811,2455,Nora Silva,7/22/2023,Tablet,Electronic,Spain,Madrid,36.76,67.54,31.52,0.05,2.93,Bank Transfer,Retail,L. Martin,USD
11805,3,633.7515,-957.1585,1371,Ali Smith,1/29/2025,Smartphone,Electronic,Morocco,Casablanca,98.51,248.53,490,0.15,22.4,Credit Card,Retail,L. Martin,USD
11806,5,5928.92,-992.16,1782,Mariam Haddad,3/14/2025,Mouse,Electronic,Spain,Madrid,1033.62,1482.23,1173.6,0.2,19.46,Bank Transfer,Online,L. Martin,USD
11807,6,637.908,43.788,1307,Nora Lopez,4/19/2024,Tablet,Tech,Morocco,Casablanca,70.43,125.08,83.94,0.15,20.05,PayPal,Retail,S. Rossi,USD
11808,5,5663.96,-299.19,2201,Ali Smith,6/16/2024,Tablet,Gadgets,UAE,Dubai,532.7,1415.99,1078.22,0.2,39.35,Credit Card,Online,L. Martin,MAD
11809,2,962.1,-136.96,2613,Fatima Dubois,10/5/2023,Monitor,Electronic,USA,New York,105.63,534.5,471.73,0.1,49.97,Cash,Retail,M. Lopez,EUR
11810,1,1271.9145,194.1345,1725,Noah Ibrahim,2/1/2023,Laptop,Gadgets,Morocco,Casablanca,231.43,1496.37,840.89,0.15,5.46,Bank Transfer,Partner,L. Martin,USD
11811,6,1389.852,421.652,2217,Ahmed Smith,6/15/2023,Laptop,Gadgets,Morocco,Casablanca,70.23,257.38,146.65,0.1,18.07,Cash,Partner,Unknown,USD
11812,5,4739.8125,-66.7075,1420,Lucas Khan,4/23/2023,Monitor,Electronic,Spain,Madrid,805.76,1115.25,796.12,0.15,20.16,PayPal,Online,A. Johnson,USD
11813,7,308.959,78.389,1721,Lucas Haddad,1/13/2024,Laptop,Tech,UAE,Dubai,48.47,46.46,23.61,0.05,16.83,PayPal,Retail,K. Haddad,USD
11814,3,3782.22,910.22,2801,Lucas Garcia,6/15/2024,Monitor,Gadgets,France,Paris,302.62,1260.74,854.47,0,5.97,Bank Transfer,Partner,M. Lopez,USD
11815,5,981.4925,153.0325,1753,Luis Benali,2/27/2024,Keyboard,Tech,France,Paris,182.5,206.63,123.25,0.05,29.71,Bank Transfer,Retail,L. Martin,USD
11816,7,8328.992,3766.552,2035,Leo Lopez,10/2/2024,Smartphone,Gadgets,USA,New York,507.73,1252.48,577.09,0.05,15.08,Credit Card,Online,L. Martin,USD
11817,1,734.9485,-118.1015,2655,John Rahmani,7/2/2023,Laptop,Electronic,Germany,Berlin,141.83,773.63,675.01,0.05,36.21,Credit Card,Partner,S. Rossi,EUR
11818,5,3532.35,258.29,1177,Youssef Haddad,9/30/2024,Phone,Tech,Germany,Berlin,475.88,706.47,551.42,0,41.08,Credit Card,Online,L. Martin,USD
11819,7,2892.848,273.908,2397,Nora Garcia,6/1/2024,Keyboard,Tech,Morocco,Casablanca,522.06,516.58,293.78,0.2,40.42,Bank Transfer,Retail,Unknown,EUR
11820,5,2114.76,-125.92,1990,Sofia Dubois,12/11/2024,Keyboard,Electronic,USA,New York,362.17,528.69,368.46,0.2,36.21,Credit Card,Retail,K. Haddad,MAD
11821,3,1199.502,28.642,2436,Fatima Chen,3/21/2024,Mouse,Tech,USA,New York,82.97,444.26,351.3,0.1,33.99,Credit Card,Online,M. Lopez,USD
11822,6,4294.266,1320.426,1350,Luis Rossi,3/10/2023,Mouse,Electronic,USA,New York,0,753.38,490.31,0.05,31.98,Cash,Online,L. Martin,USD
11823,7,2136.176,238.866,2687,Ali Garcia,2/28/2024,Keyboard,Tech,Germany,Berlin,358.17,381.46,216.5,0.2,23.64,Crypto,Online,K. Haddad,MAD
11824,5,1979.6,12.6,1515,Fatima Garcia,8/9/2024,Tablet,Gadgets,Morocco,Casablanca,358.15,494.9,316.62,0.2,25.75,Bank Transfer,Online,Unknown,MAD
11825,1,845.632,148.022,1871,Mariam Kowalski,12/13/2024,Tablet,Gadgets,USA,New York,91.12,1057.04,558.99,0.2,47.5,Cash,Retail,Unknown,MAD
11826,2,2121.78,107.93,1597,Fatima Benali,3/9/2025,Mouse,Gadgets,Spain,Madrid,217.94,1060.89,897.12,0,1.67,PayPal,Retail,Unknown,EUR
11827,5,5989.0375,274.7975,2240,Ahmed Haddad,5/16/2025,Headphone,Tech,Germany,Berlin,484.97,1260.85,1043.68,0.05,10.87,Bank Transfer,Retail,A. Johnson,EUR
11828,7,3295.9395,1291.5495,1598,Ahmed Benali,2/9/2023,Phone,Tech,Spain,Madrid,510.65,495.63,207.54,0.05,40.96,PayPal,Direct,Unknown,USD
11829,1,93.192,10.222,2489,Youssef Smith,10/15/2023,Headphone,Electronic,Morocco,Casablanca,11.07,116.49,49.5,0.2,22.4,Cash,Direct,M. Lopez,MAD
11830,1,501.106,126.306,2487,Sara Smith,1/28/2025,Tablet,Gadgets,Spain,Madrid,46.22,527.48,321.33,0.05,7.25,PayPal,Online,K. Haddad,EUR
11831,6,2514.708,338.098,1475,Maria Kowalski,7/10/2024,Mouse,Tech,Spain,Madrid,387.67,493.08,291.19,0.15,41.8,Bank Transfer,Online,S. Rossi,USD
11832,1,1331.595,-130.485,1073,Luis Dubois,9/14/2024,Smartphone,Electronic,USA,New York,243.67,1479.55,1199.27,0.1,19.14,Crypto,Direct,Unknown,MAD
11833,2,1109.52,486.36,1338,Leo Chen,8/26/2023,Laptop,Tech,USA,New York,97.44,616.4,251.66,0.1,22.4,Cash,Direct,Unknown,USD
11834,5,550.2475,212.2475,1284,Emma Garcia,8/11/2023,Headphone,Electronic,France,Paris,0,129.47,63.12,0.15,22.4,Cash,Online,A. Johnson,USD
11835,1,1273.4275,136.5075,2940,Leo Smith,4/7/2025,Mouse,Electronic,Morocco,Casablanca,227.63,1498.15,877.81,0.15,31.48,Cash,Direct,M. Lopez,USD
11836,1,305.415,92.725,2744,Fatima Silva,3/29/2025,Monitor,Electronic,USA,New York,47.15,339.35,143.14,0.1,22.4,Crypto,Online,S. Rossi,USD
11837,3,153.96,19.07,1184,Ali Chen,5/25/2023,Monitor,Gadgets,Morocco,Casablanca,24.98,51.32,29.17,0,22.4,Credit Card,Partner,M. Lopez,USD
11838,2,1144.368,340.698,1865,Leo Lopez,2/9/2023,Tablet,Electronic,France,Paris,163.11,635.76,309.08,0.1,22.4,Cash,Retail,Unknown,USD
11839,1,138.87,-6.73,1532,Nora Silva,3/3/2025,Mouse,Gadgets,UAE,Dubai,22.54,138.87,117.14,0,5.92,Cash,Retail,S. Rossi,USD
11840,4,3737.654,643.054,1548,Ali Dubois,2/22/2025,Monitor,Gadgets,USA,New York,598.4,1099.31,620.48,0.15,14.28,Bank Transfer,Online,A. Johnson,USD
11841,2,2127.968,704.568,2171,Sofia Dubois,4/15/2024,Smartphone,Tech,France,Paris,254.59,1329.98,561.87,0.2,45.07,Credit Card,Direct,M. Lopez,USD
11842,6,4767.765,1068.265,2422,Ali Khan,5/11/2025,Mouse,Electronic,France,Paris,485.54,836.45,530.36,0.05,31.8,Crypto,Retail,A. Johnson,USD
11843,4,3598.92,1129.73,1867,Leo Dubois,1/8/2025,Laptop,Tech,Germany,Berlin,503.32,899.73,490,0,5.87,PayPal,Online,M. Lopez,MAD
11844,6,4081.728,575.938,1566,Sofia Lopez,3/25/2024,Keyboard,Electronic,USA,New York,450.68,850.36,503.39,0.2,34.77,Credit Card,Direct,L. Martin,USD
11845,5,5494.5625,1696.1425,2346,Sara Chen,8/18/2024,Mouse,Tech,France,Paris,987.37,1156.75,557.73,0.05,22.4,Credit Card,Online,M. Lopez,MAD
11846,2,76.48,-20.7,2310,Emma Ibrahim,4/19/2024,Mouse,Tech,Spain,Madrid,6.03,47.8,42.4,0.2,6.35,PayPal,Online,S. Rossi,USD
11847,6,1019.328,-4.842,2809,Noah Kowalski,1/21/2023,Mouse,Tech,Morocco,Casablanca,157.83,212.36,137.68,0.2,40.26,Bank Transfer,Online,A. Johnson,EUR
11848,5,3770.72,-16.9,2946,John Khan,12/23/2024,Tablet,Tech,Morocco,Casablanca,354.04,942.68,680.8,0.2,29.58,Cash,Online,Unknown,MAD
11849,6,8866.26,1048.8,1014,Noah Smith,2/19/2023,Headphone,Electronic,USA,New York,659.13,1477.71,1192.55,0,3.03,Credit Card,Retail,L. Martin,EUR
11850,7,1059.24,35.41,1756,Lucas Smith,5/14/2025,Keyboard,Gadgets,USA,New York,121.17,189.15,126.1,0.2,19.96,Cash,Online,Unknown,MAD
11851,1,1238.9045,338.1845,2388,Luis Ibrahim,10/6/2023,Monitor,Electronic,Germany,Berlin,156.58,1304.11,738.55,0.05,5.59,Credit Card,Partner,A. Johnson,MAD
11852,5,6526.95,879.68,2168,Maria Silva,10/1/2023,Laptop,Electronic,USA,New York,947.11,1305.39,939.51,0,2.61,Credit Card,Direct,Unknown,EUR
11853,7,9540.622,2071.852,1303,Emma Chen,4/11/2024,Mouse,Electronic,Spain,Madrid,819.76,1434.68,942.81,0.05,49.34,Crypto,Online,Unknown,USD
11854,2,494.4,130.93,2387,Emma Dubois,1/23/2023,Monitor,Gadgets,France,Paris,88.35,309,130.16,0.2,14.8,PayPal,Online,M. Lopez,USD
11855,1,1243.924,-86.946,2687,Mariam Garcia,4/18/2023,Headphone,Electronic,UAE,Dubai,186.56,1463.44,1100.8,0.15,43.51,Credit Card,Partner,Unknown,USD
11856,4,3985.68,1198.11,1656,Lucas Ibrahim,12/22/2023,Headphone,Electronic,USA,New York,688.45,996.42,512.38,0,49.6,Cash,Retail,A. Johnson,USD
11857,7,5602.653,993.403,1892,Ali Lopez,7/15/2023,Headphone,Tech,Morocco,Casablanca,680.83,889.31,555.63,0.1,39.01,PayPal,Online,S. Rossi,MAD
11858,4,1786.144,84.004,1574,Luis Kowalski,6/24/2024,Keyboard,Gadgets,Morocco,Casablanca,355.84,558.17,327.5,0.2,36.3,Crypto,Retail,S. Rossi,MAD
11859,5,4854.96,319.9,1301,John Dubois,9/12/2023,Laptop,Electronic,Morocco,Casablanca,461.36,1078.88,810.4,0.1,21.7,Credit Card,Direct,A. Johnson,MAD
11860,4,1503.96,384.87,2967,John Garcia,4/10/2023,Laptop,Gadgets,USA,New York,125.19,375.99,247.32,0,4.62,Credit Card,Partner,A. Johnson,USD
11861,4,3174.24,166.87,1814,Noah Dubois,3/31/2023,Tablet,Gadgets,Germany,Berlin,542.46,991.95,613.2,0.2,12.11,Cash,Online,L. Martin,MAD
11862,6,1503.774,787.284,2021,Sara Garcia,9/9/2024,Laptop,Electronic,Morocco,Casablanca,0,263.82,111.09,0.05,49.95,Credit Card,Partner,K. Haddad,MAD
11863,2,1294.624,341.824,1529,Emma Silva,2/1/2024,Laptop,Electronic,Spain,Madrid,215.89,809.14,364.14,0.2,8.63,Credit Card,Online,K. Haddad,USD
11864,2,1797.22,-74.63,1295,Sara Khan,3/25/2023,Headphone,Gadgets,USA,New York,354.6,898.61,757.86,0,1.53,Cash,Online,Unknown,USD
11865,6,2328.384,-639.556,1462,Lucas Garcia,8/16/2024,Tablet,Electronic,France,Paris,381.04,485.08,430.15,0.2,6,Credit Card,Online,L. Martin,EUR
11866,6,3288.36,16.4,1216,Youssef Garcia,3/25/2024,Mouse,Gadgets,Morocco,Casablanca,613.58,548.06,436.32,0,40.46,Cash,Online,Unknown,USD
11867,5,3983.49,-254.14,2302,Ahmed Benali,10/12/2023,Mouse,Gadgets,UAE,Dubai,247.74,885.22,791.69,0.1,31.44,Cash,Retail,Unknown,USD
11868,6,6481.38,1757.4,2963,Youssef Garcia,3/3/2025,Smartphone,Tech,France,Paris,646.75,1080.23,677.53,0,12.05,Bank Transfer,Online,S. Rossi,USD
11869,3,3625.86,1110.4,1947,Leo Khan,7/5/2023,Tablet,Gadgets,Morocco,Casablanca,256.59,1208.62,741.29,0,35,Credit Card,Partner,Unknown,EUR
11870,4,-976.284,-1631.464,1160,Fatima Kowalski,10/16/2023,Monitor,Gadgets,Morocco,Casablanca,173.24,-271.19,108.5,0.1,47.94,Crypto,Online,K. Haddad,USD
11871,1,679.488,97.868,2506,Mariam Haddad,12/4/2024,Tablet,Electronic,USA,New York,69.65,849.36,508.75,0.2,3.22,PayPal,Retail,L. Martin,USD
11872,1,466.839,103.239,2514,John Smith,4/20/2024,Keyboard,Electronic,Spain,Madrid,57,518.71,284.2,0.1,22.4,Credit Card,Direct,S. Rossi,EUR
11873,7,1329.9335,704.3335,2660,Mariam Silva,11/14/2024,Laptop,Electronic,Spain,Madrid,0,199.99,86.5,0.05,20.1,Credit Card,Retail,L. Martin,MAD
11874,3,2734.488,-187.102,2837,Mariam Rahmani,7/23/2023,Mouse,Gadgets,USA,New York,178.52,1139.37,900.08,0.2,42.83,Credit Card,Online,Unknown,MAD
11875,3,913.9095,-26.6705,2210,Mariam Benali,8/17/2023,Keyboard,Tech,UAE,Dubai,63.56,320.67,275.71,0.05,49.89,Credit Card,Direct,L. Martin,EUR
11876,4,1214.304,-43.656,2411,Youssef Dubois,8/10/2023,Headphone,Electronic,Morocco,Casablanca,78.64,379.47,291.13,0.2,14.8,Credit Card,Online,M. Lopez,EUR
11877,2,1304.635,329.055,1720,Fatima Dubois,11/2/2024,Monitor,Electronic,UAE,Dubai,200.23,686.65,385.74,0.05,3.87,Credit Card,Retail,M. Lopez,USD
11878,7,3758.776,349.036,2065,Ahmed Chen,12/31/2023,Monitor,Electronic,USA,New York,634.61,671.21,395.78,0.2,4.67,Credit Card,Partner,L. Martin,MAD
11879,6,7427.808,2295.958,1500,Nora Haddad,9/29/2024,Headphone,Electronic,USA,New York,638.36,1375.52,741.21,0.1,46.23,Credit Card,Partner,Unknown,USD
11880,7,1645.889,753.669,1469,Sara Benali,4/10/2024,Smartphone,Electronic,USA,New York,0,276.62,124.26,0.15,22.4,Cash,Partner,S. Rossi,USD
11881,5,196.8,27.14,1067,Sara Ibrahim,9/3/2023,Laptop,Tech,Morocco,Casablanca,34.41,49.2,22.57,0.2,22.4,PayPal,Direct,A. Johnson,EUR
11882,5,713.3075,-1792.7125,1324,Emma Haddad,10/28/2024,Laptop,Tech,Morocco,Casablanca,40.53,150.17,490,0.05,15.49,PayPal,Direct,K. Haddad,USD
11883,4,4587.314,-557.686,2263,Lucas Kowalski,8/4/2023,Keyboard,Tech,Morocco,Casablanca,833.35,1349.21,1074.69,0.15,12.89,Credit Card,Direct,Unknown,MAD
11884,2,768.46,46.88,1394,Lucas Rahmani,5/25/2023,Phone,Tech,Morocco,Casablanca,110.19,384.23,284.18,0,43.03,Credit Card,Partner,S. Rossi,USD
11885,6,297.216,-7.834,2276,Mariam Rossi,6/5/2025,Tablet,Electronic,Spain,Madrid,27.12,61.92,46.29,0.2,0.19,Credit Card,Retail,M. Lopez,USD
11886,4,2777.056,298.536,1453,John Ibrahim,2/9/2025,Monitor,Electronic,Morocco,Casablanca,384.32,867.83,521.36,0.2,8.76,Credit Card,Retail,Unknown,USD
11887,7,304.101,120.601,1959,Maria Haddad,6/8/2024,Keyboard,Tech,France,Paris,22.3,48.27,20.13,0.1,20.29,PayPal,Retail,M. Lopez,USD
11888,7,178.6855,-45.5545,1920,Noah Lopez,6/5/2023,Phone,Gadgets,Morocco,Casablanca,34.09,26.87,22.49,0.05,32.72,Credit Card,Partner,L. Martin,USD
11889,7,6825.427,460.197,1376,Lucas Ibrahim,5/3/2024,Mouse,Tech,UAE,Dubai,882.55,1026.38,780.04,0.05,22.4,PayPal,Online,A. Johnson,USD
11890,7,8558.424,4511.434,2536,Ahmed Dubois,2/10/2024,Phone,Electronic,USA,New York,575.93,1358.48,490,0.1,41.06,Credit Card,Retail,K. Haddad,USD
11891,2,2294.028,775.088,2430,Fatima Rahmani,4/17/2023,Headphone,Electronic,Germany,Berlin,185.36,1274.46,644.04,0.1,45.5,Credit Card,Partner,Unknown,EUR
11892,2,-237.139,-437.659,1884,Ali Ibrahim,12/15/2023,Tablet,Electronic,Spain,Madrid,35.89,-124.81,74.9,0.05,14.83,Cash,Partner,Unknown,MAD
11893,6,591.084,-56.736,1625,Nora Lopez,6/8/2023,Laptop,Electronic,USA,New York,91.25,109.46,84.78,0.1,47.89,Credit Card,Direct,K. Haddad,MAD
11894,1,1294.173,424.313,1066,Mariam Garcia,6/25/2024,Tablet,Tech,Germany,Berlin,110.96,1437.97,731.04,0.1,27.86,Cash,Online,L. Martin,EUR
11895,2,560.25,25.34,2922,Mariam Kowalski,7/8/2024,Mouse,Tech,USA,New York,66.11,311.25,224.5,0.1,19.8,Credit Card,Online,K. Haddad,EUR
11896,3,3467.082,1233.642,1701,Noah Smith,5/18/2023,Headphone,Gadgets,France,Paris,445.44,1216.52,583.89,0.05,36.33,PayPal,Online,Unknown,MAD
11897,6,4647.66,485.48,1410,Mariam Benali,11/8/2024,Keyboard,Tech,USA,New York,390.15,774.61,623.88,0,28.75,PayPal,Online,L. Martin,USD
11898,6,7161.78,1646.46,2392,Ahmed Dubois,11/13/2024,Laptop,Electronic,Spain,Madrid,561.77,1193.63,822.83,0,16.57,Credit Card,Online,K. Haddad,USD
11899,2,1617.014,284.374,2877,Maria Chen,9/18/2024,Headphone,Electronic,Morocco,Casablanca,97.41,851.06,611.47,0.05,12.29,PayPal,Online,L. Martin,EUR
11900,1,587.461,-0.409,2868,Sofia Rossi,2/9/2023,Tablet,Gadgets,Spain,Madrid,68.26,618.38,517.99,0.05,1.62,Cash,Retail,A. Johnson,MAD
11901,1,898.5765,493.0765,2506,Luis Khan,5/23/2024,Mouse,Electronic,Spain,Madrid,0,945.87,402.81,0.05,2.69,PayPal,Direct,L. Martin,USD
11902,1,686.368,11.308,1773,Mariam Haddad,3/29/2025,Phone,Electronic,France,Paris,62.43,857.96,605.78,0.2,6.85,Credit Card,Online,L. Martin,EUR
11903,7,6249.432,-759.078,1713,Noah Rahmani,2/23/2025,Keyboard,Gadgets,France,Paris,478.59,1115.97,927.54,0.2,37.14,Credit Card,Online,Unknown,EUR
11904,7,3579.562,1109.582,2159,Nora Kowalski,3/29/2025,Phone,Tech,Spain,Madrid,704.88,538.28,247.25,0.05,34.35,Credit Card,Retail,L. Martin,USD
11905,2,1829.152,179.182,1991,Ahmed Silva,12/24/2024,Headphone,Gadgets,USA,New York,357.11,1143.22,627.1,0.2,38.66,Cash,Partner,S. Rossi,EUR
11906,4,1663.68,136.19,2353,Emma Benali,4/30/2023,Tablet,Gadgets,Germany,Berlin,142.2,415.92,336.91,0,37.65,Crypto,Online,Unknown,MAD
11907,2,2137.77,-16.09,1189,Nora Haddad,8/13/2023,Mouse,Tech,Morocco,Casablanca,252.42,1187.65,926.37,0.1,48.7,Credit Card,Online,Unknown,USD
11908,2,2218,392.39,2687,Nora Chen,2/25/2023,Mouse,Tech,France,Paris,303.43,1386.25,741.2,0.2,39.78,Cash,Direct,K. Haddad,USD
11909,6,2540.1,967.22,2002,Sofia Silva,5/3/2023,Headphone,Tech,France,Paris,170.46,423.35,227.38,0,38.14,Credit Card,Partner,S. Rossi,MAD
11910,2,2421.42,334.63,1393,Leo Ibrahim,10/13/2024,Smartphone,Electronic,Morocco,Casablanca,339.5,1210.71,856.89,0,33.51,Bank Transfer,Online,Unknown,EUR
11911,5,1647.25,519.28,1176,Noah Benali,8/6/2024,Tablet,Gadgets,Morocco,Casablanca,89.35,329.45,206.43,0,6.47,PayPal,Online,M. Lopez,EUR
11912,6,3540.942,690.942,2819,Sofia Rahmani,12/19/2024,Mouse,Electronic,Morocco,Casablanca,291.37,655.73,422.11,0.1,25.97,Crypto,Partner,K. Haddad,EUR
11913,7,3988.0715,1398.9715,1130,Sara Garcia,9/27/2023,Headphone,Gadgets,Morocco,Casablanca,575.19,599.71,286.05,0.05,11.56,Credit Card,Retail,K. Haddad,USD
11914,5,3703.32,527.82,2829,John Kowalski,3/9/2024,Smartphone,Tech,UAE,Dubai,433.25,925.83,544.8,0.2,18.25,Credit Card,Online,A. Johnson,USD
11915,7,519.232,-29.228,2963,Luis Chen,5/13/2024,Headphone,Gadgets,Germany,Berlin,40.26,78.08,69.8,0.05,19.6,Cash,Direct,M. Lopez,USD
11916,7,4387.9465,1243.1665,2749,John Dubois,9/18/2024,Headphone,Electronic,Morocco,Casablanca,776.66,737.47,333.99,0.15,30.19,Cash,Retail,Unknown,USD
11917,5,510.28,-50.01,2142,Fatima Rahmani,11/22/2024,Laptop,Tech,UAE,Dubai,74.44,127.57,96.58,0.2,2.95,Credit Card,Retail,S. Rossi,EUR
11918,5,4490.2,1867.07,2612,Noah Kowalski,12/16/2024,Mouse,Tech,France,Paris,260.43,898.04,464.02,0,42.6,Credit Card,Direct,Unknown,USD
11919,5,1231.1525,275.8925,1679,Youssef Ibrahim,1/18/2025,Smartphone,Tech,USA,New York,240.59,259.19,141.63,0.05,6.52,Credit Card,Retail,Unknown,EUR
11920,4,4683.68,-1123.84,2598,John Dubois,11/3/2023,Laptop,Tech,USA,New York,890.24,1463.65,1223.72,0.2,22.4,Crypto,Online,K. Haddad,USD
11921,4,4115.552,959.522,1754,Luis Kowalski,7/21/2024,Laptop,Tech,USA,New York,817.92,1083.04,576.59,0.05,31.75,Crypto,Online,L. Martin,EUR
11922,5,993.035,503.795,1440,Mariam Garcia,2/7/2023,Mouse,Gadgets,Morocco,Casablanca,64.78,209.06,84.14,0.05,3.76,PayPal,Retail,A. Johnson,USD
11923,1,639.666,247.246,1367,Nora Silva,11/12/2023,Phone,Electronic,France,Paris,68.37,710.74,319.93,0.1,4.12,Credit Card,Online,K. Haddad,MAD
11924,1,1022.648,72.438,1099,Nora Silva,6/3/2025,Phone,Electronic,USA,New York,201.03,1278.31,738.57,0.2,10.61,Crypto,Online,A. Johnson,EUR
11925,5,274.8,0.81,1967,Ali Ibrahim,10/19/2023,Tablet,Tech,UAE,Dubai,27.5,68.7,48.27,0.2,5.14,Cash,Partner,Unknown,USD
11926,4,642.8,126.51,2150,Youssef Rahmani,4/3/2025,Headphone,Tech,Morocco,Casablanca,40.87,160.7,118.44,0,1.66,PayPal,Partner,S. Rossi,MAD
11927,7,6529.25,2905.42,1832,Ali Khan,9/6/2024,Tablet,Tech,Morocco,Casablanca,963.64,932.75,377.35,0,18.74,Cash,Direct,L. Martin,USD
11928,6,6121.428,250.308,1427,John Chen,12/29/2024,Keyboard,Electronic,Morocco,Casablanca,795.95,1200.28,837.68,0.15,49.09,Bank Transfer,Online,A. Johnson,USD
11929,5,1607.7325,-1111.9675,2483,Noah Dubois,7/30/2024,Laptop,Tech,USA,New York,267.73,378.29,490,0.15,1.97,Crypto,Partner,S. Rossi,MAD
11930,2,2263.128,363.068,1916,Maria Haddad,4/5/2023,Tablet,Gadgets,France,Paris,139.52,1191.12,862.59,0.05,35.36,Credit Card,Direct,Unknown,MAD
11931,3,406.47,-19.59,1726,Ali Chen,1/3/2024,Laptop,Electronic,Spain,Madrid,61.27,135.49,114.13,0,22.4,Crypto,Online,S. Rossi,USD
11932,3,866.133,-48.547,2190,Nora Garcia,1/17/2025,Headphone,Electronic,USA,New York,97.59,339.66,259.61,0.15,38.26,Bank Transfer,Online,A. Johnson,MAD
11933,2,2114.37,357.91,1201,Emma Kowalski,9/25/2024,Tablet,Tech,Morocco,Casablanca,387.32,1174.65,668.95,0.1,31.24,Credit Card,Online,A. Johnson,USD
11934,2,661.08,24.38,2906,Youssef Khan,10/20/2024,Laptop,Electronic,USA,New York,0,330.54,294.49,0,47.72,Bank Transfer,Retail,Unknown,EUR
11935,5,6378.525,642.975,1427,Mariam Haddad,5/15/2025,Keyboard,Tech,UAE,Dubai,767.21,1417.45,984.78,0.1,44.44,Crypto,Online,Unknown,EUR
11936,1,613.5575,34.2375,1105,Emma Ibrahim,6/2/2024,Headphone,Tech,Morocco,Casablanca,87.23,645.85,474.53,0.05,17.56,Crypto,Online,Unknown,EUR
11937,6,2760.384,270.904,2724,Youssef Benali,3/15/2023,Tablet,Tech,USA,New York,311.78,575.08,362.88,0.2,0.42,Bank Transfer,Direct,Unknown,EUR
11938,7,7521.36,-1325.21,1839,Lucas Chen,5/4/2025,Mouse,Gadgets,Morocco,Casablanca,534.38,1343.1,1186.02,0.2,10.05,Credit Card,Direct,K. Haddad,MAD
11939,4,1609.072,198.152,2756,Mariam Smith,12/9/2023,Mouse,Tech,Germany,Berlin,238.46,423.44,291.82,0.05,5.18,Cash,Online,L. Martin,USD
11940,7,8353.485,4348.505,1062,Luis Ibrahim,1/29/2025,Laptop,Tech,Morocco,Casablanca,549.96,1325.95,490,0.1,25.02,Cash,Partner,M. Lopez,EUR
11941,7,1769.712,-547.958,2984,Youssef Kowalski,6/10/2023,Laptop,Electronic,Spain,Madrid,313.03,316.02,280.2,0.2,43.24,PayPal,Online,L. Martin,MAD
11942,2,2077.077,770.687,2547,Youssef Khan,8/30/2023,Keyboard,Electronic,Morocco,Casablanca,105.62,1221.81,583.98,0.15,32.81,Cash,Retail,A. Johnson,USD
11943,1,-336.509,-659.589,1691,Noah Smith,1/2/2023,Mouse,Electronic,Morocco,Casablanca,43.94,-354.22,238.58,0.05,40.56,Cash,Partner,Unknown,EUR
11944,2,423.054,79.564,1507,Leo Kowalski,5/7/2023,Monitor,Tech,Spain,Madrid,42.56,235.03,148.52,0.1,3.89,Bank Transfer,Online,L. Martin,MAD
11945,4,983.72,48.07,1318,Nora Rossi,8/7/2023,Laptop,Tech,Germany,Berlin,111.25,245.93,200.5,0,22.4,Bank Transfer,Online,S. Rossi,EUR
11946,5,5428.2275,-670.8325,1847,Ahmed Kowalski,4/18/2024,Phone,Tech,Morocco,Casablanca,503.31,1277.23,1118.51,0.15,3.2,Bank Transfer,Direct,L. Martin,USD
11947,3,2981.2425,315.1325,2915,Nora Rossi,2/3/2024,Mouse,Tech,Spain,Madrid,405.82,1046.05,745.27,0.05,24.48,Credit Card,Direct,Unknown,EUR
11948,1,36.8475,-39.6325,2863,Lucas Dubois,3/6/2023,Phone,Tech,UAE,Dubai,7.14,43.35,35.2,0.15,34.14,Credit Card,Direct,L. Martin,USD
11949,3,592.62,3.72,2212,Sara Lopez,1/12/2023,Tablet,Gadgets,France,Paris,103.19,197.54,151.9,0,30.01,Credit Card,Online,S. Rossi,USD
11950,1,20.4,-10.96,2142,John Chen,7/30/2024,Tablet,Electronic,USA,New York,2.65,25.5,13.52,0.2,15.19,Credit Card,Online,S. Rossi,USD
11951,2,2696.526,1016.596,1402,Fatima Smith,4/17/2023,Smartphone,Tech,Morocco,Casablanca,368.03,1498.07,652.94,0.1,6.02,PayPal,Online,S. Rossi,MAD
11952,4,3363.586,-335.744,1843,Mariam Garcia,3/23/2023,Smartphone,Gadgets,USA,New York,366.16,989.29,831.06,0.15,8.93,Cash,Online,S. Rossi,USD
11953,3,3655.581,335.161,2080,Noah Khan,5/10/2025,Monitor,Tech,USA,New York,383.84,1282.66,971.62,0.05,21.72,Credit Card,Direct,A. Johnson,EUR
11954,1,1005.2,327.06,2019,Maria Haddad,4/25/2024,Keyboard,Gadgets,USA,New York,116.95,1005.2,535.31,0,25.88,Cash,Online,S. Rossi,MAD
11955,6,5562.972,333.072,1756,Noah Lopez,2/16/2025,Tablet,Electronic,UAE,Dubai,0,975.96,871.52,0.05,0.78,Crypto,Retail,Unknown,USD
11956,4,5446.312,1240.532,1740,Ahmed Smith,3/7/2023,Smartphone,Tech,USA,New York,520.59,1433.24,919.68,0.05,6.47,Crypto,Partner,L. Martin,USD
11957,4,5486.4,2326.27,2792,Ahmed Rossi,1/2/2024,Phone,Gadgets,Morocco,Casablanca,279.33,1371.6,707.72,0,49.92,Cash,Partner,S. Rossi,EUR
11958,7,3815.3185,306.1685,2941,Ali Haddad,9/11/2024,Keyboard,Gadgets,France,Paris,638.14,641.23,404.31,0.15,40.84,Crypto,Online,S. Rossi,EUR
11959,3,688.332,154.042,2628,Leo Chen,8/25/2024,Tablet,Tech,USA,New York,124.36,241.52,123.94,0.05,38.11,Crypto,Direct,S. Rossi,EUR
11960,7,7788.0145,3686.7645,1722,Mariam Haddad,2/13/2025,Phone,Gadgets,UAE,Dubai,643.68,1171.13,490,0.05,27.57,PayPal,Online,Unknown,EUR
11961,4,2213.824,571.494,1785,Youssef Chen,7/6/2024,Mouse,Electronic,Morocco,Casablanca,207.77,691.82,350.12,0.2,34.08,Bank Transfer,Direct,L. Martin,USD
11962,4,2330.882,117.892,1401,Ali Rahmani,8/14/2024,Tablet,Electronic,USA,New York,252.2,613.39,490,0.05,0.79,PayPal,Direct,Unknown,MAD
11963,4,4231.148,1686.638,2464,Youssef Haddad,2/3/2025,Keyboard,Electronic,Morocco,Casablanca,252.26,1113.46,563.15,0.05,39.65,Crypto,Partner,A. Johnson,USD
11964,3,2234.457,558.127,1566,Luis Khan,10/3/2023,Keyboard,Gadgets,Germany,Berlin,156.72,784.02,490,0.05,49.61,Crypto,Direct,L. Martin,MAD
11965,4,3221.194,-374.196,2981,Leo Benali,5/1/2024,Keyboard,Gadgets,USA,New York,507.97,947.41,768.03,0.15,15.3,Bank Transfer,Retail,L. Martin,EUR
11966,5,4451.67,639.3,2836,Nora Silva,6/12/2025,Mouse,Electronic,USA,New York,861.32,989.26,581.57,0.1,43.2,Bank Transfer,Online,Unknown,EUR
11967,3,3562.944,1020.414,2674,Emma Haddad,3/19/2023,Monitor,Tech,Spain,Madrid,370.77,1484.56,710.87,0.2,39.15,Cash,Online,S. Rossi,MAD
11968,2,2622.34,558.06,2134,Sofia Khan,11/30/2023,Laptop,Tech,UAE,Dubai,152.57,1311.17,939.65,0,32.41,Crypto,Online,S. Rossi,USD
11969,5,1799.4925,-121.5875,1349,Nora Garcia,11/17/2024,Monitor,Electronic,UAE,Dubai,93.39,423.41,363.18,0.15,11.79,PayPal,Retail,Unknown,USD
11970,1,288.7905,9.1705,2693,Noah Haddad,4/24/2025,Mouse,Electronic,USA,New York,38.92,303.99,220.89,0.05,19.81,Credit Card,Online,K. Haddad,MAD
11971,5,4247.4925,146.8125,2206,Fatima Smith,5/13/2023,Mouse,Electronic,Morocco,Casablanca,269.24,999.41,760.12,0.15,30.84,Credit Card,Direct,Unknown,EUR
11972,4,1095.168,162.288,2220,Leo Benali,6/20/2024,Phone,Electronic,Morocco,Casablanca,186.06,342.24,180.83,0.2,23.5,Credit Card,Direct,M. Lopez,USD
11973,7,9061.29,2016.23,2918,Luis Garcia,12/1/2024,Phone,Electronic,USA,New York,1167.13,1294.47,832.62,0,49.59,Cash,Online,L. Martin,USD
11974,2,1611.76,323.56,2562,Luis Garcia,5/11/2025,Phone,Electronic,Morocco,Casablanca,270.4,805.88,490,0,37.8,Cash,Online,Unknown,USD
11975,6,2095.686,-21.614,2421,Luis Chen,3/30/2025,Monitor,Tech,Morocco,Casablanca,351.33,388.09,286.83,0.1,44.99,Bank Transfer,Retail,S. Rossi,USD
11976,6,648.6,108.78,2543,Ahmed Garcia,8/6/2024,Mouse,Electronic,Morocco,Casablanca,85.71,108.1,74.67,0,6.09,Crypto,Retail,L. Martin,USD
11977,7,1452.752,195.342,1274,Noah Smith,10/27/2024,Phone,Gadgets,USA,New York,190.67,259.42,151.67,0.2,5.05,PayPal,Retail,M. Lopez,USD
11978,5,622.5825,42.3825,1242,Noah Haddad,4/6/2023,Laptop,Electronic,France,Paris,115.82,146.49,86.53,0.15,31.73,Credit Card,Online,S. Rossi,EUR
11979,6,6222.366,160.526,1690,John Lopez,6/19/2023,Mouse,Electronic,Morocco,Casablanca,0,1152.29,1007.05,0.1,19.54,Cash,Online,L. Martin,USD
11980,7,4550.91,2531.52,1047,Leo Smith,8/14/2024,Laptop,Electronic,France,Paris,0,650.13,284.54,0,27.61,PayPal,Direct,K. Haddad,USD
11981,4,3532.68,577.48,2891,Sara Dubois,2/10/2025,Headphone,Electronic,Morocco,Casablanca,426.09,981.3,622.02,0.1,41.03,Crypto,Partner,M. Lopez,EUR
11982,3,2329.1445,-168.4555,2154,John Benali,8/4/2023,Keyboard,Tech,Spain,Madrid,169.56,913.39,774.34,0.15,5.02,Credit Card,Online,Unknown,USD
11983,6,2075.952,-430.638,2472,Lucas Kowalski,1/21/2023,Tablet,Electronic,USA,New York,266.35,432.49,369.64,0.2,22.4,Cash,Direct,K. Haddad,USD
11984,7,8735.7725,544.2025,1183,Lucas Benali,8/15/2023,Mouse,Electronic,France,Paris,1177.31,1313.65,999.04,0.05,20.98,Crypto,Online,L. Martin,USD
11985,4,1502.72,407.51,1804,Mariam Smith,8/18/2023,Monitor,Tech,France,Paris,210.22,375.68,217.66,0,14.35,Bank Transfer,Online,L. Martin,USD
11986,2,106.607,36.847,2316,Fatima Kowalski,1/3/2025,Keyboard,Electronic,France,Paris,6.86,62.71,27.1,0.15,8.7,Bank Transfer,Retail,M. Lopez,MAD
11987,1,1219.79,302.13,2577,Sofia Ibrahim,2/8/2025,Headphone,Tech,UAE,Dubai,164.89,1219.79,739.13,0,13.64,Bank Transfer,Online,M. Lopez,MAD
11988,5,388.08,63.76,1465,Noah Silva,3/23/2024,Smartphone,Gadgets,Morocco,Casablanca,29.05,97.02,50.5,0.2,42.77,Credit Card,Retail,L. Martin,USD
11989,2,966.432,248.622,2886,Noah Lopez,5/26/2023,Tablet,Tech,Germany,Berlin,114.29,604.02,295.92,0.2,11.68,Bank Transfer,Retail,S. Rossi,USD
11990,3,3538.992,788.322,1450,Nora Haddad,6/16/2023,Keyboard,Tech,Morocco,Casablanca,0,1387.84,905.74,0.15,33.45,Credit Card,Direct,A. Johnson,USD
11991,3,1631.664,145.564,1028,Ahmed Silva,5/23/2025,Laptop,Tech,France,Paris,292.63,679.86,389.76,0.2,24.19,Credit Card,Online,K. Haddad,USD
11992,7,883.96,400.03,2789,Noah Kowalski,10/3/2024,Phone,Tech,USA,New York,51.05,126.28,56.46,0,37.66,PayPal,Online,M. Lopez,USD
11993,6,1166.304,-199.346,2852,Leo Chen,6/12/2023,Smartphone,Tech,Morocco,Casablanca,101.32,242.98,204.49,0.2,37.39,Crypto,Online,Unknown,MAD
11994,7,9336.67,2657.61,2055,Sara Dubois,5/3/2023,Laptop,Electronic,France,Paris,1757.25,1333.81,701.88,0,8.65,Crypto,Retail,M. Lopez,USD
11995,6,1717.272,-189.618,1763,Lucas Rossi,9/6/2023,Headphone,Electronic,Spain,Madrid,340.19,336.72,255.32,0.15,34.78,Cash,Retail,L. Martin,MAD
11996,4,3163.054,1357.324,1219,Mariam Rahmani,1/6/2024,Tablet,Electronic,France,Paris,0,930.31,442.27,0.15,36.65,Bank Transfer,Online,A. Johnson,USD
11997,3,3229.1925,1222.9725,2066,Nora Chen,2/19/2023,Mouse,Electronic,France,Paris,545.07,1133.05,479.11,0.05,23.82,Credit Card,Partner,Unknown,USD
11998,3,1984.5405,531.0805,1220,Lucas Khan,12/28/2023,Mouse,Gadgets,UAE,Dubai,229.2,696.33,392.82,0.05,45.8,PayPal,Online,L. Martin,USD
11999,3,362.007,-4.303,1956,Youssef Chen,7/6/2024,Mouse,Tech,UAE,Dubai,63.57,127.02,98.04,0.05,8.62,Credit Card,Online,S. Rossi,USD
12000,4,4905.108,25.708,2625,Mariam Chen,11/20/2024,Headphone,Tech,Morocco,Casablanca,785.58,1362.53,1020.69,0.1,11.06,Credit Card,Direct,M. Lopez,EUR
12001,2,851.346,243.006,1982,Maria Rahmani,4/15/2023,Keyboard,Electronic,USA,New York,114.03,472.97,240.69,0.1,12.93,Credit Card,Retail,Unknown,MAD
12002,4,2764.128,-408.692,1234,Youssef Benali,5/5/2025,Laptop,Tech,Germany,Berlin,520.97,863.79,662.59,0.2,1.49,Crypto,Retail,K. Haddad,MAD
12003,6,4452.96,1664.84,2373,Fatima Rahmani,7/19/2023,Smartphone,Tech,Morocco,Casablanca,586.84,742.16,366.09,0,4.74,Cash,Direct,A. Johnson,EUR
12004,7,1959.37,670.33,1691,Mariam Rossi,11/5/2024,Mouse,Tech,Spain,Madrid,138.25,279.91,164.01,0,2.72,Crypto,Online,Unknown,USD
12005,5,5671.975,411.165,2761,Maria Ibrahim,12/26/2023,Laptop,Tech,Spain,Madrid,851.39,1194.1,878.25,0.05,18.17,Bank Transfer,Online,K. Haddad,USD
12006,4,3002.976,319.376,2971,Noah Benali,12/10/2023,Laptop,Gadgets,Morocco,Casablanca,345.35,938.43,572.38,0.2,48.73,Bank Transfer,Retail,Unknown,MAD
12007,4,5335.846,1293.146,1272,Emma Lopez,7/6/2023,Monitor,Tech,Morocco,Casablanca,925.49,1404.17,771.64,0.05,30.65,Crypto,Retail,K. Haddad,EUR
12008,6,3287.19,800.81,1233,Youssef Chen,4/16/2025,Monitor,Electronic,Morocco,Casablanca,262.19,576.7,365.58,0.05,30.71,Cash,Partner,Unknown,USD
12009,7,4101.496,-0.904,1707,Youssef Benali,1/21/2023,Monitor,Electronic,UAE,Dubai,288.85,732.41,542.01,0.2,19.48,Crypto,Direct,M. Lopez,USD
12010,1,66.294,-48.266,2825,Youssef Rossi,9/19/2023,Laptop,Gadgets,USA,New York,0,73.66,65.71,0.1,48.85,Credit Card,Direct,Unknown,USD
12011,6,7149.18,294.54,2909,Lucas Benali,10/2/2024,Phone,Electronic,Morocco,Casablanca,566,1191.53,1045.81,0,13.78,PayPal,Direct,K. Haddad,EUR
12012,3,3052.68,780.6,1528,Emma Dubois,11/15/2024,Keyboard,Electronic,USA,New York,349.85,1017.56,628.34,0,37.21,PayPal,Online,S. Rossi,MAD
12013,2,1966.864,-254.336,1053,Maria Chen,10/10/2023,Keyboard,Gadgets,Morocco,Casablanca,193.83,1229.29,998.77,0.2,29.83,Cash,Online,A. Johnson,USD
12014,5,4484.4,1448.6,2218,Ahmed Dubois,10/19/2023,Phone,Tech,France,Paris,565.42,896.88,492.29,0,8.93,PayPal,Online,M. Lopez,MAD
12015,6,7791.768,1596.258,1223,Sara Smith,1/23/2023,Tablet,Tech,USA,New York,873.58,1442.92,885.21,0.1,10.67,Credit Card,Retail,K. Haddad,USD
12016,6,4715.46,-592.76,1725,Noah Benali,11/2/2023,Tablet,Gadgets,USA,New York,460.82,924.6,801.29,0.15,39.66,Credit Card,Partner,Unknown,USD
12017,4,588.512,107.072,1876,Fatima Lopez,8/29/2024,Phone,Electronic,UAE,Dubai,36.32,183.91,105.98,0.2,21.2,Bank Transfer,Retail,Unknown,EUR
12018,4,3768.84,333.17,2532,Maria Smith,7/25/2024,Smartphone,Electronic,Morocco,Casablanca,0,991.8,852.38,0.05,26.15,Crypto,Retail,K. Haddad,USD
12019,1,779.427,97.277,1112,Nora Chen,1/26/2025,Smartphone,Electronic,France,Paris,91.55,866.03,543.44,0.1,47.16,Credit Card,Online,Unknown,USD
12020,5,3640.85,579.25,2542,Emma Garcia,4/2/2023,Keyboard,Gadgets,UAE,Dubai,620.27,728.17,487,0,6.33,Cash,Online,Unknown,USD
12021,3,1389.528,475.008,2872,Leo Ibrahim,5/17/2024,Phone,Electronic,UAE,Dubai,93.92,514.64,259.35,0.1,42.55,Cash,Retail,S. Rossi,MAD
12022,5,6482.565,1248.395,1343,Fatima Rahmani,9/19/2024,Keyboard,Tech,UAE,Dubai,459.97,1440.57,950.84,0.1,20,Cash,Retail,Unknown,USD
12023,5,1280.205,85.775,1072,Nora Rahmani,4/7/2023,Keyboard,Gadgets,France,Paris,200.87,284.49,197,0.1,8.56,Credit Card,Direct,L. Martin,MAD
12024,4,5753.44,2185.5,1400,Sofia Chen,10/16/2024,Laptop,Electronic,Morocco,Casablanca,0,1438.36,888.2,0,15.14,Crypto,Direct,S. Rossi,USD
12025,4,2591.956,-466.414,1272,Emma Garcia,4/5/2025,Headphone,Gadgets,USA,New York,503.91,762.34,635.26,0.15,13.42,Credit Card,Online,M. Lopez,MAD
12026,1,432.045,-52.715,2481,Maria Khan,11/7/2023,Headphone,Gadgets,USA,New York,28.08,480.05,420.92,0.1,35.76,Crypto,Partner,M. Lopez,MAD
12027,4,2598,518.65,1206,Lucas Khan,1/29/2024,Headphone,Tech,USA,New York,470.5,649.5,397.98,0,16.93,Credit Card,Partner,A. Johnson,USD
12028,7,2952.6,1155.07,1388,Mariam Haddad,6/20/2024,Mouse,Tech,France,Paris,530.23,421.8,176.94,0,28.72,Credit Card,Online,Unknown,USD
12029,1,749.139,-20.241,1075,Ahmed Ibrahim,10/10/2024,Smartphone,Tech,Morocco,Casablanca,99.57,881.34,647.55,0.15,22.26,Crypto,Partner,A. Johnson,USD
12030,2,1169.184,33.614,2083,Ali Dubois,10/20/2024,Mouse,Electronic,Morocco,Casablanca,146.12,615.36,481.42,0.05,26.61,PayPal,Partner,Unknown,EUR
12031,6,3693.888,-606.072,1449,Luis Garcia,3/3/2023,Tablet,Tech,USA,New York,420.95,769.56,642.93,0.2,21.43,PayPal,Online,Unknown,USD
12032,4,2205.288,948.808,2680,Luis Dubois,3/30/2023,Tablet,Gadgets,Germany,Berlin,217.77,612.58,248.66,0.1,44.07,Credit Card,Direct,S. Rossi,USD
12033,7,4818.9645,828.7545,2082,Noah Kowalski,3/13/2024,Laptop,Tech,USA,New York,759.75,809.91,461.03,0.15,3.25,Bank Transfer,Direct,Unknown,MAD
12034,5,5755.2225,341.8025,2125,Noah Silva,7/9/2024,Smartphone,Tech,Germany,Berlin,303.6,1354.17,1019.31,0.15,13.27,Bank Transfer,Direct,K. Haddad,EUR
12035,1,998.12,-139.36,1634,Fatima Smith,7/24/2023,Monitor,Gadgets,USA,New York,182.33,1247.65,932.93,0.2,22.22,PayPal,Retail,K. Haddad,EUR
12036,6,1175.28,366.68,2113,Maria Haddad,8/13/2024,Laptop,Tech,USA,New York,132.94,195.88,108.9,0,22.26,Cash,Direct,A. Johnson,EUR
12037,1,1341.85,414.71,1692,John Lopez,9/7/2024,Keyboard,Electronic,France,Paris,158.16,1341.85,766.49,0,2.49,Crypto,Direct,A. Johnson,USD
12038,5,1418.4,415.31,2510,Sara Benali,9/14/2024,Mouse,Gadgets,USA,New York,277.51,315.2,135.66,0.1,47.28,Cash,Online,Unknown,USD
12039,1,1182.18,-134.5,1735,Fatima Benali,1/25/2024,Smartphone,Tech,Morocco,Casablanca,171.34,1390.8,1123.08,0.15,22.26,Credit Card,Direct,K. Haddad,MAD
12040,6,607.122,246.102,1798,Sara Rossi,12/23/2024,Smartphone,Gadgets,USA,New York,57.06,112.43,46.95,0.1,22.26,PayPal,Online,Unknown,USD
12041,4,466.4,102.69,2430,Ali Ibrahim,11/22/2024,Keyboard,Electronic,Germany,Berlin,28.68,116.6,72.51,0,44.99,PayPal,Online,K. Haddad,MAD
12042,1,671.574,286.284,1245,Fatima Kowalski,1/14/2023,Tablet,Gadgets,Morocco,Casablanca,88.3,706.92,291.48,0.05,5.51,Bank Transfer,Online,L. Martin,USD
12043,4,5333.946,1689.036,1588,Youssef Haddad,4/5/2025,Mouse,Gadgets,UAE,Dubai,960.87,1403.67,670.47,0.05,2.16,Bank Transfer,Online,M. Lopez,EUR
12044,7,5542.663,-258.387,1249,Sofia Haddad,3/21/2024,Phone,Electronic,Germany,Berlin,583.65,931.54,740.42,0.15,34.46,Bank Transfer,Online,S. Rossi,USD
12045,3,4347.39,1635.48,1180,Luis Silva,8/1/2024,Laptop,Tech,USA,New York,586.16,1449.13,696.26,0,36.97,Credit Card,Partner,Unknown,EUR
12046,5,330.795,48.175,1085,Lucas Khan,3/4/2023,Laptop,Tech,UAE,Dubai,64.19,73.51,41.22,0.1,12.33,Bank Transfer,Online,Unknown,USD
12047,5,3966.93,-250.26,1275,Mariam Ibrahim,12/22/2024,Keyboard,Electronic,France,Paris,531.54,881.54,734.71,0.1,12.1,Crypto,Direct,Unknown,USD
12048,3,225.8055,78.7455,1566,Fatima Garcia,8/8/2024,Mouse,Tech,UAE,Dubai,15.1,79.23,39.65,0.05,13.01,Credit Card,Online,L. Martin,USD
12049,6,2778.78,729.14,2508,Luis Khan,3/30/2025,Laptop,Tech,Morocco,Casablanca,452.72,463.13,260.1,0,36.32,Bank Transfer,Online,L. Martin,USD
12050,7,7407.5715,592.9715,2565,Noah Chen,1/27/2024,Laptop,Tech,Germany,Berlin,1454.68,1244.97,764.22,0.15,10.38,Crypto,Direct,S. Rossi,USD
12051,4,3701.884,1790.674,1127,Ali Kowalski,6/23/2023,Headphone,Tech,Germany,Berlin,0,974.18,475.92,0.05,7.53,Crypto,Online,Unknown,USD
12052,5,2958.585,-174.375,1363,Ali Dubois,1/2/2024,Keyboard,Gadgets,France,Paris,312.66,622.86,560.21,0.05,19.25,Cash,Online,A. Johnson,MAD
12053,3,3519.351,1149.961,2827,Emma Rahmani,10/25/2024,Tablet,Tech,Morocco,Casablanca,328.12,1234.86,664.19,0.05,48.7,PayPal,Partner,S. Rossi,USD
12054,2,656.964,-7.836,1135,Maria Dubois,2/9/2024,Headphone,Tech,Morocco,Casablanca,70.45,364.98,287.08,0.1,20.19,Bank Transfer,Direct,K. Haddad,USD
12055,1,1259.9565,-180.3435,2822,Sara Rossi,10/30/2023,Tablet,Electronic,Spain,Madrid,242.65,1326.27,1156.8,0.05,40.85,Bank Transfer,Online,Unknown,EUR
12056,2,1776.857,491.827,2369,Nora Silva,12/14/2023,Keyboard,Tech,Morocco,Casablanca,139.82,1045.21,550.54,0.15,44.13,Bank Transfer,Partner,Unknown,MAD
12057,6,-1923.696,-2937.656,1891,Ahmed Benali,4/1/2025,Laptop,Electronic,UAE,Dubai,124.76,-356.24,143.23,0.1,29.82,PayPal,Partner,Unknown,USD
12058,7,1708.056,145.246,1354,Luis Kowalski,6/22/2023,Tablet,Electronic,Morocco,Casablanca,306.38,305.01,176.31,0.2,22.26,Credit Card,Online,Unknown,MAD
12059,5,5986.08,2802.18,1579,Fatima Ibrahim,1/5/2024,Laptop,Gadgets,Germany,Berlin,713.83,1496.52,491,0.2,15.07,Cash,Retail,K. Haddad,EUR
12060,6,5539.248,621.378,2470,Lucas Garcia,9/5/2024,Phone,Gadgets,Germany,Berlin,804.54,1154.01,677.98,0.2,45.45,PayPal,Online,K. Haddad,USD
12061,7,7959.896,2987.146,1237,Luis Ibrahim,10/7/2023,Mouse,Electronic,Morocco,Casablanca,809.34,1421.41,591.35,0.2,23.96,PayPal,Online,Unknown,EUR
12062,2,1347.539,204.749,2942,Maria Benali,9/2/2024,Tablet,Gadgets,Spain,Madrid,199.73,792.67,448.22,0.15,46.62,Cash,Partner,M. Lopez,MAD
12063,7,589.61,251.8,2917,Lucas Chen,8/19/2023,Mouse,Tech,France,Paris,73.84,84.23,36.49,0,8.54,PayPal,Retail,S. Rossi,EUR
12064,7,4793.488,-461.222,2241,Fatima Ibrahim,3/13/2023,Mouse,Tech,Morocco,Casablanca,720.17,855.98,643.41,0.2,30.67,PayPal,Retail,K. Haddad,USD
12065,2,696.269,-66.841,2004,Ahmed Silva,1/19/2024,Laptop,Tech,USA,New York,132.76,409.57,309.28,0.15,11.79,Cash,Retail,L. Martin,USD
12066,7,4531.905,1309.525,1893,Ali Dubois,4/26/2024,Mouse,Electronic,Morocco,Casablanca,302.92,719.35,410.32,0.1,47.22,Bank Transfer,Online,Unknown,EUR
12067,1,513.756,46.696,1868,Leo Benali,1/17/2023,Mouse,Tech,UAE,Dubai,29.17,570.84,420.36,0.1,17.53,Bank Transfer,Retail,A. Johnson,USD
12068,2,291.074,16.014,1440,Sara Lopez,4/22/2023,Smartphone,Electronic,Spain,Madrid,42.62,171.22,108.74,0.15,14.96,PayPal,Retail,L. Martin,USD
12069,7,1816.08,50.27,2721,Fatima Benali,10/14/2023,Laptop,Gadgets,Morocco,Casablanca,237.09,324.3,217.97,0.2,2.93,Credit Card,Retail,K. Haddad,USD
12070,2,1881.648,120.288,1508,John Chen,6/1/2023,Laptop,Electronic,Germany,Berlin,329.31,1045.36,696.27,0.1,39.51,Crypto,Direct,Unknown,MAD
12071,5,4979.88,-0.83,2860,Noah Silva,2/13/2023,Laptop,Tech,USA,New York,662.42,1106.64,861.79,0.1,9.34,Credit Card,Online,K. Haddad,EUR
12072,6,501.486,162.546,1516,Fatima Silva,8/9/2023,Phone,Tech,Germany,Berlin,94.98,87.98,40.1,0.05,3.36,Credit Card,Retail,M. Lopez,MAD
12073,1,1263.636,-109.324,2829,Emma Benali,3/23/2024,Keyboard,Electronic,Germany,Berlin,121.13,1404.04,1231.98,0.1,19.85,Bank Transfer,Partner,K. Haddad,USD
12074,5,3599.1125,-632.8575,1464,Sara Khan,10/4/2024,Tablet,Electronic,USA,New York,701.64,846.85,698.64,0.15,37.13,Cash,Retail,A. Johnson,EUR
12075,1,27.1,-21.12,2006,Nora Benali,5/20/2025,Monitor,Tech,Morocco,Casablanca,3.39,27.1,17.74,0,27.09,Bank Transfer,Online,Unknown,EUR
12076,6,6065.76,2696.47,2562,Sara Khan,3/30/2023,Keyboard,Gadgets,USA,New York,381.07,1263.7,491,0.2,42.22,Crypto,Partner,A. Johnson,MAD
12077,4,491.364,50.554,1978,Mariam Lopez,6/1/2024,Smartphone,Tech,Germany,Berlin,47.67,136.49,87.79,0.1,41.98,Bank Transfer,Online,A. Johnson,EUR
12078,1,997.899,263.059,1905,Fatima Rossi,12/13/2024,Monitor,Electronic,Morocco,Casablanca,167.24,1050.42,545.66,0.05,21.94,Bank Transfer,Online,Unknown,USD
12079,3,1227.9795,258.3995,2686,Sofia Ibrahim,8/18/2024,Monitor,Tech,Germany,Berlin,81.56,430.87,295.23,0.05,2.33,Credit Card,Online,M. Lopez,USD
12080,2,424.098,-11.582,2191,Emma Dubois,12/10/2023,Tablet,Tech,Morocco,Casablanca,64.17,235.61,179.83,0.1,11.85,Cash,Partner,A. Johnson,EUR
12081,5,2942.4,427.13,1978,Maria Kowalski,10/29/2023,Headphone,Electronic,USA,New York,250.81,588.48,451.41,0,7.41,Credit Card,Retail,L. Martin,USD
12082,1,487.984,79.534,1592,John Smith,9/3/2023,Laptop,Electronic,Spain,Madrid,36.83,609.98,347.44,0.2,24.18,Credit Card,Online,K. Haddad,EUR
12083,4,1753.38,-4.59,1805,Sara Garcia,4/1/2025,Headphone,Gadgets,USA,New York,0,487.05,436.17,0.1,13.29,Credit Card,Partner,Unknown,MAD
12084,4,303.994,-58.706,1109,Sara Rahmani,11/3/2023,Keyboard,Gadgets,Spain,Madrid,16.77,89.41,78.13,0.15,33.41,Credit Card,Partner,S. Rossi,USD
12085,1,401.373,98.293,2820,Lucas Rahmani,9/23/2023,Tablet,Electronic,USA,New York,21.36,445.97,233.78,0.1,47.94,Credit Card,Retail,A. Johnson,MAD
12086,6,3959.58,809.38,2086,Nora Lopez,1/22/2024,Headphone,Gadgets,Morocco,Casablanca,279.73,659.93,475.77,0,15.85,Crypto,Partner,L. Martin,EUR
12087,2,1455.728,455.428,2012,Mariam Khan,9/24/2024,Headphone,Gadgets,Spain,Madrid,110.88,909.83,429.18,0.2,31.06,Crypto,Partner,A. Johnson,USD
12088,5,4757.8,-544.7,2778,Mariam Rahmani,12/5/2024,Monitor,Tech,Spain,Madrid,526.58,1189.45,952.84,0.2,11.72,Bank Transfer,Retail,K. Haddad,USD
12089,2,2695.169,186.189,1488,Lucas Lopez,1/16/2024,Smartphone,Electronic,USA,New York,160,1418.51,1151.7,0.05,45.58,Credit Card,Retail,S. Rossi,USD
12090,7,6139.392,862.182,2176,Sofia Kowalski,11/8/2023,Tablet,Tech,UAE,Dubai,831.98,1096.32,630.19,0.2,33.9,Cash,Online,S. Rossi,USD
12091,1,1067.889,-8.131,2985,Leo Rossi,8/9/2023,Headphone,Tech,USA,New York,140.06,1256.34,889.36,0.15,46.6,Bank Transfer,Retail,L. Martin,USD
12092,4,731.68,-26.66,2539,Ali Khan,3/6/2023,Smartphone,Gadgets,Germany,Berlin,57.06,228.65,169.07,0.2,25,PayPal,Online,L. Martin,USD
12093,3,750.048,13.348,2711,Fatima Benali,7/7/2024,Mouse,Gadgets,UAE,Dubai,119.87,312.52,199.96,0.2,16.95,Credit Card,Partner,L. Martin,USD
12094,1,1323.3595,433.0895,2090,Sara Chen,9/8/2023,Laptop,Tech,France,Paris,76.21,1393.01,799.26,0.05,14.8,Credit Card,Online,A. Johnson,USD
12095,2,2002.8,189.65,1487,Sofia Garcia,4/16/2023,Laptop,Electronic,USA,New York,193.64,1251.75,788.18,0.2,43.15,Cash,Partner,M. Lopez,EUR
12096,5,5369.68,-1489.02,1517,Luis Ibrahim,7/16/2023,Mouse,Tech,USA,New York,1010.51,1342.42,1167.16,0.2,12.39,Bank Transfer,Retail,Unknown,USD
12097,1,72.7855,-1.6745,1194,Sara Kowalski,9/26/2023,Headphone,Electronic,USA,New York,0,85.63,47.46,0.15,27,Bank Transfer,Direct,A. Johnson,MAD
12098,1,624.587,118.747,1570,Emma Rossi,3/31/2025,Keyboard,Tech,France,Paris,55.67,657.46,427.91,0.05,22.26,Credit Card,Online,K. Haddad,EUR
12099,4,583.27,184.75,2809,Emma Silva,7/21/2024,Keyboard,Electronic,UAE,Dubai,49.35,171.55,79.9,0.15,29.57,Crypto,Retail,S. Rossi,USD
12100,2,681.649,39.779,2235,Emma Khan,8/2/2024,Tablet,Tech,USA,New York,123.36,400.97,236.86,0.15,44.79,Crypto,Online,M. Lopez,EUR
12101,5,4446.24,1561.81,2465,Lucas Garcia,7/1/2024,Phone,Electronic,Morocco,Casablanca,614.79,1111.56,446.07,0.2,39.29,PayPal,Online,Unknown,EUR
12102,1,936.43,142.59,1705,John Khan,7/17/2023,Mouse,Gadgets,USA,New York,173.15,936.43,588.97,0,31.72,Bank Transfer,Online,A. Johnson,USD
12103,5,2454.9425,569.2025,1762,Noah Benali,1/17/2023,Mouse,Gadgets,Germany,Berlin,152.01,516.83,343.66,0.05,15.43,Credit Card,Retail,K. Haddad,MAD
12104,4,4215.968,-433.562,1350,Youssef Rahmani,8/21/2024,Laptop,Tech,Germany,Berlin,674.78,1317.49,988.63,0.2,20.23,Credit Card,Online,Unknown,USD
12105,1,1408.28,146.55,1049,Ali Chen,1/13/2025,Headphone,Electronic,Spain,Madrid,186.33,1408.28,1073.11,0,2.29,Cash,Online,K. Haddad,MAD
12106,2,1067.26,-39.93,2910,Youssef Kowalski,4/12/2025,Smartphone,Electronic,France,Paris,111.86,627.8,491,0.15,13.33,PayPal,Partner,A. Johnson,MAD
12107,1,890.137,-54.443,1891,Sofia Haddad,4/13/2024,Smartphone,Electronic,Morocco,Casablanca,91.85,1047.22,820.87,0.15,31.86,Credit Card,Retail,K. Haddad,USD
12108,4,240.064,22.364,1244,Lucas Rahmani,9/8/2023,Keyboard,Electronic,UAE,Dubai,28.55,75.02,35.29,0.2,47.99,Crypto,Partner,M. Lopez,EUR
12109,2,1161.168,223.088,2089,Fatima Garcia,4/6/2025,Monitor,Tech,USA,New York,96.4,725.73,403.59,0.2,34.5,Cash,Retail,Unknown,USD
12110,3,1500.063,-157.597,2550,Sara Smith,3/24/2025,Headphone,Gadgets,Spain,Madrid,249.25,588.26,462.05,0.15,22.26,PayPal,Online,L. Martin,MAD
12111,1,679.312,143.012,2492,Leo Rossi,4/20/2023,Keyboard,Tech,France,Paris,62.08,849.14,426.22,0.2,48,PayPal,Retail,L. Martin,USD
12112,3,2242.92,759.6,1721,Mariam Benali,10/25/2023,Mouse,Gadgets,Morocco,Casablanca,244.68,747.64,409.43,0,10.35,Credit Card,Direct,K. Haddad,EUR
12113,1,909.84,128.66,1142,Noah Chen,1/15/2025,Monitor,Electronic,UAE,Dubai,157.11,1137.3,584.08,0.2,39.99,Credit Card,Direct,S. Rossi,MAD
12114,4,4251.888,590.018,2230,Mariam Chen,1/18/2023,Headphone,Electronic,Germany,Berlin,322.27,1181.08,824.49,0.1,41.64,PayPal,Online,L. Martin,EUR
12115,7,5771.01,1405.04,1754,Nora Khan,6/30/2024,Laptop,Tech,USA,New York,531.27,824.43,546.51,0,9.13,Credit Card,Online,Unknown,MAD
12116,3,3318.39,1184.7,1651,Ahmed Rahmani,10/17/2024,Phone,Tech,Morocco,Casablanca,269.65,1106.13,620.48,0,2.6,Bank Transfer,Partner,K. Haddad,MAD
12117,2,1079.776,199.726,2176,Ahmed Benali,4/13/2023,Monitor,Tech,Morocco,Casablanca,215.9,674.86,322.4,0.2,19.35,Cash,Partner,L. Martin,USD
12118,1,50.677,-22.463,2857,Sofia Kowalski,3/8/2023,Headphone,Gadgets,Germany,Berlin,6.88,59.62,26.59,0.15,39.67,Credit Card,Partner,S. Rossi,EUR
12119,7,201.537,-3295.713,1683,Emma Garcia,4/22/2024,Phone,Tech,UAE,Dubai,33.69,31.99,491,0.1,26.56,Bank Transfer,Partner,S. Rossi,MAD
12120,6,2260.38,368.38,1740,Ahmed Chen,3/4/2023,Phone,Tech,Morocco,Casablanca,403.28,376.73,244.41,0,22.26,PayPal,Online,A. Johnson,EUR
12121,1,679.24,49.75,2669,John Khan,8/16/2024,Headphone,Tech,UAE,Dubai,75.16,679.24,513.59,0,40.74,PayPal,Online,S. Rossi,EUR
12122,7,7484.75,3080.45,1323,Fatima Benali,6/9/2023,Headphone,Tech,USA,New York,558.61,1069.25,548.52,0,6.05,PayPal,Online,K. Haddad,USD
12123,5,4279.41,-525.66,1555,Maria Rossi,12/22/2024,Laptop,Tech,UAE,Dubai,427.51,1006.92,871.06,0.15,22.26,Crypto,Direct,S. Rossi,EUR
12124,4,4543.008,-225.312,2240,Lucas Rahmani,1/4/2025,Smartphone,Electronic,USA,New York,367.95,1419.69,1098.54,0.2,6.21,Cash,Direct,K. Haddad,USD
12125,3,3697.653,-580.017,1562,Fatima Kowalski,4/2/2024,Laptop,Electronic,Spain,Madrid,413.03,1450.06,1286.06,0.15,6.46,PayPal,Online,A. Johnson,EUR
12126,2,1823.382,-43.238,2426,Ali Benali,7/29/2024,Tablet,Gadgets,USA,New York,318.49,1012.99,760.37,0.1,27.39,Cash,Direct,Unknown,USD
12127,4,5947.6,1641.79,1041,Noah Kowalski,6/3/2025,Smartphone,Gadgets,Germany,Berlin,648.59,1486.9,908.74,0,22.26,Bank Transfer,Partner,S. Rossi,USD
12128,7,1869.966,-192.614,2237,Youssef Smith,1/12/2025,Monitor,Electronic,Germany,Berlin,317.88,296.82,247.07,0.1,15.21,Bank Transfer,Online,S. Rossi,MAD
12129,1,374.985,92.505,2821,Luis Rossi,5/24/2025,Keyboard,Gadgets,France,Paris,68.76,416.65,177.86,0.1,35.86,Credit Card,Partner,L. Martin,MAD
12130,7,9390.199,8.369,2680,Leo Lopez,4/2/2023,Headphone,Gadgets,Morocco,Casablanca,958.31,1412.06,1200.18,0.05,22.26,PayPal,Partner,Unknown,EUR
12131,2,1976.346,-141.954,1159,Sara Khan,11/12/2023,Headphone,Tech,USA,New York,217.29,1097.97,931.53,0.1,37.95,Credit Card,Partner,Unknown,USD
12132,4,278.96,55.33,1853,Lucas Dubois,4/27/2023,Tablet,Tech,Spain,Madrid,28.86,69.74,41.74,0,27.81,Cash,Retail,M. Lopez,EUR
12133,3,3123.24,-731.4,2771,Fatima Rossi,4/5/2025,Smartphone,Electronic,Morocco,Casablanca,596.45,1224.8,1074.09,0.15,35.92,Credit Card,Direct,S. Rossi,USD
12134,7,8339.639,413.319,2274,Emma Silva,3/18/2025,Smartphone,Electronic,Germany,Berlin,1393.62,1401.62,929.8,0.15,24.1,PayPal,Partner,Unknown,USD
12135,4,1960.384,12.394,1481,Sara Rossi,4/29/2025,Monitor,Tech,USA,New York,137.2,612.62,440.55,0.2,48.59,Credit Card,Partner,Unknown,USD
12136,2,103.32,-39.86,2498,Fatima Dubois,1/23/2023,Smartphone,Electronic,Morocco,Casablanca,7.64,51.66,45.05,0,45.44,PayPal,Retail,K. Haddad,MAD
12137,3,1933.71,13.37,2141,Noah Dubois,1/6/2023,Tablet,Tech,Morocco,Casablanca,229.21,644.57,554.46,0,27.75,Credit Card,Direct,A. Johnson,MAD
12138,4,1765.824,795.924,1999,Mariam Garcia,1/27/2024,Smartphone,Electronic,UAE,Dubai,0,551.82,236.57,0.2,23.62,Credit Card,Retail,Unknown,EUR
12139,1,251.56,-29.39,1386,Ali Ibrahim,1/17/2024,Smartphone,Electronic,Morocco,Casablanca,26.85,314.45,242.68,0.2,11.42,Credit Card,Online,S. Rossi,USD
12140,1,1197.819,321.829,2291,Youssef Rossi,4/20/2024,Laptop,Electronic,UAE,Dubai,118.48,1330.91,730.84,0.1,26.67,Bank Transfer,Online,L. Martin,USD
12141,1,155.2015,22.7115,2446,John Ibrahim,8/21/2023,Phone,Tech,USA,New York,13.64,182.59,111.81,0.15,7.04,Cash,Retail,A. Johnson,MAD
12142,2,2414.444,1047.444,1039,Youssef Ibrahim,1/21/2025,Headphone,Electronic,France,Paris,341.39,1270.76,491,0.05,43.61,Credit Card,Online,S. Rossi,USD
12143,6,4327.248,1445.768,1446,Luis Rossi,6/11/2024,Smartphone,Electronic,USA,New York,766.74,848.48,348.71,0.15,22.48,Credit Card,Online,M. Lopez,USD
12144,2,557.504,-51.616,1815,Fatima Dubois,1/15/2023,Laptop,Tech,UAE,Dubai,67.65,348.44,256.8,0.2,27.87,Bank Transfer,Online,K. Haddad,MAD
12145,2,500.14,64.75,1560,Fatima Dubois,3/19/2023,Keyboard,Tech,USA,New York,73.23,294.2,169.95,0.15,22.26,PayPal,Partner,L. Martin,USD
12146,4,933.44,-0.33,2608,Sara Garcia,5/17/2025,Phone,Electronic,Spain,Madrid,125.08,233.36,195.21,0,27.85,Credit Card,Retail,K. Haddad,EUR
12147,4,2171.952,567.702,2542,Mariam Khan,11/1/2023,Headphone,Gadgets,Germany,Berlin,386.44,603.32,302.2,0.1,9.01,Bank Transfer,Online,S. Rossi,MAD
12148,4,3736.44,605.35,1921,Ahmed Lopez,2/11/2024,Phone,Tech,Germany,Berlin,488.64,1037.9,659.71,0.1,3.61,Crypto,Online,Unknown,USD
12149,5,6475.6,2894.45,1912,Sara Rahmani,5/12/2024,Laptop,Tech,Germany,Berlin,411.19,1295.12,624.27,0,48.61,Credit Card,Online,S. Rossi,MAD
12150,6,1261.5,111.52,2153,John Khan,4/22/2025,Tablet,Tech,Germany,Berlin,230.6,210.25,149.52,0,22.26,Cash,Online,A. Johnson,USD
12151,1,1213.4255,28.7155,2585,Mariam Rahmani,6/18/2024,Phone,Electronic,Morocco,Casablanca,115.51,1277.29,1049.72,0.05,19.48,Credit Card,Retail,K. Haddad,EUR
12152,5,3553.3,801.03,2648,Nora Rahmani,11/14/2023,Keyboard,Tech,Spain,Madrid,416.73,710.66,457.16,0,49.74,Cash,Online,S. Rossi,USD
12153,6,5727.48,2589.84,2316,Youssef Benali,12/1/2023,Mouse,Gadgets,France,Paris,579.06,954.58,422.72,0,22.26,PayPal,Online,Unknown,USD
12154,7,9940.56,1249.62,2477,Mariam Garcia,10/24/2024,Tablet,Gadgets,France,Paris,1138.5,1420.08,1073.51,0,37.87,Crypto,Online,Unknown,MAD
12155,2,1697.12,598,1157,Nora Khan,9/29/2023,Phone,Tech,France,Paris,210.68,848.56,444.19,0,0.06,Bank Transfer,Online,A. Johnson,MAD
12156,7,8276.03,3752.92,1703,Sofia Dubois,10/9/2024,Phone,Electronic,Morocco,Casablanca,696.95,1182.29,545.07,0,10.67,Credit Card,Partner,Unknown,USD
12157,4,1843.722,833.602,1244,Maria Smith,7/13/2024,Keyboard,Electronic,USA,New York,131.69,485.19,214.62,0.05,19.95,Cash,Online,Unknown,USD
12158,4,4550.08,-1227.74,2661,Emma Ibrahim,10/29/2023,Tablet,Electronic,USA,New York,778.74,1421.9,1247.12,0.2,10.6,Cash,Partner,S. Rossi,USD
12159,1,441.756,-46.324,2193,Emma Haddad,10/28/2023,Mouse,Tech,Morocco,Casablanca,35.76,490.84,431.09,0.1,21.23,Crypto,Direct,S. Rossi,MAD
12160,3,3548.9625,1194.4125,2814,Lucas Khan,11/13/2023,Tablet,Gadgets,Spain,Madrid,527.1,1245.25,599.99,0.05,27.48,Credit Card,Retail,K. Haddad,USD
12161,5,4691.2425,2438.5625,1427,Mariam Rossi,12/4/2024,Mouse,Tech,Morocco,Casablanca,0,987.63,441.93,0.05,43.03,Bank Transfer,Online,Unknown,USD
12162,4,1273.456,563.596,2280,Youssef Garcia,2/12/2023,Tablet,Tech,Germany,Berlin,111.22,335.12,147.25,0.05,9.64,Credit Card,Online,Unknown,MAD
12163,7,9028.908,3931.588,2190,Lucas Kowalski,2/21/2025,Keyboard,Tech,Spain,Madrid,700.57,1433.16,628.01,0.1,0.68,Cash,Retail,A. Johnson,USD
12164,7,9854.53,3549.31,1517,Sara Rossi,1/31/2023,Laptop,Gadgets,Spain,Madrid,1661.36,1407.79,662.79,0,4.33,Credit Card,Online,M. Lopez,USD
12165,6,5486.256,1364.926,1177,Mariam Dubois,1/15/2025,Monitor,Electronic,Morocco,Casablanca,711.41,1142.97,566.18,0.2,12.84,Bank Transfer,Retail,A. Johnson,EUR
12166,1,1321.4,75.59,2235,Emma Silva,3/10/2024,Laptop,Electronic,Morocco,Casablanca,87.35,1321.4,1148.09,0,10.37,PayPal,Online,A. Johnson,USD
12167,3,4256.1045,2379.7545,1431,Fatima Garcia,9/6/2024,Tablet,Tech,USA,New York,392.22,1493.37,491,0.05,11.13,Crypto,Online,Unknown,USD
12168,7,6616.848,-1567.272,1777,Emma Ibrahim,8/11/2023,Keyboard,Tech,Morocco,Casablanca,1019.09,1181.58,1021.77,0.2,12.64,Crypto,Online,M. Lopez,MAD
12169,4,5068.244,2264.294,2275,Maria Garcia,1/9/2024,Mouse,Tech,Morocco,Casablanca,0,1490.66,689.63,0.15,45.43,Bank Transfer,Retail,A. Johnson,MAD
12170,2,1530.663,-235.097,1761,Leo Khan,3/9/2025,Tablet,Tech,USA,New York,259.8,900.39,743.08,0.15,19.8,Credit Card,Partner,L. Martin,USD
12171,5,2802.62,118.92,2090,Noah Khan,3/7/2023,Headphone,Electronic,USA,New York,478.87,659.44,437.84,0.15,15.63,PayPal,Online,Unknown,USD
12172,6,7282.491,2340.711,1649,Emma Chen,11/21/2024,Mouse,Gadgets,Morocco,Casablanca,647.05,1277.63,710.35,0.05,32.63,Credit Card,Online,A. Johnson,USD
12173,7,7537.579,762.789,1347,Lucas Dubois,10/22/2024,Keyboard,Gadgets,Spain,Madrid,1477.83,1266.82,752.43,0.15,29.95,Cash,Retail,K. Haddad,USD
12174,2,1267.996,126.606,1253,Nora Rahmani,6/26/2024,Laptop,Electronic,Spain,Madrid,152.55,745.88,491,0.15,6.84,Bank Transfer,Online,S. Rossi,USD
12175,4,3391.04,366.82,2903,Nora Rahmani,10/10/2023,Phone,Tech,Morocco,Casablanca,487.24,847.76,623.85,0,41.58,Bank Transfer,Retail,A. Johnson,EUR
12176,3,885.1815,-708.1285,2680,Ali Kowalski,1/23/2025,Mouse,Electronic,Morocco,Casablanca,112.25,347.13,491,0.15,8.06,Credit Card,Partner,M. Lopez,MAD
12177,3,2631.24,-258.29,2458,Sara Kowalski,7/4/2023,Headphone,Tech,Morocco,Casablanca,185.03,1096.35,894.08,0.2,22.26,Credit Card,Direct,L. Martin,USD
12178,7,1508.619,-2104.951,2846,Fatima Khan,5/21/2024,Phone,Electronic,Germany,Berlin,168.56,226.86,491,0.05,8.01,PayPal,Online,S. Rossi,MAD
12179,4,431.664,-56.776,1426,Ali Lopez,12/9/2024,Keyboard,Electronic,UAE,Dubai,48.02,126.96,106.39,0.15,14.86,Bank Transfer,Online,Unknown,USD
12180,2,2127.216,-209.924,2529,Maria Khan,2/27/2023,Tablet,Tech,Spain,Madrid,266.04,1329.51,1012.95,0.2,45.2,Bank Transfer,Direct,M. Lopez,USD
12181,3,1193.304,-14.076,2061,Ahmed Garcia,12/29/2023,Keyboard,Electronic,Spain,Madrid,174.79,497.21,340.38,0.2,11.45,Cash,Online,K. Haddad,USD
12182,4,2821.536,645.886,2579,Sofia Ibrahim,6/1/2024,Mouse,Tech,France,Paris,346.6,783.76,449.08,0.1,32.73,Credit Card,Online,Unknown,EUR
12183,7,7040.516,-53.724,1264,Ahmed Smith,4/2/2024,Keyboard,Gadgets,Germany,Berlin,833.67,1183.28,894.24,0.15,0.89,Cash,Partner,S. Rossi,MAD
12184,6,6217.074,-471.146,2443,Ahmed Chen,12/20/2023,Keyboard,Electronic,France,Paris,986.25,1151.31,943.99,0.1,38.03,Credit Card,Partner,K. Haddad,MAD
12185,3,2574.0345,1107.1145,1427,Fatima Chen,1/2/2025,Phone,Electronic,USA,New York,176.14,903.17,416.7,0.05,40.68,Credit Card,Retail,A. Johnson,MAD
12186,5,5159.26,529.44,1257,Fatima Lopez,10/26/2024,Phone,Gadgets,Germany,Berlin,549.71,1086.16,815.66,0.05,1.81,Crypto,Online,S. Rossi,EUR
12187,2,578.576,-120.584,1627,Sara Haddad,7/14/2024,Laptop,Electronic,UAE,Dubai,79.28,361.61,298.1,0.2,23.68,Credit Card,Retail,L. Martin,USD
12188,5,4569.76,457.63,1623,Luis Chen,11/1/2024,Phone,Gadgets,France,Paris,862.77,1142.44,648.14,0.2,8.66,Bank Transfer,Partner,K. Haddad,USD
12189,3,1267.8,-128.61,1991,Leo Haddad,3/12/2024,Laptop,Electronic,Morocco,Casablanca,169.5,528.25,408.32,0.2,1.95,Credit Card,Retail,Unknown,EUR
12190,5,529.8625,-28.0875,2048,Youssef Rahmani,11/18/2023,Mouse,Gadgets,Morocco,Casablanca,78.18,111.55,86.15,0.05,49.02,PayPal,Online,M. Lopez,USD
12191,7,9184.35,3102.8,2105,Noah Kowalski,8/11/2024,Keyboard,Electronic,Morocco,Casablanca,853.13,1312.05,745.84,0,7.54,Crypto,Retail,L. Martin,MAD
12192,3,3418.128,346.338,1652,Ahmed Chen,3/10/2025,Monitor,Gadgets,France,Paris,551.78,1424.22,824.02,0.2,47.95,Bank Transfer,Direct,Unknown,USD
12193,2,1454.31,-150.05,2690,Luis Haddad,7/25/2024,Keyboard,Electronic,UAE,Dubai,226.05,807.95,686.23,0.1,5.85,Cash,Online,L. Martin,EUR
12194,7,10118.78,839.19,1296,Ahmed Rahmani,8/19/2024,Laptop,Electronic,UAE,Dubai,1631.46,1445.54,1089.41,0,22.26,Credit Card,Partner,Unknown,USD
12195,1,539.06,130.22,2113,Sara Lopez,9/7/2024,Keyboard,Tech,USA,New York,90.3,539.06,289.31,0,29.23,Crypto,Partner,M. Lopez,USD
12196,1,314.739,-32.451,2489,Sofia Garcia,8/8/2023,Keyboard,Tech,Germany,Berlin,48.09,349.71,254.14,0.1,44.96,Cash,Online,K. Haddad,USD
12197,6,6916.32,1.25,1233,Sofia Kowalski,12/26/2024,Laptop,Tech,Germany,Berlin,1020.73,1152.72,977.32,0,30.42,Credit Card,Online,A. Johnson,USD
12198,5,159.695,35.895,1724,Sara Dubois,3/26/2025,Smartphone,Tech,UAE,Dubai,17.49,33.62,16.81,0.05,22.26,Credit Card,Partner,M. Lopez,USD
12199,7,9076.473,1498.313,1391,Ali Ibrahim,12/18/2024,Tablet,Gadgets,Morocco,Casablanca,1599.65,1440.71,849.36,0.1,32.99,Crypto,Retail,M. Lopez,USD
12200,5,606.06,64.59,2524,Noah Kowalski,1/18/2024,Keyboard,Gadgets,France,Paris,54.63,134.68,93.82,0.1,17.74,Crypto,Online,M. Lopez,USD
12201,4,5225.836,1144.506,1831,Ali Benali,9/21/2024,Mouse,Tech,France,Paris,486.27,1375.22,892.48,0.05,25.14,Credit Card,Online,A. Johnson,USD
12202,3,2807.022,711.772,2662,Sofia Chen,1/27/2025,Keyboard,Tech,USA,New York,171.68,984.92,633.77,0.05,22.26,Credit Card,Retail,Unknown,USD
12203,7,5686.947,421.717,2134,Nora Smith,10/2/2024,Phone,Electronic,Morocco,Casablanca,1121.11,902.69,587.06,0.1,34.7,Bank Transfer,Online,M. Lopez,MAD
12204,1,371.61,136.24,2751,Emma Rahmani,6/21/2024,Mouse,Electronic,Morocco,Casablanca,19.66,412.9,208.25,0.1,7.46,Credit Card,Retail,Unknown,EUR
12205,6,-4703.184,-7669.094,2947,Luis Benali,7/26/2024,Mouse,Electronic,Germany,Berlin,388.08,-870.96,425.36,0.1,25.67,Credit Card,Online,K. Haddad,USD
12206,6,258.96,111.22,1452,Fatima Khan,6/7/2025,Headphone,Tech,Morocco,Casablanca,31.96,43.16,18.65,0,3.88,Credit Card,Retail,Unknown,EUR
12207,6,2293.92,477.32,1826,Emma Haddad,10/29/2023,Keyboard,Electronic,Morocco,Casablanca,214.08,382.32,262.72,0,26.2,Cash,Direct,L. Martin,USD
12208,5,3253.1325,652.7325,2402,Emma Ibrahim,3/14/2023,Tablet,Tech,Spain,Madrid,468.54,684.87,421.92,0.05,22.26,Credit Card,Direct,L. Martin,USD
12209,6,857.106,-51.144,1420,Sara Haddad,3/21/2024,Laptop,Tech,Morocco,Casablanca,0,168.06,145.71,0.15,33.99,PayPal,Online,Unknown,USD
12210,1,588.93,80.1,1277,Emma Ibrahim,5/13/2023,Smartphone,Tech,Spain,Madrid,47.08,588.93,433.64,0,28.11,PayPal,Online,M. Lopez,USD
12211,5,5877.4125,1089.2625,2401,Fatima Kowalski,3/28/2025,Laptop,Gadgets,UAE,Dubai,1035.24,1237.35,746.13,0.05,22.26,PayPal,Online,L. Martin,EUR
12212,4,2499.84,32.5,1599,Sofia Lopez,12/15/2024,Laptop,Tech,France,Paris,455.08,781.2,497.5,0.2,22.26,Credit Card,Partner,Unknown,USD
12213,1,543.768,146.968,1129,John Rahmani,5/29/2023,Headphone,Tech,UAE,Dubai,41.86,679.71,354.93,0.2,0.01,Credit Card,Partner,Unknown,USD
12214,1,860.355,80.005,1657,Sara Kowalski,8/18/2024,Phone,Electronic,Spain,Madrid,92.45,955.95,665.8,0.1,22.1,Crypto,Online,K. Haddad,USD
12215,1,1144.674,-26.386,1741,Maria Chen,8/11/2024,Phone,Tech,USA,New York,89.33,1204.92,1067.65,0.05,14.08,Crypto,Online,K. Haddad,USD
12216,1,283.73,108.11,1367,Ali Dubois,5/6/2024,Tablet,Electronic,USA,New York,32.07,283.73,119.35,0,24.2,PayPal,Online,Unknown,USD
12217,3,2558.4,-25,1897,Maria Chen,8/12/2024,Laptop,Electronic,Morocco,Casablanca,294.83,852.8,756.69,0,18.5,Bank Transfer,Online,Unknown,MAD
12218,2,809.658,162.508,2366,Ahmed Lopez,2/11/2025,Tablet,Tech,Morocco,Casablanca,128.53,449.81,248.18,0.1,22.26,Credit Card,Online,K. Haddad,EUR
12219,2,622.464,-124.536,1027,Nora Ibrahim,5/29/2023,Monitor,Gadgets,Morocco,Casablanca,108.57,389.04,314.54,0.2,9.35,Credit Card,Online,Unknown,USD
12220,6,6761.232,2449.572,1188,Ali Chen,10/12/2024,Headphone,Electronic,Morocco,Casablanca,694.58,1408.59,594.63,0.2,49.3,Bank Transfer,Online,A. Johnson,USD
12221,2,411.876,105.816,2518,John Smith,4/10/2023,Smartphone,Tech,France,Paris,60.51,228.82,105.93,0.1,33.69,Bank Transfer,Partner,K. Haddad,USD
12222,7,5835.312,1751.902,2429,Ali Haddad,12/21/2024,Headphone,Electronic,Morocco,Casablanca,724.09,1042.02,476.18,0.2,26.06,Crypto,Online,A. Johnson,USD
12223,6,3771.348,997.598,1335,Youssef Dubois,8/28/2024,Keyboard,Gadgets,France,Paris,255.46,661.64,419.21,0.05,3.03,Credit Card,Online,K. Haddad,EUR
12224,6,1254.447,-209.133,2817,Fatima Ibrahim,9/4/2024,Mouse,Tech,France,Paris,195.42,245.97,207.45,0.15,23.46,Credit Card,Partner,A. Johnson,MAD
12225,3,2135.241,278.731,1473,Youssef Haddad,7/21/2024,Tablet,Electronic,Germany,Berlin,199.31,790.83,549.79,0.1,7.83,PayPal,Direct,M. Lopez,USD
12226,7,229.558,44.058,1899,Maria Lopez,2/16/2025,Keyboard,Gadgets,Germany,Berlin,17.32,34.52,18.08,0.05,41.62,Cash,Online,L. Martin,EUR
12227,3,3380.211,604.491,1371,Youssef Rahmani,7/3/2023,Headphone,Electronic,USA,New York,0,1251.93,918.79,0.1,19.35,Bank Transfer,Direct,A. Johnson,USD
12228,3,332.046,20.726,2336,Nora Haddad,10/20/2023,Headphone,Electronic,Germany,Berlin,63.67,122.98,79.71,0.1,8.52,PayPal,Direct,S. Rossi,MAD
12229,5,933.3,-94.73,2497,John Smith,6/10/2024,Tablet,Electronic,USA,New York,183.39,207.4,167.52,0.1,7.04,Crypto,Partner,K. Haddad,MAD
12230,1,887.82,299.15,1515,Leo Silva,10/26/2023,Headphone,Tech,USA,New York,176.97,887.82,389.44,0,22.26,PayPal,Online,S. Rossi,EUR
12231,6,2857.632,388.532,2958,Lucas Dubois,2/24/2024,Laptop,Electronic,USA,New York,339.59,560.32,352.45,0.15,14.81,Credit Card,Retail,Unknown,MAD
12232,1,44.593,12.363,2194,Sofia Rahmani,9/29/2024,Mouse,Electronic,Morocco,Casablanca,5.5,46.94,21.79,0.05,4.94,Credit Card,Retail,K. Haddad,USD
12233,3,2923.17,366,1300,Lucas Lopez,8/22/2024,Smartphone,Gadgets,Germany,Berlin,463.61,974.39,690.05,0,23.41,Credit Card,Retail,S. Rossi,USD
12234,1,824.828,-45.342,1113,Youssef Lopez,8/2/2024,Headphone,Tech,UAE,Dubai,85.21,868.24,771.64,0.05,13.32,Credit Card,Partner,Unknown,EUR
12235,3,3962.8965,1432.9165,2893,Leo Rahmani,1/14/2025,Mouse,Electronic,Morocco,Casablanca,768.06,1390.49,572.75,0.05,43.67,Crypto,Online,A. Johnson,EUR
12236,6,4299.696,1723.266,1024,Ahmed Rossi,4/22/2025,Tablet,Electronic,Morocco,Casablanca,315.93,796.24,373.04,0.1,22.26,Crypto,Online,A. Johnson,MAD
12237,5,3758.985,750.025,2186,Ahmed Silva,11/29/2024,Tablet,Electronic,Spain,Madrid,436.89,835.33,505.67,0.1,43.72,Crypto,Retail,L. Martin,EUR
12238,3,2358.78,1027.38,2306,Lucas Khan,10/14/2023,Phone,Gadgets,Morocco,Casablanca,367.3,786.26,317.95,0,10.25,PayPal,Retail,M. Lopez,EUR
12239,2,1021.782,-38.868,1265,Mariam Rossi,7/6/2023,Smartphone,Electronic,Morocco,Casablanca,195.02,537.78,420.07,0.05,25.49,Credit Card,Online,A. Johnson,USD
12240,5,3017.0325,652.4425,1763,Maria Lopez,11/25/2023,Smartphone,Tech,USA,New York,536.11,709.89,358.11,0.15,37.93,Bank Transfer,Online,K. Haddad,MAD
12241,7,4469.9305,62.8205,2785,Noah Kowalski,8/15/2023,Monitor,Electronic,Spain,Madrid,891,672.17,496.19,0.05,42.78,PayPal,Online,S. Rossi,EUR
12242,1,688.4915,-129.1585,2275,Maria Haddad,11/18/2023,Keyboard,Tech,France,Paris,65.18,809.99,710.88,0.15,41.59,Credit Card,Retail,Unknown,USD
12243,1,592.911,45.291,2584,Youssef Smith,10/31/2023,Monitor,Electronic,USA,New York,0,658.79,536.36,0.1,11.26,Credit Card,Direct,Unknown,USD
12244,3,3845.718,1532.588,1665,Leo Chen,5/1/2023,Headphone,Tech,Morocco,Casablanca,454.78,1424.34,613.02,0.1,19.29,Bank Transfer,Online,M. Lopez,EUR
12245,5,1371.6,339.44,2421,Nora Kowalski,9/8/2023,Monitor,Tech,UAE,Dubai,210.99,274.32,158.85,0,26.92,Credit Card,Retail,M. Lopez,USD
12246,3,3062.397,-0.143,2830,Leo Smith,1/1/2023,Keyboard,Tech,Spain,Madrid,589.48,1200.94,822.03,0.15,6.97,PayPal,Online,M. Lopez,USD
12247,2,2224,296.8,1136,Sofia Silva,9/2/2024,Mouse,Tech,UAE,Dubai,437.45,1112,743.87,0,2.01,Cash,Online,L. Martin,USD
12248,7,2151.576,902.456,1064,Ahmed Benali,8/3/2024,Tablet,Tech,Germany,Berlin,180.22,341.52,147.73,0.1,34.79,PayPal,Online,L. Martin,USD
12249,2,2126.32,953.65,2807,Nora Benali,10/3/2024,Keyboard,Gadgets,Germany,Berlin,133.14,1063.16,507.87,0,23.79,Bank Transfer,Retail,A. Johnson,USD
12250,5,6371.6025,-216.7875,2694,Leo Benali,12/16/2024,Keyboard,Tech,Spain,Madrid,1164.8,1341.39,1076.53,0.05,40.94,Bank Transfer,Partner,K. Haddad,USD
12251,1,888.849,105.309,2554,Ali Kowalski,9/3/2024,Monitor,Tech,UAE,Dubai,136.49,987.61,611.35,0.1,35.7,Credit Card,Partner,Unknown,USD
12252,2,221.04,35.87,2187,Noah Rossi,8/5/2024,Keyboard,Electronic,Morocco,Casablanca,31.89,138.15,65.51,0.2,22.26,Credit Card,Online,L. Martin,EUR
12253,3,3116.256,966.226,2717,Mariam Kowalski,1/10/2024,Monitor,Electronic,Germany,Berlin,329.51,1298.44,599.42,0.2,22.26,Bank Transfer,Online,K. Haddad,USD
12254,7,4865.077,336.237,1632,Noah Rossi,10/2/2024,Headphone,Tech,Morocco,Casablanca,326.53,817.66,598.14,0.15,15.33,Credit Card,Retail,Unknown,EUR
12255,6,6030.342,906.312,2241,Ahmed Khan,12/19/2024,Tablet,Tech,Morocco,Casablanca,638.43,1182.42,743.89,0.15,22.26,PayPal,Partner,Unknown,MAD
12256,6,1630.098,-13.612,1739,Ahmed Khan,3/29/2023,Mouse,Tech,USA,New York,0,301.87,269.06,0.1,29.35,Credit Card,Online,S. Rossi,EUR
12257,2,1099.594,252.164,1017,Fatima Lopez,3/12/2023,Laptop,Electronic,USA,New York,169.83,646.82,318.99,0.15,39.62,Bank Transfer,Direct,K. Haddad,USD
12258,3,276.345,-46.275,2803,Emma Chen,7/23/2023,Laptop,Tech,USA,New York,54.57,102.35,81.93,0.1,22.26,PayPal,Retail,M. Lopez,USD
12259,5,263.1,65.38,2647,Youssef Rahmani,5/8/2023,Tablet,Tech,Germany,Berlin,44.34,52.62,22.11,0,42.83,Crypto,Partner,M. Lopez,USD
12260,6,1491.534,319.304,2972,Youssef Rossi,5/17/2024,Mouse,Tech,USA,New York,248.02,276.21,146.11,0.1,47.55,Bank Transfer,Online,L. Martin,EUR
12261,5,5061.885,-8.695,1065,Ahmed Rossi,6/28/2023,Monitor,Tech,France,Paris,879.53,1065.66,831.48,0.05,33.65,Cash,Partner,M. Lopez,USD
12262,4,2695.572,824.422,1262,Ahmed Haddad,5/13/2023,Smartphone,Electronic,Morocco,Casablanca,371.77,748.77,369.28,0.1,22.26,Crypto,Online,M. Lopez,EUR
12263,7,3299.247,81.627,1925,Luis Chen,3/19/2025,Headphone,Tech,Morocco,Casablanca,620.45,523.69,365.77,0.1,36.78,Credit Card,Partner,Unknown,USD
12264,3,3103.503,125.913,2624,Fatima Kowalski,4/19/2023,Laptop,Electronic,USA,New York,448.81,1217.06,834.15,0.15,26.33,Crypto,Partner,Unknown,USD
12265,5,5902.44,1724.44,1064,Leo Lopez,7/27/2024,Tablet,Tech,USA,New York,328.9,1475.61,769.19,0.2,3.15,PayPal,Retail,L. Martin,USD
12266,6,1766.178,584.628,1088,Sofia Smith,11/9/2024,Headphone,Gadgets,Morocco,Casablanca,99.04,327.07,173.7,0.1,40.31,Bank Transfer,Online,K. Haddad,MAD
12267,7,5002.641,-415.879,2492,Sofia Ibrahim,8/14/2024,Laptop,Tech,Morocco,Casablanca,707.77,840.78,672.55,0.15,2.9,Crypto,Online,A. Johnson,USD
12268,1,128.295,-24.855,2480,Ali Benali,8/23/2024,Keyboard,Electronic,France,Paris,10.21,142.55,116.02,0.1,26.92,Credit Card,Online,L. Martin,EUR
12269,5,2997.84,134.37,2084,Nora Garcia,3/29/2025,Laptop,Electronic,Germany,Berlin,153.88,749.46,537.09,0.2,24.14,PayPal,Direct,S. Rossi,MAD
12270,5,3180.7,723.65,2229,Maria Khan,10/13/2023,Laptop,Tech,France,Paris,324.81,748.4,426.02,0.15,2.14,Crypto,Direct,M. Lopez,MAD
12271,3,3091.851,690.061,1707,Mariam Silva,5/12/2024,Tablet,Electronic,France,Paris,336.22,1084.86,673.75,0.05,44.32,Cash,Partner,M. Lopez,EUR
12272,4,753.408,-124.532,1322,Nora Ibrahim,4/27/2025,Monitor,Tech,Germany,Berlin,68.62,235.44,192.02,0.2,41.24,Crypto,Partner,A. Johnson,USD
12273,7,1882.44,803.54,2733,Nora Ibrahim,1/27/2023,Tablet,Electronic,Germany,Berlin,141.97,268.92,126.91,0,48.56,Crypto,Retail,L. Martin,EUR
12274,7,4521.328,757.278,2389,Ali Silva,3/23/2023,Headphone,Electronic,Morocco,Casablanca,303.6,807.38,488.85,0.2,38.5,Cash,Online,A. Johnson,USD
12275,6,2681.28,661.46,2807,Maria Kowalski,12/25/2024,Mouse,Electronic,UAE,Dubai,533.45,558.6,240.63,0.2,42.59,Bank Transfer,Retail,A. Johnson,EUR
12276,5,6804.05,1039.97,1471,John Rahmani,8/22/2023,Headphone,Tech,USA,New York,1024.73,1360.81,942.43,0,27.2,Bank Transfer,Retail,M. Lopez,USD
12277,4,2272.248,279.758,1420,Fatima Kowalski,5/23/2023,Smartphone,Tech,USA,New York,388.08,597.96,395.87,0.05,20.93,PayPal,Retail,Unknown,USD
12278,5,661.01,127.17,2558,Sofia Kowalski,5/16/2025,Mouse,Gadgets,Germany,Berlin,37.83,139.16,94.75,0.05,22.26,PayPal,Direct,K. Haddad,EUR
12279,5,3098.65,1584.09,1548,Sara Ibrahim,7/5/2024,Keyboard,Electronic,France,Paris,203.87,619.73,260.27,0,9.34,Cash,Direct,Unknown,USD
12280,4,4048.092,1145.582,2860,Fatima Garcia,9/18/2023,Laptop,Gadgets,USA,New York,576.89,1124.47,572.94,0.1,33.86,Crypto,Online,Unknown,EUR
12281,3,1935.264,383.114,1798,Mariam Benali,6/15/2025,Tablet,Tech,UAE,Dubai,358.67,679.04,389.09,0.05,26.21,Bank Transfer,Online,S. Rossi,EUR
12282,1,936.468,-179.502,2390,Maria Haddad,5/3/2024,Tablet,Tech,USA,New York,185.9,1040.52,887.92,0.1,42.15,Cash,Retail,L. Martin,MAD
12283,6,986.556,266.976,1859,Sofia Smith,1/6/2025,Keyboard,Electronic,France,Paris,176.44,173.08,89.24,0.05,7.7,Credit Card,Partner,M. Lopez,USD
12284,5,5634.96,2206.75,1043,Sofia Silva,4/14/2024,Phone,Tech,Morocco,Casablanca,543.1,1408.74,572.33,0.2,23.46,Credit Card,Retail,L. Martin,USD
12285,5,2138.6,242.63,1778,Emma Khan,10/12/2024,Keyboard,Electronic,UAE,Dubai,256.29,534.65,320.75,0.2,35.93,Credit Card,Online,Unknown,USD
12286,5,7370.1,4189.58,1448,Nora Ibrahim,2/22/2024,Tablet,Tech,Spain,Madrid,0,1474.02,633.81,0,11.47,Bank Transfer,Online,M. Lopez,USD
12287,5,2449.0525,-49.7375,1612,Lucas Chen,4/28/2024,Mouse,Tech,Spain,Madrid,252.36,515.59,443.29,0.05,29.98,Crypto,Online,Unknown,USD
12288,6,1664.16,154.13,2800,Ali Ibrahim,7/28/2024,Monitor,Electronic,UAE,Dubai,324.93,277.36,189.32,0,49.18,Bank Transfer,Direct,K. Haddad,USD
12289,2,1245,250.85,2015,Sofia Benali,8/22/2023,Laptop,Electronic,USA,New York,147.86,622.5,404.18,0,37.93,Credit Card,Online,L. Martin,USD
12290,2,2365.405,552.895,1930,Ali Khan,8/5/2024,Monitor,Tech,Spain,Madrid,241.66,1244.95,778.85,0.05,13.15,Crypto,Online,M. Lopez,MAD
12291,1,534.684,110.524,1412,Luis Dubois,1/20/2025,Headphone,Tech,Germany,Berlin,97.62,629.04,309.44,0.15,17.1,PayPal,Online,S. Rossi,MAD
12292,6,1392.96,595.53,1401,Noah Khan,10/1/2023,Laptop,Tech,USA,New York,99.05,232.16,112.38,0,24.1,Cash,Partner,K. Haddad,USD
12293,6,890.544,-108.876,1528,Nora Benali,11/21/2024,Mouse,Electronic,Morocco,Casablanca,148.63,185.53,133.61,0.2,49.13,PayPal,Direct,K. Haddad,EUR
12294,2,2583.56,921.62,2388,Sofia Garcia,8/20/2023,Mouse,Tech,UAE,Dubai,413.58,1291.78,603.7,0,40.96,Crypto,Retail,S. Rossi,EUR
12295,4,3474.834,-186.386,1916,Ahmed Dubois,11/17/2023,Headphone,Electronic,USA,New York,661.59,1022.01,744.95,0.15,19.83,Credit Card,Partner,M. Lopez,EUR
12296,6,1029.48,375.64,2424,Sofia Rahmani,7/24/2024,Mouse,Electronic,Germany,Berlin,65.22,171.58,94.57,0,21.2,Credit Card,Online,Unknown,MAD
12297,7,6343.967,804.047,2121,Sara Dubois,9/25/2023,Keyboard,Gadgets,UAE,Dubai,1117.78,953.98,626.75,0.05,34.89,Credit Card,Online,Unknown,USD
12298,4,2051.202,920.852,2351,Emma Silva,4/8/2024,Phone,Tech,Germany,Berlin,219.83,539.79,221.47,0.05,24.64,Crypto,Direct,M. Lopez,USD
12299,5,3558.32,425.23,1316,Luis Benali,2/8/2025,Monitor,Tech,Morocco,Casablanca,652.28,889.58,491,0.2,25.81,Cash,Retail,K. Haddad,USD
12300,6,6015.024,2389.884,1799,Sara Haddad,3/16/2025,Smartphone,Electronic,UAE,Dubai,408.88,1253.13,529.55,0.2,38.96,PayPal,Partner,L. Martin,EUR
12301,7,5178.404,1358.524,1550,Fatima Chen,6/18/2024,Keyboard,Electronic,Germany,Berlin,402.26,870.32,485.31,0.15,20.45,Credit Card,Online,K. Haddad,USD
12302,3,918.792,-155.058,2313,Noah Smith,11/21/2024,Tablet,Gadgets,USA,New York,151.84,382.83,297.04,0.2,30.89,Crypto,Direct,Unknown,USD
12303,2,2710.635,136.205,1285,Lucas Lopez,11/1/2024,Laptop,Electronic,UAE,Dubai,396.01,1426.65,1081.74,0.05,14.94,Bank Transfer,Online,M. Lopez,MAD
12304,7,1135.141,198.021,2316,Mariam Benali,11/30/2023,Laptop,Gadgets,France,Paris,137.77,190.78,109.35,0.15,33.9,Bank Transfer,Partner,L. Martin,USD
12305,4,2667.096,165.666,1320,Emma Kowalski,1/8/2025,Mouse,Electronic,USA,New York,470.08,784.44,503.71,0.15,16.51,Credit Card,Online,S. Rossi,EUR
12306,5,3353.67,796.25,1867,Ahmed Benali,2/12/2025,Keyboard,Electronic,UAE,Dubai,269.61,745.26,448.98,0.1,42.91,Bank Transfer,Retail,Unknown,USD
12307,2,1288.345,76.825,2262,Emma Smith,5/4/2024,Phone,Electronic,Spain,Madrid,185.5,757.85,491,0.15,44.02,Cash,Online,L. Martin,USD
12308,5,1252.2625,13.7425,2238,Emma Rahmani,12/15/2024,Headphone,Tech,USA,New York,84.56,294.65,230.57,0.15,1.11,Crypto,Online,S. Rossi,USD
12309,1,427.527,40.817,1227,Ahmed Lopez,2/15/2024,Headphone,Gadgets,France,Paris,24.49,475.03,322.88,0.1,39.34,Bank Transfer,Online,K. Haddad,USD
12310,7,7422.6845,1978.2945,1878,Maria Rossi,5/13/2023,Keyboard,Electronic,Morocco,Casablanca,1103.19,1247.51,618.01,0.15,15.13,Credit Card,Online,A. Johnson,USD
12311,5,2091.7575,771.6875,2534,Leo Silva,5/22/2023,Mouse,Electronic,Germany,Berlin,284.34,440.37,203.45,0.05,18.48,Crypto,Online,A. Johnson,MAD
12312,6,7002.453,774.583,1409,Maria Silva,10/27/2023,Smartphone,Electronic,UAE,Dubai,845.53,1373.03,896.59,0.15,2.8,Crypto,Online,M. Lopez,USD
12313,6,4613.808,982.778,2879,Luis Haddad,10/29/2023,Monitor,Electronic,Morocco,Casablanca,663.11,961.21,491,0.2,21.92,Credit Card,Partner,S. Rossi,USD
12314,1,1075.112,238.592,2071,Youssef Silva,9/7/2023,Tablet,Electronic,USA,New York,152.69,1343.89,665.22,0.2,18.61,PayPal,Retail,S. Rossi,USD
12315,1,1374.96,35.05,1929,Luis Garcia,8/28/2024,Tablet,Tech,France,Paris,176.07,1374.96,1136.07,0,27.77,Credit Card,Online,L. Martin,MAD
12316,2,390.564,124.714,1646,Sara Khan,9/13/2024,Laptop,Gadgets,Germany,Berlin,28.38,205.56,98.73,0.05,40.01,Bank Transfer,Online,M. Lopez,USD
12317,7,1984.759,636.829,2772,John Silva,2/22/2025,Keyboard,Electronic,USA,New York,364.52,298.46,134.73,0.05,40.3,PayPal,Direct,M. Lopez,MAD
12318,2,618.624,-185.556,2810,Emma Haddad,7/29/2024,Tablet,Gadgets,Morocco,Casablanca,114.63,386.64,319.99,0.2,49.57,Credit Card,Online,Unknown,EUR
12319,3,1597.7535,209.3635,2987,Leo Benali,11/22/2023,Headphone,Electronic,USA,New York,152.12,626.57,404.67,0.15,22.26,Cash,Direct,A. Johnson,MAD
12320,6,5970.96,-221.47,2198,Mariam Rossi,10/18/2024,Keyboard,Tech,Morocco,Casablanca,320.96,1243.95,971.21,0.2,44.21,PayPal,Direct,K. Haddad,USD
12321,6,4649.292,1052.822,1140,Mariam Rahmani,4/25/2025,Laptop,Electronic,Germany,Berlin,478.75,860.98,515.91,0.1,22.26,Crypto,Online,L. Martin,USD
12322,7,1764,466.33,2993,John Garcia,11/15/2023,Laptop,Tech,UAE,Dubai,318,315,136.28,0.2,25.71,Bank Transfer,Online,L. Martin,MAD
12323,6,8364.693,706.613,1314,John Kowalski,3/11/2024,Phone,Electronic,Morocco,Casablanca,439.43,1467.49,1195.95,0.05,42.95,Bank Transfer,Online,M. Lopez,EUR
12324,2,2908.14,397.99,2058,Fatima Lopez,5/28/2024,Tablet,Gadgets,Morocco,Casablanca,398.43,1454.07,1036.49,0,38.74,Crypto,Retail,A. Johnson,MAD
12325,6,7219.26,528.48,2594,Lucas Silva,9/22/2023,Tablet,Electronic,UAE,Dubai,1363.81,1336.9,884.8,0.1,18.17,Cash,Retail,M. Lopez,MAD
12326,7,3662.82,1207.65,1200,Nora Lopez,5/15/2023,Laptop,Gadgets,France,Paris,306.95,615.6,304.1,0.15,19.52,Cash,Online,Unknown,USD
12327,2,1982.214,-362.936,2519,Lucas Silva,5/26/2023,Smartphone,Tech,USA,New York,378.71,1101.23,972.09,0.1,22.26,Crypto,Direct,S. Rossi,USD
12328,5,304.32,-1.21,1727,Leo Benali,9/19/2024,Smartphone,Tech,USA,New York,30.88,76.08,53.95,0.2,4.9,Bank Transfer,Retail,M. Lopez,MAD
12329,3,1828.416,409.756,1027,Sofia Dubois,2/28/2024,Mouse,Electronic,Germany,Berlin,213,761.84,395.84,0.2,18.14,Credit Card,Direct,L. Martin,USD
12330,3,1032.66,296.54,2551,Luis Lopez,3/31/2025,Headphone,Tech,Spain,Madrid,51.84,344.22,223.45,0,13.93,Credit Card,Online,A. Johnson,USD
12331,4,1265.324,132.554,1584,Sofia Rossi,8/3/2024,Keyboard,Tech,Morocco,Casablanca,232.28,332.98,213.48,0.05,46.57,Crypto,Online,S. Rossi,EUR
12332,2,1340.042,-158.298,1477,Maria Dubois,2/18/2024,Headphone,Tech,Morocco,Casablanca,208.03,788.26,634.71,0.15,20.89,Cash,Partner,M. Lopez,MAD
12333,2,1999.692,838.942,1272,Lucas Silva,5/29/2025,Tablet,Tech,Spain,Madrid,167.23,1110.94,491,0.1,11.52,Credit Card,Online,K. Haddad,USD
12334,5,4805.16,-457.17,1194,Ahmed Rahmani,2/1/2025,Smartphone,Electronic,UAE,Dubai,467.7,1201.29,952.99,0.2,29.68,Crypto,Retail,A. Johnson,USD
12335,3,2586.048,-91.922,1533,Nora Benali,1/6/2024,Mouse,Tech,USA,New York,205.39,1077.52,809.83,0.2,43.09,Crypto,Online,K. Haddad,USD
12336,1,280.653,1.423,1674,Youssef Smith,11/10/2024,Tablet,Gadgets,USA,New York,49.49,330.18,200.97,0.15,28.77,Credit Card,Online,L. Martin,USD
12337,5,4426.4175,1121.0575,2840,Ali Garcia,8/5/2024,Mouse,Tech,Morocco,Casablanca,834.55,1041.51,491,0.15,15.81,Credit Card,Online,A. Johnson,EUR
12338,7,3592.176,1035.546,2563,Luis Chen,2/21/2024,Laptop,Electronic,Morocco,Casablanca,314.5,641.46,318.88,0.2,9.97,Cash,Retail,Unknown,EUR
12339,5,227.715,-26.695,1119,Luis Ibrahim,6/20/2024,Mouse,Gadgets,Germany,Berlin,12.55,53.58,46.37,0.15,10.01,Bank Transfer,Direct,L. Martin,USD
12340,4,490.428,-1567.312,1219,Maria Lopez,4/18/2025,Laptop,Tech,Germany,Berlin,89.97,129.06,491,0.05,3.77,Bank Transfer,Retail,M. Lopez,USD
12341,3,771.192,199.282,1939,Youssef Khan,12/18/2023,Mouse,Gadgets,Germany,Berlin,47.13,321.33,173.67,0.2,3.77,Credit Card,Partner,Unknown,EUR
12342,4,2609.056,151.386,2419,Emma Rahmani,4/7/2025,Keyboard,Gadgets,France,Paris,490.21,815.33,491,0.2,3.46,Crypto,Online,A. Johnson,MAD
12343,6,762.831,273.851,2440,Sofia Smith,12/8/2024,Mouse,Tech,France,Paris,71.55,133.83,67.26,0.05,13.87,Crypto,Online,Unknown,EUR
12344,5,582.3025,170.3225,2441,Ali Dubois,4/12/2024,Mouse,Electronic,USA,New York,81.96,122.59,64.82,0.05,5.92,Bank Transfer,Online,S. Rossi,MAD
12345,5,5056.3,1528.16,2239,Luis Haddad,9/3/2023,Tablet,Electronic,Morocco,Casablanca,641.88,1011.26,568.18,0,45.36,Cash,Online,Unknown,EUR
12346,5,498.1425,123.0825,2005,Sara Kowalski,7/21/2023,Keyboard,Electronic,UAE,Dubai,44.76,117.21,61.48,0.15,22.9,Crypto,Retail,S. Rossi,USD
12347,6,1870.992,57.722,1141,Youssef Dubois,8/12/2024,Keyboard,Tech,UAE,Dubai,234.58,389.79,260.3,0.2,16.89,Cash,Online,Unknown,EUR
12348,5,4185.7825,-805.1975,2618,Youssef Silva,2/4/2024,Headphone,Tech,Morocco,Casablanca,735.99,984.89,843.39,0.15,38.04,Credit Card,Retail,Unknown,USD
12349,3,890.307,-227.223,2616,Mariam Chen,7/16/2023,Tablet,Tech,Morocco,Casablanca,177.83,349.14,305.88,0.15,22.06,Cash,Direct,L. Martin,USD
12350,2,1279.52,331.64,2044,John Rossi,4/10/2025,Laptop,Electronic,Germany,Berlin,147.24,639.76,389.77,0,21.1,PayPal,Retail,S. Rossi,MAD
12351,6,5827.41,-653.6,1459,Maria Ibrahim,3/19/2023,Smartphone,Gadgets,Morocco,Casablanca,1000.76,1079.15,911.36,0.1,12.09,Bank Transfer,Online,K. Haddad,EUR
12352,4,3936.282,-525.668,1708,Sofia Haddad,9/19/2023,Laptop,Tech,France,Paris,555.41,1157.73,971.07,0.15,22.26,Cash,Partner,L. Martin,USD
12353,7,8622.257,711.477,1704,Sofia Kowalski,1/12/2025,Smartphone,Electronic,USA,New York,1210.8,1296.58,953.96,0.05,22.26,Credit Card,Partner,A. Johnson,EUR
12354,7,7569.695,81.795,2497,Noah Khan,1/17/2025,Headphone,Tech,Spain,Madrid,1386.38,1138.3,870.18,0.05,10.26,Credit Card,Retail,Unknown,USD
12355,6,1130.736,141.416,2181,Noah Silva,4/25/2024,Laptop,Electronic,Spain,Madrid,147.01,235.57,133.37,0.2,42.09,Crypto,Partner,S. Rossi,USD
12356,1,1194.15,65.67,2666,Emma Dubois,12/26/2023,Headphone,Tech,UAE,Dubai,164.21,1194.15,936.82,0,27.45,Cash,Online,L. Martin,MAD
12357,1,548.973,-40.167,2481,Youssef Garcia,7/23/2023,Laptop,Electronic,Morocco,Casablanca,74.06,609.97,475.26,0.1,39.82,Credit Card,Online,L. Martin,EUR
12358,2,626.56,45.58,1355,Fatima Khan,12/22/2023,Keyboard,Electronic,Germany,Berlin,49.93,391.6,254.48,0.2,22.09,Credit Card,Partner,K. Haddad,USD
12359,7,2171.043,564.603,1448,Luis Ibrahim,3/8/2024,Laptop,Tech,Spain,Madrid,327.1,344.61,182.28,0.1,3.38,Credit Card,Partner,K. Haddad,EUR
12360,3,3789.6315,1165.5415,2047,Leo Kowalski,6/22/2024,Tablet,Electronic,USA,New York,207.75,1486.13,791.61,0.15,41.51,Bank Transfer,Retail,K. Haddad,EUR
12361,1,244.216,-6.994,1609,Sofia Silva,10/19/2024,Keyboard,Electronic,Morocco,Casablanca,18.85,305.27,227.18,0.2,5.18,Cash,Online,L. Martin,USD
12362,4,4502.144,991.264,1746,Luis Kowalski,4/16/2025,Headphone,Electronic,USA,New York,554.33,1324.16,731.07,0.15,32.27,Cash,Online,K. Haddad,USD
12363,5,4856.97,245.79,2658,Sofia Haddad,4/12/2023,Smartphone,Gadgets,USA,New York,686.59,1022.52,781.08,0.05,19.19,Credit Card,Direct,S. Rossi,USD
12364,7,8684.235,2302.885,1226,Maria Silva,9/30/2023,Keyboard,Tech,Morocco,Casablanca,828.29,1305.9,793.23,0.05,0.45,Bank Transfer,Partner,A. Johnson,EUR
12365,3,3081.2205,456.8705,2427,John Ibrahim,3/2/2024,Phone,Gadgets,USA,New York,359.92,1081.13,747.39,0.05,22.26,Bank Transfer,Online,Unknown,USD
12366,7,4115.3175,371.7075,2453,Maria Dubois,11/5/2024,Laptop,Electronic,Germany,Berlin,257.61,691.65,494.63,0.15,23.59,Crypto,Online,S. Rossi,MAD
12367,2,127.433,21.183,1000,Mariam Haddad,12/24/2023,Mouse,Gadgets,France,Paris,14.75,67.07,41.96,0.05,7.58,Cash,Online,A. Johnson,MAD
12368,5,1780.395,622.485,2568,Noah Garcia,4/2/2024,Headphone,Tech,Morocco,Casablanca,290.19,374.82,168.67,0.05,24.37,Bank Transfer,Online,Unknown,USD
12369,1,1135.072,436.112,1847,Lucas Benali,5/8/2024,Tablet,Electronic,USA,New York,161.37,1418.84,491,0.2,46.59,PayPal,Online,A. Johnson,USD
12370,6,2461.944,1006.764,1420,Ali Benali,7/6/2024,Phone,Electronic,Germany,Berlin,151.48,431.92,211.7,0.05,33.5,Cash,Partner,A. Johnson,EUR
12371,6,6649.533,1116.343,2859,Emma Ibrahim,6/25/2023,Headphone,Gadgets,USA,New York,543.42,1303.83,830.58,0.15,6.29,Cash,Direct,S. Rossi,EUR
12372,3,2433.105,714.505,1793,Emma Rahmani,2/4/2025,Laptop,Tech,France,Paris,149.51,901.15,514.89,0.1,24.42,PayPal,Direct,Unknown,USD
12373,7,7868.56,-1972.51,2279,Emma Lopez,12/8/2023,Tablet,Gadgets,USA,New York,1183.63,1405.1,1233.45,0.2,23.29,Cash,Online,L. Martin,USD
12374,7,3430.336,1071.406,2308,Sofia Rahmani,3/25/2024,Headphone,Electronic,USA,New York,287.67,612.56,294.98,0.2,6.4,Bank Transfer,Retail,K. Haddad,USD
12375,7,5870.9525,1667.2625,1875,Ali Kowalski,8/20/2024,Mouse,Tech,Morocco,Casablanca,720.61,882.85,491,0.05,46.08,Credit Card,Online,M. Lopez,EUR
12376,6,4859.808,-782.552,2236,Noah Haddad,11/29/2023,Mouse,Tech,Germany,Berlin,475.44,1012.46,857.75,0.2,20.42,Crypto,Retail,Unknown,MAD
12377,3,2340.03,338.1,2897,Ahmed Smith,6/30/2024,Smartphone,Gadgets,USA,New York,342.41,780.01,549.72,0,10.36,PayPal,Direct,Unknown,USD
12378,1,500.3935,186.7535,1105,Mariam Rahmani,8/5/2024,Laptop,Electronic,Spain,Madrid,27.2,526.73,280.92,0.05,5.52,Cash,Online,Unknown,EUR
12379,5,2778.21,580.4,2212,Youssef Kowalski,12/30/2023,Headphone,Tech,Morocco,Casablanca,468.12,617.38,344.74,0.1,5.99,PayPal,Direct,L. Martin,MAD
12380,6,3834.12,341.8,2189,John Ibrahim,5/26/2023,Phone,Gadgets,Germany,Berlin,600.12,639.02,478.92,0,18.68,Crypto,Retail,Unknown,USD
12381,5,5315.4,340.01,1498,Leo Ibrahim,4/4/2024,Tablet,Tech,USA,New York,563.54,1063.08,877.47,0,24.5,Crypto,Retail,A. Johnson,MAD
12382,6,1854,-146.45,1364,Ahmed Ibrahim,11/1/2024,Mouse,Tech,UAE,Dubai,361.87,386.25,270.47,0.2,15.76,Cash,Direct,A. Johnson,MAD
12383,6,3904.842,754.532,1402,Noah Haddad,7/24/2023,Laptop,Electronic,UAE,Dubai,473.67,685.06,442.96,0.05,18.88,PayPal,Direct,A. Johnson,EUR
12384,3,2643.84,-21.22,1323,Leo Khan,7/21/2024,Phone,Gadgets,Morocco,Casablanca,528.07,881.28,698.91,0,40.26,Cash,Online,Unknown,MAD
12385,7,8763.489,3632.519,1238,Ahmed Kowalski,12/27/2024,Headphone,Gadgets,Germany,Berlin,818.79,1391.03,615.46,0.1,3.96,Crypto,Online,S. Rossi,USD
12386,1,238.2295,-295.7705,2089,Nora Benali,8/14/2024,Monitor,Gadgets,USA,New York,21.82,280.27,491,0.15,21.18,Credit Card,Direct,Unknown,USD
12387,5,5210.64,1715.61,2405,Noah Benali,5/4/2023,Phone,Electronic,UAE,Dubai,1025.83,1157.92,491,0.1,14.2,PayPal,Online,M. Lopez,USD
12388,6,6687.414,-378.456,1895,Fatima Dubois,3/23/2025,Laptop,Gadgets,Morocco,Casablanca,1155.03,1238.41,981.43,0.1,22.26,Credit Card,Online,Unknown,EUR
12389,4,3117.732,1311.812,2002,Maria Haddad,11/1/2024,Laptop,Gadgets,USA,New York,163.88,916.98,407.66,0.15,11.4,Credit Card,Online,M. Lopez,USD
12390,4,1964.16,-151.13,2624,Ali Khan,5/6/2025,Tablet,Tech,USA,New York,150.58,613.8,489.68,0.2,5.99,PayPal,Partner,Unknown,MAD
12391,3,1950.12,-261.22,2165,Ali Rossi,4/11/2025,Tablet,Electronic,UAE,Dubai,180.31,812.55,673.52,0.2,10.47,Credit Card,Partner,K. Haddad,USD
12392,2,312.474,66.314,1555,Nora Silva,3/3/2023,Keyboard,Gadgets,Morocco,Casablanca,54.75,164.46,85.56,0.05,20.29,Cash,Partner,L. Martin,USD
12393,1,1223.6685,545.5885,1589,Lucas Chen,12/26/2024,Phone,Tech,USA,New York,97.27,1439.61,580.12,0.15,0.69,Credit Card,Online,L. Martin,MAD
12394,3,1550.688,217.618,2255,Ali Garcia,7/31/2023,Headphone,Gadgets,Morocco,Casablanca,0,646.12,428.08,0.2,48.83,Credit Card,Online,S. Rossi,EUR
12395,3,1382.832,-85.758,2970,Sara Ibrahim,2/12/2025,Smartphone,Tech,Morocco,Casablanca,254.24,576.18,396.89,0.2,23.68,Cash,Online,L. Martin,MAD
12396,7,6018.096,348.546,1857,Ali Rossi,8/28/2023,Laptop,Gadgets,France,Paris,1030.31,1074.66,657.04,0.2,39.96,Credit Card,Direct,Unknown,MAD
12397,7,1370.992,274.432,2760,Maria Kowalski,8/27/2024,Keyboard,Electronic,France,Paris,109,244.82,137.9,0.2,22.26,PayPal,Retail,Unknown,MAD
12398,5,6529.23,-54.96,1281,Youssef Kowalski,9/16/2023,Laptop,Electronic,Morocco,Casablanca,1242.92,1450.94,1066.97,0.1,6.42,Bank Transfer,Partner,Unknown,USD
12399,5,5945.8125,1638.8325,2816,Noah Kowalski,2/13/2023,Headphone,Electronic,France,Paris,0,1251.75,859.84,0.05,7.78,Bank Transfer,Direct,M. Lopez,USD
12400,6,5035.77,1534.69,2555,Maria Silva,4/27/2024,Smartphone,Tech,France,Paris,561.01,932.55,482.06,0.1,47.71,Cash,Partner,Unknown,USD
12401,3,3400.26,1006.87,1478,John Rossi,8/16/2023,Laptop,Tech,Germany,Berlin,377.64,1133.42,665.98,0,17.81,Credit Card,Online,Unknown,USD
12402,2,730.928,-75.342,1394,Leo Rossi,3/11/2025,Tablet,Electronic,Morocco,Casablanca,137.45,456.83,323.28,0.2,22.26,Credit Card,Direct,S. Rossi,MAD
12403,2,238.544,-40.766,1086,Nora Haddad,9/6/2023,Smartphone,Electronic,France,Paris,0,149.09,114.71,0.2,49.89,Credit Card,Direct,Unknown,EUR
12404,1,979.36,205.59,2598,Sofia Khan,10/16/2024,Mouse,Tech,Spain,Madrid,150.54,979.36,583.95,0,39.28,Bank Transfer,Online,Unknown,MAD
12405,5,524.025,-104.675,1399,Sara Haddad,5/17/2025,Headphone,Tech,Germany,Berlin,103.98,116.45,102.66,0.1,11.42,Credit Card,Online,M. Lopez,USD
12406,1,1119.9515,287.3515,2761,Maria Silva,7/5/2023,Headphone,Electronic,Spain,Madrid,157.4,1317.59,632.68,0.15,42.52,Credit Card,Direct,Unknown,MAD
12407,2,930.996,158.826,1874,John Rahmani,5/23/2025,Headphone,Electronic,USA,New York,69.21,517.22,347.2,0.1,8.56,Credit Card,Online,Unknown,EUR
12408,1,1002.015,364.695,2542,Sofia Silva,9/16/2024,Tablet,Electronic,France,Paris,138.2,1113.35,461.81,0.1,37.31,Crypto,Retail,Unknown,EUR
12409,1,335.44,-0.2,1390,Nora Khan,4/12/2023,Phone,Tech,UAE,Dubai,44.62,335.44,282.59,0,8.43,PayPal,Partner,Unknown,EUR
12410,1,429.94,68.9,2568,Sara Haddad,12/9/2023,Headphone,Electronic,Morocco,Casablanca,81.94,429.94,244.14,0,34.96,Bank Transfer,Retail,Unknown,USD
12411,6,3011.1,291.6,2372,Youssef Chen,5/25/2025,Phone,Electronic,Morocco,Casablanca,345.61,501.85,392.83,0,16.91,PayPal,Partner,L. Martin,USD
12412,2,1084.716,338.716,2012,Leo Benali,1/29/2025,Laptop,Gadgets,Morocco,Casablanca,77.32,602.62,323.21,0.1,22.26,Crypto,Retail,Unknown,EUR
12413,7,3809.358,368.878,1942,Leo Dubois,7/12/2023,Phone,Tech,France,Paris,549.46,604.66,412.44,0.1,3.94,PayPal,Online,K. Haddad,MAD
12414,6,5840.52,317.73,1150,Noah Benali,3/15/2023,Laptop,Tech,USA,New York,479.58,973.42,836.26,0,25.65,Credit Card,Retail,L. Martin,EUR
12415,7,9330.79,4060.39,2408,John Lopez,3/31/2024,Tablet,Gadgets,USA,New York,1267.04,1332.97,566.01,0,41.29,Cash,Partner,Unknown,EUR
12416,1,1165.725,195.635,2564,Noah Dubois,1/8/2025,Phone,Gadgets,USA,New York,128.52,1295.25,810.35,0.1,31.22,Bank Transfer,Partner,A. Johnson,EUR
12417,6,4449.24,2080.75,1402,Ahmed Silva,4/14/2025,Keyboard,Tech,USA,New York,487.76,741.54,311.64,0,10.89,Credit Card,Partner,M. Lopez,EUR
12418,3,4006.65,1084.47,1008,Ahmed Ibrahim,12/15/2024,Tablet,Electronic,USA,New York,628.94,1335.55,749.37,0,45.13,Cash,Online,L. Martin,MAD
12419,1,290.024,41.424,2488,Maria Dubois,11/26/2024,Mouse,Electronic,Germany,Berlin,41.99,362.53,190.64,0.2,15.97,Credit Card,Online,Unknown,USD
12420,2,1509.174,418.354,1095,Sara Haddad,5/22/2025,Monitor,Tech,UAE,Dubai,158.1,838.43,455.23,0.1,22.26,Crypto,Online,S. Rossi,USD
12421,5,3339.09,1200.12,2610,Maria Rahmani,6/23/2023,Laptop,Gadgets,Germany,Berlin,243.53,742.02,377.13,0.1,9.79,Bank Transfer,Online,Unknown,USD
12422,7,2417.807,640.937,2701,John Rahmani,1/27/2023,Laptop,Tech,Germany,Berlin,185.32,363.58,224.82,0.05,17.81,Crypto,Partner,Unknown,EUR
12423,7,5317.767,-217.343,1910,Mariam Rossi,7/1/2024,Monitor,Gadgets,Germany,Berlin,543.13,844.09,710.28,0.1,20.02,Credit Card,Online,S. Rossi,MAD
12424,2,983.556,224.236,2565,Fatima Chen,4/5/2024,Monitor,Gadgets,France,Paris,141.59,546.42,306.57,0.1,4.59,Bank Transfer,Online,Unknown,USD
12425,4,2912.066,-30.964,1815,Noah Khan,8/15/2024,Laptop,Electronic,France,Paris,523.22,856.49,604.44,0.15,2.05,Bank Transfer,Partner,S. Rossi,USD
12426,6,5408.04,669.81,2807,Sara Garcia,5/24/2023,Tablet,Electronic,Germany,Berlin,588.25,901.34,687.14,0,27.14,Credit Card,Retail,L. Martin,EUR
12427,3,2695.2735,944.6335,1749,Sara Haddad,11/8/2024,Monitor,Gadgets,Spain,Madrid,416.08,1056.97,434.9,0.15,29.86,Crypto,Online,M. Lopez,USD
12428,7,2936.248,34.578,2875,Leo Haddad,7/13/2023,Tablet,Gadgets,USA,New York,564.94,524.33,332.38,0.2,10.07,Credit Card,Partner,Unknown,EUR
12429,2,1498.76,308.05,2006,Fatima Kowalski,2/24/2025,Headphone,Electronic,USA,New York,118.59,749.38,514.4,0,43.32,Credit Card,Retail,S. Rossi,MAD
12430,1,303.977,-44.883,1704,Fatima Silva,4/14/2023,Headphone,Tech,USA,New York,22.93,357.62,307.49,0.15,18.44,Cash,Direct,L. Martin,MAD
12431,7,7902.328,-43.682,2777,John Benali,7/12/2023,Smartphone,Electronic,USA,New York,1459.87,1188.32,921.3,0.05,37.04,Credit Card,Retail,L. Martin,USD
12432,7,7916.958,3329.878,1862,Leo Lopez,3/15/2023,Keyboard,Gadgets,Morocco,Casablanca,1124.65,1190.52,491,0.05,25.43,Cash,Retail,M. Lopez,USD
12433,2,2253.741,272.751,2448,Luis Lopez,6/7/2024,Tablet,Gadgets,France,Paris,435.05,1325.73,757.82,0.15,30.3,PayPal,Online,A. Johnson,EUR
12434,1,563.7395,253.0395,1190,Youssef Lopez,5/17/2023,Monitor,Tech,UAE,Dubai,28.79,593.41,265.39,0.05,16.52,Cash,Partner,S. Rossi,USD
12435,2,1056.08,85.87,1478,John Chen,2/21/2023,Headphone,Tech,Germany,Berlin,164.58,528.04,392.63,0,20.37,Credit Card,Partner,L. Martin,EUR
12436,7,3922.8,1231.79,2332,Noah Rahmani,1/18/2025,Keyboard,Tech,USA,New York,211.71,700.5,348.07,0.2,42.81,Bank Transfer,Online,M. Lopez,USD
12437,1,330.804,65.024,2673,Ahmed Ibrahim,1/4/2024,Tablet,Tech,Germany,Berlin,63.11,367.56,160.45,0.1,42.22,Bank Transfer,Partner,L. Martin,USD
12438,2,652.482,70.292,2975,Fatima Khan,8/22/2024,Smartphone,Tech,USA,New York,50.84,362.49,246.22,0.1,38.91,Credit Card,Direct,M. Lopez,USD
12439,1,966.67,483.62,2031,Sofia Haddad,12/14/2024,Mouse,Tech,USA,New York,60.88,966.67,403.45,0,18.72,Bank Transfer,Retail,K. Haddad,USD
12440,4,1797.12,-211.61,1322,Youssef Lopez,11/5/2023,Tablet,Tech,Germany,Berlin,356.65,449.28,402.42,0,42.4,Bank Transfer,Online,K. Haddad,USD
12441,3,3389.448,997.658,2298,Sofia Chen,5/4/2023,Tablet,Tech,Morocco,Casablanca,530.36,1189.28,611.9,0.05,25.73,Credit Card,Retail,Unknown,MAD
12442,7,8310.5435,-33.1165,2153,Nora Ibrahim,3/23/2024,Keyboard,Electronic,USA,New York,531.76,1396.73,1109.54,0.15,45.12,PayPal,Partner,L. Martin,MAD
12443,4,3150.352,-57.918,2468,Sara Garcia,9/13/2024,Keyboard,Gadgets,Morocco,Casablanca,354,829.04,712.96,0.05,2.43,Cash,Direct,A. Johnson,USD
12444,4,4021.36,1075.69,2791,Sara Garcia,12/3/2024,Laptop,Electronic,Germany,Berlin,589.31,1005.34,588.81,0,1.12,Bank Transfer,Online,M. Lopez,USD
12445,2,1344.402,222.472,2225,Noah Haddad,3/6/2023,Mouse,Gadgets,Spain,Madrid,256.54,746.89,413.34,0.1,38.71,Cash,Direct,K. Haddad,EUR
12446,3,3518.2605,-316.1295,2723,Ali Smith,4/26/2024,Keyboard,Gadgets,Germany,Berlin,282.96,1379.71,1170.51,0.15,39.9,PayPal,Online,M. Lopez,USD
12447,6,7949.619,1094.409,1408,Nora Dubois,4/15/2024,Smartphone,Electronic,UAE,Dubai,1011.57,1394.67,970.23,0.05,22.26,Credit Card,Partner,Unknown,MAD
12448,3,2669.976,-224.024,2036,Luis Smith,6/11/2023,Laptop,Electronic,Germany,Berlin,311.21,1112.49,853.51,0.2,22.26,Credit Card,Online,A. Johnson,USD
12449,1,142.817,-36.173,2242,Emma Haddad,10/19/2024,Keyboard,Tech,Morocco,Casablanca,24.16,168.02,107.72,0.15,47.11,Crypto,Online,M. Lopez,USD
12450,6,2926.896,98.516,2443,Emma Kowalski,8/31/2024,Mouse,Gadgets,Morocco,Casablanca,194.97,609.77,437.17,0.2,10.39,Bank Transfer,Retail,Unknown,USD
12451,4,664.56,317.51,1909,Youssef Khan,1/30/2025,Monitor,Tech,France,Paris,39.75,184.6,76.78,0.1,0.18,PayPal,Retail,L. Martin,EUR
12452,1,160.786,-355.484,1129,Sara Rossi,6/22/2024,Tablet,Electronic,UAE,Dubai,15.19,189.16,491,0.15,10.08,Bank Transfer,Online,M. Lopez,USD
12453,6,5807.328,2131.348,1881,Sara Smith,4/3/2025,Laptop,Tech,Spain,Madrid,328.91,1209.86,551.96,0.2,35.31,Bank Transfer,Partner,K. Haddad,EUR
12454,2,1759.653,-23.527,2015,Nora Rossi,2/26/2023,Keyboard,Tech,Spain,Madrid,236.74,1035.09,766.47,0.15,13.5,Bank Transfer,Online,M. Lopez,USD
12455,1,1271.685,-277.975,2540,Fatima Silva,3/30/2024,Monitor,Electronic,Morocco,Casablanca,167.79,1496.1,1331.87,0.15,50,Bank Transfer,Online,M. Lopez,MAD
12456,3,2298.4395,583.9195,1500,Fatima Kowalski,1/8/2025,Laptop,Tech,Germany,Berlin,392.63,806.47,432.91,0.05,23.16,Credit Card,Online,S. Rossi,USD
12457,4,3899.052,703.152,2079,Fatima Dubois,3/23/2025,Keyboard,Electronic,USA,New York,711.84,1083.07,615.66,0.1,21.42,Crypto,Retail,S. Rossi,USD
12458,1,149.448,-15.632,1731,Fatima Garcia,5/22/2024,Phone,Electronic,USA,New York,16.6,186.81,120.21,0.2,28.27,PayPal,Online,K. Haddad,EUR
12459,6,1351.653,224.613,1424,Maria Ibrahim,11/30/2024,Tablet,Gadgets,Germany,Berlin,154.6,265.03,159.67,0.15,14.42,Cash,Partner,A. Johnson,USD
12460,5,4100.55,559.76,1210,Noah Smith,7/18/2024,Headphone,Tech,France,Paris,709.78,820.11,564.77,0,7.16,Cash,Direct,S. Rossi,MAD
12461,3,203.121,-1322.009,2914,Maria Smith,4/1/2024,Tablet,Electronic,UAE,Dubai,32.37,75.23,491,0.1,19.76,Credit Card,Direct,K. Haddad,USD
12462,4,3886.848,683.668,1789,Maria Haddad,7/21/2024,Mouse,Electronic,UAE,Dubai,364.57,1214.64,704.92,0.2,18.93,Bank Transfer,Direct,M. Lopez,USD
12463,4,4674.152,650.402,2222,Sofia Rahmani,7/24/2024,Headphone,Electronic,UAE,Dubai,670.01,1230.04,826.74,0.05,46.78,Bank Transfer,Online,A. Johnson,EUR
12464,4,4135.36,1523.36,1612,Leo Haddad,3/17/2025,Tablet,Electronic,Germany,Berlin,533.66,1033.84,515.77,0,15.26,Crypto,Online,L. Martin,USD
12465,1,387.666,-73.814,1906,Sara Garcia,10/7/2024,Tablet,Tech,USA,New York,53.72,430.74,358.47,0.1,49.29,Bank Transfer,Online,M. Lopez,EUR
12466,7,8313.83,-99.15,2957,Nora Chen,5/19/2024,Tablet,Electronic,Spain,Madrid,1182.17,1187.69,1027.37,0,39.22,Cash,Partner,A. Johnson,MAD
12467,2,1449.162,532.012,2839,Luis Benali,6/19/2024,Tablet,Tech,Spain,Madrid,200,805.09,355.53,0.1,6.09,Cash,Retail,A. Johnson,USD
12468,6,5078.106,589.606,1631,Lucas Smith,8/13/2023,Headphone,Gadgets,USA,New York,785.22,940.39,609.39,0.1,46.94,Credit Card,Online,A. Johnson,USD
12469,6,7607.844,3220.734,2706,Youssef Benali,6/9/2025,Headphone,Gadgets,USA,New York,505.01,1408.86,639.2,0.1,46.9,Credit Card,Online,S. Rossi,USD
12470,4,4813.992,2025.242,2159,Maria Haddad,9/19/2024,Headphone,Tech,Morocco,Casablanca,240.92,1415.88,636.71,0.15,0.99,Crypto,Online,L. Martin,EUR
12471,2,493.2,-73.9,2437,Lucas Silva,1/6/2024,Monitor,Tech,UAE,Dubai,54.38,274,237.17,0.1,38.38,Credit Card,Online,M. Lopez,EUR
12472,1,693.464,-103.236,2262,Mariam Khan,10/29/2023,Tablet,Electronic,USA,New York,109.88,815.84,675.96,0.15,10.86,Crypto,Online,M. Lopez,USD
12473,2,525.942,94.932,1625,Fatima Silva,3/20/2023,Keyboard,Tech,Germany,Berlin,63.76,292.19,169.35,0.1,28.55,Credit Card,Direct,K. Haddad,EUR
12474,5,4526.12,812.19,2165,Emma Haddad,4/21/2025,Headphone,Gadgets,Morocco,Casablanca,463.03,1131.53,644.78,0.2,27,Credit Card,Direct,K. Haddad,MAD
12475,7,5638.08,730.46,1008,John Ibrahim,10/3/2023,Headphone,Gadgets,France,Paris,405.57,1006.8,640.11,0.2,21.28,PayPal,Online,Unknown,MAD
12476,7,452.914,5.334,1391,Lucas Silva,8/1/2024,Monitor,Electronic,Morocco,Casablanca,64.63,76.12,47.83,0.15,48.14,Credit Card,Retail,K. Haddad,USD
12477,1,1069.827,-13.243,1637,Fatima Dubois,8/14/2024,Monitor,Electronic,Spain,Madrid,126.38,1258.62,921.97,0.15,34.72,Cash,Retail,L. Martin,MAD
12478,1,385.084,29.494,2542,Youssef Chen,1/11/2023,Laptop,Electronic,Morocco,Casablanca,27.12,453.04,306.21,0.15,22.26,Credit Card,Partner,M. Lopez,MAD
12479,4,3166.658,450.178,1953,Sara Kowalski,3/20/2023,Headphone,Tech,Morocco,Casablanca,197.97,931.37,629.03,0.15,2.39,Crypto,Online,Unknown,EUR
12480,1,1348.6,58.81,1355,Youssef Ibrahim,4/18/2025,Laptop,Gadgets,USA,New York,88.08,1348.6,1200.05,0,1.66,Bank Transfer,Partner,Unknown,USD
12481,5,790.6375,11.1675,2306,Sara Smith,12/1/2023,Mouse,Electronic,Spain,Madrid,126.44,166.45,123.39,0.05,36.08,Credit Card,Partner,Unknown,EUR
12482,1,371.2695,89.3395,1086,Youssef Rossi,2/14/2025,Mouse,Gadgets,UAE,Dubai,32.83,390.81,221.68,0.05,27.42,Credit Card,Retail,K. Haddad,EUR
12483,1,252.584,-66.356,2466,Sofia Chen,5/28/2024,Tablet,Tech,Morocco,Casablanca,20.6,315.73,254.32,0.2,44.02,PayPal,Online,M. Lopez,USD
12484,3,1146.72,188.56,2941,Maria Lopez,9/19/2023,Monitor,Tech,USA,New York,104.88,382.24,276.9,0,22.58,Cash,Partner,Unknown,USD
12485,2,102.867,-34.623,2560,John Chen,4/1/2023,Mouse,Tech,Morocco,Casablanca,17.81,60.51,45.27,0.15,29.14,Cash,Retail,K. Haddad,MAD
12486,5,421.005,-27.845,1416,Youssef Benali,8/2/2023,Keyboard,Gadgets,Morocco,Casablanca,77.84,99.06,69.75,0.15,22.26,PayPal,Online,S. Rossi,USD
12487,7,6773.634,-395.326,1239,Luis Dubois,4/25/2025,Mouse,Tech,Morocco,Casablanca,620.45,1075.18,932.9,0.1,18.21,Bank Transfer,Retail,Unknown,USD
12488,6,6605.928,2354.868,2589,Lucas Ibrahim,8/4/2023,Headphone,Tech,Morocco,Casablanca,601.12,1295.28,603.65,0.15,28.04,Credit Card,Retail,Unknown,MAD
12489,7,1720.621,569.691,1832,Emma Rossi,4/13/2024,Keyboard,Tech,Morocco,Casablanca,163.22,289.18,140.19,0.15,6.38,Bank Transfer,Online,K. Haddad,USD
12490,5,6699.9,1046.5,2484,Mariam Haddad,3/25/2025,Mouse,Electronic,USA,New York,832.94,1339.98,959.64,0,22.26,Credit Card,Online,Unknown,MAD
12491,3,287.76,74.22,1407,Ali Haddad,9/28/2024,Headphone,Electronic,UAE,Dubai,28.33,119.9,60.98,0.2,2.27,Cash,Online,L. Martin,USD
12492,3,243.75,115.78,1185,John Rahmani,7/24/2023,Monitor,Electronic,USA,New York,17.67,81.25,33.82,0,8.84,Credit Card,Online,M. Lopez,EUR
12493,2,1065.254,315.444,1249,Youssef Ibrahim,3/15/2025,Keyboard,Tech,USA,New York,75.43,626.62,329.69,0.15,15,Cash,Retail,Unknown,USD
12494,5,263.6725,15.4725,2387,Ahmed Ibrahim,12/18/2024,Headphone,Electronic,Morocco,Casablanca,28.7,55.51,35.93,0.05,39.85,Credit Card,Online,M. Lopez,USD
12495,1,726.155,237.935,1260,Fatima Lopez,9/9/2024,Mouse,Electronic,USA,New York,91.41,854.3,374.55,0.15,22.26,Crypto,Online,A. Johnson,MAD
12496,6,6949.872,-424.968,1053,Emma Rossi,12/12/2023,Laptop,Electronic,USA,New York,517.65,1362.72,1140.16,0.15,16.23,Credit Card,Partner,Unknown,MAD
12497,2,536.92,202.21,1851,Sara Rossi,12/21/2024,Keyboard,Tech,Morocco,Casablanca,77.48,268.46,108.68,0,39.87,Bank Transfer,Online,Unknown,EUR
12498,7,2715.16,752.77,1268,Sara Benali,5/10/2025,Mouse,Electronic,France,Paris,277.73,484.85,237.69,0.2,20.83,Cash,Online,Unknown,EUR
12499,7,4898.313,-461.917,2677,Ali Rossi,8/27/2023,Smartphone,Tech,USA,New York,612.48,777.51,674.05,0.1,29.4,Crypto,Partner,M. Lopez,EUR
12500,5,4722.3025,1035.3125,2608,Youssef Dubois,5/23/2025,Mouse,Electronic,Morocco,Casablanca,265.2,1111.13,682.03,0.15,11.64,Cash,Retail,Unknown,USD
12501,4,3027.776,353.406,2584,Leo Rossi,6/25/2023,Headphone,Tech,Germany,Berlin,210.71,946.18,610.35,0.2,22.26,PayPal,Online,Unknown,MAD
12502,2,732.621,151.561,1851,Mariam Dubois,6/3/2025,Smartphone,Tech,Morocco,Casablanca,139.16,385.59,201.21,0.05,39.48,Bank Transfer,Online,A. Johnson,USD
12503,1,708.04,95.07,2399,Leo Rahmani,3/2/2023,Laptop,Tech,Spain,Madrid,82.59,885.05,499.42,0.2,30.96,Credit Card,Partner,Unknown,EUR
12504,6,6819.72,-899.29,1940,Nora Haddad,7/28/2024,Mouse,Gadgets,UAE,Dubai,764.17,1337.2,1155.43,0.15,22.26,PayPal,Online,L. Martin,USD
12505,5,6276.65,2767.56,2176,Ali Kowalski,8/7/2023,Mouse,Gadgets,Spain,Madrid,353.25,1321.4,630.69,0.05,2.39,Bank Transfer,Online,A. Johnson,EUR
12506,3,1360.206,-59.834,2500,Ahmed Dubois,7/30/2024,Monitor,Gadgets,France,Paris,95.52,503.78,425.28,0.1,48.68,Credit Card,Partner,Unknown,MAD
12507,5,1239.795,298.175,1994,Lucas Garcia,1/16/2023,Monitor,Tech,Morocco,Casablanca,200.02,275.51,144.95,0.1,16.85,Credit Card,Partner,S. Rossi,MAD
12508,3,656.412,216.582,1693,Sofia Haddad,7/24/2023,Mouse,Gadgets,UAE,Dubai,35.23,230.32,122,0.05,38.6,Credit Card,Online,Unknown,EUR
12509,7,1739.871,620.851,2144,Nora Benali,9/16/2023,Mouse,Electronic,UAE,Dubai,170.39,276.17,129.73,0.1,40.52,Credit Card,Online,Unknown,EUR
12510,6,1699.677,679.387,1729,Ahmed Dubois,1/18/2025,Monitor,Tech,Morocco,Casablanca,100.16,333.27,146.76,0.15,39.57,Bank Transfer,Retail,L. Martin,EUR
12511,2,512.482,135.592,1214,Sofia Ibrahim,1/15/2024,Keyboard,Electronic,USA,New York,53.41,301.46,153.97,0.15,15.54,PayPal,Online,Unknown,MAD
12512,3,1059.744,40.314,2643,John Silva,6/18/2024,Keyboard,Gadgets,USA,New York,201.4,371.84,257.35,0.05,45.98,Bank Transfer,Partner,A. Johnson,EUR
12513,6,2986.74,1201.84,1292,Ali Benali,11/19/2024,Tablet,Tech,USA,New York,443.89,497.79,215.53,0,47.83,Bank Transfer,Partner,K. Haddad,USD
12514,5,3190.88,396.53,2421,Ahmed Haddad,2/9/2025,Mouse,Tech,Morocco,Casablanca,515.74,797.72,451.27,0.2,22.26,Credit Card,Partner,K. Haddad,EUR
12515,1,511.9975,-145.7725,1735,John Khan,3/1/2025,Phone,Electronic,Germany,Berlin,97.62,602.35,531.52,0.15,28.63,Credit Card,Partner,A. Johnson,USD
12516,3,3411.033,103.413,1822,Luis Khan,6/18/2025,Keyboard,Tech,Morocco,Casablanca,172.8,1337.66,1037.52,0.15,22.26,Cash,Online,L. Martin,USD
12517,7,6123.712,506.392,1414,Youssef Benali,3/25/2025,Tablet,Tech,UAE,Dubai,485.18,1093.52,727.48,0.2,39.78,Cash,Partner,Unknown,MAD
12518,2,1164.68,535.79,2724,Leo Khan,9/3/2023,Tablet,Electronic,France,Paris,126.62,582.34,245.94,0,10.39,PayPal,Online,Unknown,USD
12519,1,1184.984,-65.286,2253,Sofia Rossi,11/9/2024,Headphone,Tech,Morocco,Casablanca,65.9,1481.23,1179.07,0.2,5.3,Credit Card,Retail,L. Martin,MAD
12520,2,1557.828,625.578,2397,Sara Kowalski,1/28/2025,Laptop,Gadgets,Morocco,Casablanca,195.98,865.46,349.49,0.1,37.29,Credit Card,Retail,Unknown,EUR
12521,3,1135.668,396.148,2318,Sofia Kowalski,4/22/2023,Laptop,Tech,Germany,Berlin,92.59,398.48,208.68,0.05,20.89,Cash,Online,K. Haddad,USD
12522,4,3939.954,-515.406,1581,Nora Haddad,1/5/2024,Headphone,Tech,Morocco,Casablanca,675.63,1158.81,940.05,0.15,19.53,Credit Card,Online,Unknown,USD
12523,2,411.451,-24.009,1088,Youssef Khan,5/20/2025,Keyboard,Tech,UAE,Dubai,73.85,242.03,164.82,0.15,31.97,Credit Card,Online,L. Martin,USD
12524,3,2675.6385,463.8285,1441,Sofia Rahmani,2/7/2023,Tablet,Gadgets,Morocco,Casablanca,533.47,1049.27,553.75,0.15,17.09,Credit Card,Online,L. Martin,USD
12525,2,2054.052,22.142,1827,Leo Dubois,6/20/2024,Tablet,Tech,USA,New York,109.89,1141.14,936.32,0.1,49.38,PayPal,Online,A. Johnson,USD
12526,2,112.42,5.49,2049,Emma Ibrahim,7/7/2024,Phone,Gadgets,USA,New York,19.79,56.21,32.68,0,21.78,Crypto,Online,Unknown,USD
12527,1,883.15,354.32,2947,Ahmed Dubois,12/19/2024,Headphone,Electronic,Morocco,Casablanca,52.53,1039,454.04,0.15,22.26,Cash,Online,Unknown,USD
12528,3,393.336,-1.704,1698,Sofia Benali,6/14/2025,Keyboard,Gadgets,Morocco,Casablanca,71.35,145.68,103.48,0.1,13.25,Crypto,Direct,Unknown,USD
12529,6,3231.768,-450.002,2545,Emma Khan,7/6/2023,Mouse,Tech,France,Paris,431.46,633.68,539.69,0.15,12.17,Crypto,Partner,M. Lopez,USD
12530,1,1185.8,185.46,1732,Emma Ibrahim,1/25/2024,Mouse,Electronic,UAE,Dubai,161.03,1482.25,807.04,0.2,32.27,Bank Transfer,Partner,M. Lopez,USD
12531,4,1570.968,175.588,1154,Noah Rossi,12/5/2023,Mouse,Electronic,Morocco,Casablanca,155.67,436.38,304.44,0.1,21.95,Bank Transfer,Direct,Unknown,EUR
12532,3,1525.2825,355.5825,2309,Maria Benali,2/28/2024,Tablet,Electronic,Morocco,Casablanca,0,598.15,380.4,0.15,28.5,Cash,Online,Unknown,MAD
12533,1,1113.6185,368.9585,2415,Noah Benali,3/10/2024,Tablet,Gadgets,Spain,Madrid,63.44,1172.23,661.32,0.05,19.9,PayPal,Partner,A. Johnson,USD
12534,7,657.1775,-66.5625,1956,Emma Chen,11/14/2023,Smartphone,Tech,Germany,Berlin,114.23,110.45,80.38,0.15,46.85,Crypto,Partner,S. Rossi,EUR
12535,5,1654.0575,238.6375,1734,Leo Chen,3/11/2023,Mouse,Gadgets,Spain,Madrid,283.71,389.19,217.28,0.15,45.31,Cash,Partner,M. Lopez,EUR
12536,4,2617.762,208.862,1256,Mariam Haddad,3/31/2023,Laptop,Gadgets,USA,New York,341.67,769.93,511.29,0.15,22.07,Credit Card,Online,A. Johnson,USD
12537,2,1575.728,387.178,1365,Ali Dubois,5/8/2025,Laptop,Gadgets,Spain,Madrid,92.25,984.83,537.02,0.2,22.26,Crypto,Online,Unknown,USD
12538,7,6882.8165,2853.1465,2549,Luis Rossi,12/21/2023,Keyboard,Tech,USA,New York,0,1035.01,572.44,0.05,22.59,PayPal,Online,Unknown,EUR
12539,1,507.3475,72.1675,1776,Lucas Rahmani,9/24/2024,Laptop,Tech,Germany,Berlin,85.13,534.05,332.32,0.05,17.73,Crypto,Direct,A. Johnson,EUR
12540,6,8265.969,2519.659,1523,Emma Haddad,1/4/2023,Phone,Tech,UAE,Dubai,1562.45,1450.17,693.6,0.05,22.26,Credit Card,Direct,Unknown,EUR
12541,7,3755.752,811.302,1567,Mariam Rahmani,8/5/2023,Phone,Tech,Germany,Berlin,330.15,670.67,369.6,0.2,27.1,Credit Card,Online,K. Haddad,MAD
12542,4,1914.022,705.092,2608,Youssef Ibrahim,2/17/2025,Monitor,Gadgets,USA,New York,216.64,503.69,242.12,0.05,23.81,Credit Card,Direct,S. Rossi,USD
12543,3,1534.272,-158.068,2095,Fatima Garcia,5/9/2023,Tablet,Electronic,Spain,Madrid,145.79,639.28,511.89,0.2,10.88,Credit Card,Retail,A. Johnson,EUR
12544,5,6358.1275,1042.5275,1016,Ahmed Silva,8/7/2024,Laptop,Tech,USA,New York,1259.1,1496.03,809.49,0.15,9.05,Bank Transfer,Retail,K. Haddad,USD
12545,3,3483.708,659.458,2572,Ahmed Rossi,9/20/2024,Tablet,Gadgets,Morocco,Casablanca,247.78,1366.16,853.62,0.15,15.61,Cash,Online,S. Rossi,MAD
12546,2,1823.58,236.15,2293,Mariam Silva,5/8/2025,Keyboard,Tech,Spain,Madrid,100.55,1013.1,732.31,0.1,22.26,PayPal,Partner,A. Johnson,USD
12547,1,1021.47,-24.53,1330,Maria Lopez,7/30/2024,Mouse,Tech,Morocco,Casablanca,159.88,1021.47,868.69,0,17.43,PayPal,Online,K. Haddad,EUR
12548,3,2989.11,-389.53,1089,Youssef Rahmani,3/18/2025,Phone,Gadgets,USA,New York,595.66,1172.2,920.24,0.15,22.26,Crypto,Direct,Unknown,USD
12549,5,2050.05,981.06,1123,Luis Kowalski,2/26/2023,Monitor,Tech,USA,New York,0,410.01,211.35,0,12.24,Credit Card,Partner,M. Lopez,USD
12550,3,1666.4505,400.9005,2573,Emma Rahmani,4/22/2024,Tablet,Electronic,Morocco,Casablanca,114.17,653.51,367.93,0.15,47.59,PayPal,Online,Unknown,EUR
12551,5,6464.1,2201.68,1535,Sofia Khan,12/8/2023,Headphone,Tech,Spain,Madrid,497.29,1292.82,749.6,0,17.13,Credit Card,Retail,L. Martin,MAD
12552,6,1187.28,-276.76,2627,John Kowalski,1/2/2023,Keyboard,Tech,Germany,Berlin,226.43,232.8,198.23,0.15,48.23,Bank Transfer,Online,A. Johnson,MAD
12553,4,4339.36,1394.62,2310,Luis Rahmani,10/19/2023,Monitor,Electronic,USA,New York,578.28,1084.84,585.96,0,22.62,Credit Card,Online,A. Johnson,EUR
12554,5,7218.25,521.33,1004,Sara Benali,10/20/2023,Phone,Tech,Morocco,Casablanca,688.74,1443.65,1196.21,0,27.13,Credit Card,Partner,S. Rossi,USD
12555,6,3102.3,937.32,1702,Sara Silva,9/25/2024,Laptop,Gadgets,Germany,Berlin,476.44,574.5,278.6,0.1,16.94,PayPal,Direct,Unknown,EUR
12556,6,3508.008,459.788,1245,Maria Benali,5/6/2025,Tablet,Tech,UAE,Dubai,202.57,615.44,471.57,0.05,16.23,Bank Transfer,Partner,L. Martin,MAD
12557,3,2877.114,953.844,2135,Sofia Benali,9/6/2024,Tablet,Tech,Morocco,Casablanca,428.01,1128.28,491,0.15,22.26,Credit Card,Retail,Unknown,USD
12558,2,1884.24,-336.99,1676,Nora Benali,4/18/2024,Monitor,Gadgets,France,Paris,112.22,1177.65,1033.87,0.2,41.27,Crypto,Online,L. Martin,USD
12559,2,1771.664,-306.386,2125,Fatima Dubois,3/25/2024,Phone,Gadgets,USA,New York,160.77,1107.29,956.57,0.2,4.14,Crypto,Direct,Unknown,MAD
12560,5,3229.64,776.16,2134,Mariam Benali,3/3/2024,Keyboard,Tech,Spain,Madrid,460.02,807.41,394.24,0.2,22.26,PayPal,Direct,Unknown,USD
12561,3,3465.6,1441.31,1885,Leo Haddad,7/14/2024,Smartphone,Tech,UAE,Dubai,502.33,1216,491,0.05,48.96,Crypto,Retail,Unknown,EUR
12562,3,207.9075,59.7375,2956,Ahmed Khan,5/13/2025,Laptop,Gadgets,Morocco,Casablanca,16.5,72.95,29.81,0.05,42.24,Credit Card,Online,A. Johnson,USD
12563,5,6785.5,2444.59,1106,Leo Rossi,9/22/2023,Keyboard,Gadgets,Morocco,Casablanca,1263.85,1357.1,608.85,0,32.81,Credit Card,Online,L. Martin,USD
12564,3,3174.75,813.51,1034,Ali Khan,2/11/2024,Laptop,Gadgets,France,Paris,460.88,1058.25,628.56,0,14.68,Crypto,Retail,A. Johnson,MAD
12565,7,3364.6655,342.0755,2874,Noah Rahmani,1/4/2024,Tablet,Electronic,Germany,Berlin,595.2,565.49,343.59,0.15,22.26,Credit Card,Online,A. Johnson,MAD
12566,6,5598.597,1352.837,1049,John Rossi,6/1/2025,Laptop,Electronic,Germany,Berlin,892.17,982.21,551.01,0.05,47.53,Bank Transfer,Direct,L. Martin,EUR
12567,2,2735.6,-249.33,1220,Sofia Haddad,3/1/2025,Phone,Gadgets,France,Paris,540.08,1367.8,1202.83,0,39.19,PayPal,Online,A. Johnson,USD
12568,3,88.8,-22.35,2016,Leo Lopez,2/14/2024,Tablet,Tech,Germany,Berlin,6.93,29.6,22.3,0,37.32,PayPal,Online,L. Martin,MAD
12569,4,581.4,24.58,1655,Leo Kowalski,7/18/2024,Phone,Tech,USA,New York,59.13,171,119.8,0.15,18.49,Credit Card,Partner,Unknown,MAD
12570,6,188.802,7.632,1209,Leo Khan,4/28/2025,Monitor,Electronic,Morocco,Casablanca,0,37.02,26.31,0.15,23.31,Bank Transfer,Online,L. Martin,USD
12571,5,218.65,8.19,1789,Nora Garcia,6/12/2023,Mouse,Electronic,UAE,Dubai,13.56,43.73,29.79,0,47.95,PayPal,Partner,L. Martin,USD
12572,6,8406.702,3736.582,1357,Maria Kowalski,3/19/2024,Keyboard,Electronic,France,Paris,860.84,1474.86,632.71,0.05,13.02,Credit Card,Partner,A. Johnson,EUR
12573,4,1982.88,47.57,2376,Ali Benali,7/22/2023,Smartphone,Electronic,USA,New York,215.23,550.8,426.84,0.1,12.72,Credit Card,Online,A. Johnson,USD
12574,6,1456.815,509.195,1537,Luis Khan,8/13/2023,Tablet,Tech,USA,New York,238.11,285.65,114.75,0.15,21.01,PayPal,Online,L. Martin,USD
12575,2,1054.26,394.62,1644,Leo Khan,3/7/2023,Tablet,Tech,France,Paris,128.89,585.7,241.65,0.1,47.45,Cash,Online,A. Johnson,USD
12576,2,321.168,17.678,2513,Mariam Smith,6/29/2023,Phone,Electronic,USA,New York,40.93,200.73,126.14,0.2,10.28,Crypto,Partner,A. Johnson,EUR
12577,4,1455.096,479.396,2038,Emma Rossi,2/11/2023,Headphone,Electronic,Germany,Berlin,76.59,382.92,220.91,0.05,15.47,Credit Card,Retail,Unknown,USD
12578,5,3073.94,908.93,2267,Youssef Chen,5/11/2025,Keyboard,Tech,Morocco,Casablanca,376.16,723.28,348.03,0.15,48.7,Cash,Direct,Unknown,USD
12579,4,2134.078,520.358,1243,Maria Khan,3/1/2023,Laptop,Electronic,Spain,Madrid,109.87,627.67,372.18,0.15,15.13,Crypto,Direct,K. Haddad,MAD
12580,7,8950.767,3230.517,2680,Mariam Benali,7/3/2024,Tablet,Electronic,Morocco,Casablanca,804.78,1345.98,699.03,0.05,22.26,Bank Transfer,Partner,L. Martin,MAD
12581,1,472.2355,19.3855,1780,Emma Ibrahim,8/31/2024,Laptop,Electronic,Germany,Berlin,66.67,497.09,360.89,0.05,25.29,Bank Transfer,Partner,A. Johnson,USD
12582,6,8707.08,1125.16,1126,Maria Rahmani,2/12/2025,Phone,Tech,France,Paris,1412.65,1451.18,1024.05,0,24.97,Crypto,Online,S. Rossi,EUR
12583,4,4311.16,1061.02,1864,Sofia Dubois,12/31/2024,Headphone,Electronic,USA,New York,374.92,1077.79,712.09,0,26.86,Crypto,Online,K. Haddad,EUR
12584,1,858.325,203.815,1731,Noah Haddad,7/24/2023,Headphone,Electronic,Spain,Madrid,146.68,903.5,492.8,0.05,15.03,Credit Card,Online,Unknown,USD
12585,3,3595.5255,-198.6645,2022,Luis Rahmani,11/7/2024,Tablet,Tech,Morocco,Casablanca,547.98,1410.01,1075.49,0.15,19.74,Credit Card,Partner,K. Haddad,EUR
12586,4,2431.552,-309.228,2996,Ali Smith,2/3/2024,Smartphone,Gadgets,UAE,Dubai,155.57,759.86,635.97,0.2,41.33,PayPal,Partner,S. Rossi,MAD
12587,6,1418.85,263.21,2153,Sofia Benali,2/24/2023,Mouse,Electronic,Spain,Madrid,251.14,262.75,150.57,0.1,1.08,Credit Card,Partner,A. Johnson,MAD
12588,4,4333.72,1594.21,2175,Emma Rahmani,11/26/2023,Laptop,Electronic,Germany,Berlin,655.34,1083.43,517.97,0,12.29,Crypto,Online,S. Rossi,USD
12589,3,579.816,-98.624,2387,Sofia Rossi,4/6/2024,Mouse,Tech,USA,New York,62.11,241.59,191.18,0.2,42.79,Credit Card,Online,A. Johnson,MAD
12590,5,3741.1475,376.1075,2222,Leo Rossi,8/28/2024,Smartphone,Electronic,Germany,Berlin,411.71,880.27,582.98,0.15,38.43,Cash,Partner,M. Lopez,USD
12591,6,6626.448,2091.328,1434,Sara Khan,7/6/2023,Phone,Tech,France,Paris,906.09,1227.12,600.8,0.1,24.23,PayPal,Online,K. Haddad,USD
12592,6,3084.426,-174.044,1787,Maria Silva,6/5/2024,Headphone,Gadgets,USA,New York,293.48,571.19,491,0.1,18.99,Credit Card,Direct,A. Johnson,MAD
12593,3,3697.7295,513.9695,1278,Emma Kowalski,12/7/2023,Phone,Gadgets,Spain,Madrid,302.65,1450.09,950.08,0.15,30.87,Credit Card,Partner,M. Lopez,EUR
12594,2,1209.56,267.27,1955,Sofia Lopez,11/19/2023,Laptop,Tech,Morocco,Casablanca,233.49,604.78,337.57,0,33.66,Cash,Direct,Unknown,USD
12595,6,4044.924,730.984,2652,Mariam Garcia,11/16/2024,Tablet,Gadgets,UAE,Dubai,688.14,749.06,437.11,0.1,3.14,Credit Card,Retail,M. Lopez,USD
12596,4,2151.332,255.182,2937,Leo Ibrahim,6/16/2023,Mouse,Electronic,UAE,Dubai,292.27,566.14,394.06,0.05,27.64,Credit Card,Online,A. Johnson,EUR
12597,6,3626.964,205.874,1462,Ahmed Benali,3/6/2024,Headphone,Tech,France,Paris,520.22,671.66,478.63,0.1,29.09,Crypto,Online,Unknown,EUR
12598,6,3267.552,1042.332,2411,Nora Rossi,3/12/2023,Headphone,Electronic,UAE,Dubai,320.51,680.74,314.06,0.2,20.35,PayPal,Online,Unknown,MAD
12599,3,2579.202,313.452,1313,Fatima Rahmani,2/19/2024,Mouse,Electronic,UAE,Dubai,485.33,955.26,591.84,0.1,4.9,Bank Transfer,Direct,Unknown,EUR
12600,1,488.16,138.2,2693,Lucas Khan,10/27/2023,Tablet,Electronic,France,Paris,66.72,488.16,234.55,0,48.69,Credit Card,Direct,M. Lopez,USD
12601,2,1484.256,-214.594,2272,Fatima Rahmani,1/29/2025,Smartphone,Electronic,Spain,Madrid,174.54,927.66,748.5,0.2,27.31,Crypto,Online,M. Lopez,MAD
12602,6,3219.873,779.553,2284,Leo Lopez,11/2/2023,Mouse,Electronic,Morocco,Casablanca,187.37,564.89,374.73,0.05,4.57,Credit Card,Online,L. Martin,USD
12603,7,3286.64,703.47,1718,Sara Rossi,2/20/2023,Laptop,Gadgets,Germany,Berlin,616.64,586.9,280.4,0.2,3.73,Credit Card,Direct,K. Haddad,USD
12604,1,22.591,-16.389,2418,Maria Dubois,4/6/2023,Mouse,Gadgets,Morocco,Casablanca,1.13,23.78,15.59,0.05,22.26,Cash,Retail,S. Rossi,USD
12605,2,1471.341,-86.399,2511,Noah Lopez,2/28/2025,Headphone,Gadgets,France,Paris,189.19,774.39,659.36,0.05,49.83,Bank Transfer,Retail,L. Martin,USD
12606,2,2990.58,1451.9,1645,Lucas Lopez,2/10/2023,Tablet,Electronic,Germany,Berlin,551.4,1495.29,491,0,5.28,Credit Card,Online,K. Haddad,EUR
12607,2,935.02,-208.72,1239,Leo Benali,8/20/2024,Headphone,Gadgets,Spain,Madrid,120.28,467.51,491,0,41.46,Credit Card,Direct,Unknown,EUR
12608,7,7046.48,869.96,2229,Nora Silva,11/6/2024,Headphone,Tech,Morocco,Casablanca,454.54,1006.64,814.31,0,21.81,Credit Card,Partner,A. Johnson,MAD
12609,7,530.145,52.345,1035,Fatima Benali,8/19/2024,Mouse,Electronic,Morocco,Casablanca,102.2,84.15,48.99,0.1,32.67,Credit Card,Partner,M. Lopez,EUR
12610,4,3546.468,865.298,2532,Youssef Garcia,3/16/2024,Laptop,Gadgets,UAE,Dubai,702.62,985.13,491,0.1,14.55,Credit Card,Online,Unknown,EUR
12611,1,554.796,53.966,2513,Emma Smith,4/6/2025,Mouse,Electronic,Morocco,Casablanca,0,616.44,469.28,0.1,31.55,Credit Card,Online,A. Johnson,MAD
12612,7,10486,4048.67,2835,Sara Garcia,3/14/2025,Tablet,Electronic,Germany,Berlin,1175.24,1498,749.89,0,12.86,Cash,Online,S. Rossi,EUR
12613,2,1034.12,353.78,1906,Ali Khan,11/22/2024,Phone,Gadgets,USA,New York,159.88,517.06,253.86,0,12.74,Bank Transfer,Direct,Unknown,USD
12614,5,5209.905,920.485,1429,Youssef Ibrahim,7/1/2023,Laptop,Gadgets,UAE,Dubai,533.87,1225.86,749.69,0.15,7.1,Credit Card,Online,Unknown,MAD
12615,1,1102.739,313.339,2565,Sara Chen,5/9/2024,Tablet,Gadgets,Germany,Berlin,79.21,1297.34,709.09,0.15,1.1,Crypto,Direct,Unknown,USD
12616,5,3027.55,778.08,1003,Sofia Lopez,3/14/2024,Laptop,Tech,Spain,Madrid,216.16,605.51,398.06,0,43.01,PayPal,Online,L. Martin,EUR
12617,3,2351.208,434.088,2944,Lucas Ibrahim,12/3/2023,Keyboard,Electronic,USA,New York,285.61,979.67,533.9,0.2,29.81,Credit Card,Online,Unknown,USD
12618,6,6824.304,1260.104,1054,John Kowalski,12/1/2024,Laptop,Tech,Germany,Berlin,600.58,1421.73,823.56,0.2,22.26,Credit Card,Online,A. Johnson,MAD
12619,7,4833.08,0.48,1745,Luis Kowalski,12/11/2024,Tablet,Tech,France,Paris,873.35,863.05,561.57,0.2,28.26,Credit Card,Online,S. Rossi,USD
12620,4,2482.128,225.788,1849,Luis Dubois,1/31/2025,Tablet,Electronic,UAE,Dubai,408.77,689.48,454.15,0.1,30.97,Credit Card,Partner,L. Martin,MAD
12621,3,2261.76,137.22,2174,Nora Garcia,10/16/2024,Mouse,Tech,UAE,Dubai,418.71,793.6,562.8,0.05,17.43,Credit Card,Online,L. Martin,MAD
12622,3,1223.8215,-276.2485,2567,Emma Garcia,1/23/2023,Mouse,Tech,Germany,Berlin,173.97,479.93,431.73,0.15,30.91,Bank Transfer,Partner,M. Lopez,USD
12623,2,2267.9,829.7,1575,Ahmed Ibrahim,1/25/2025,Smartphone,Electronic,Morocco,Casablanca,301.04,1133.95,550.61,0,35.94,Bank Transfer,Online,S. Rossi,MAD
12624,4,1504.548,349.058,1906,Sara Rahmani,4/7/2024,Monitor,Gadgets,Morocco,Casablanca,264.58,417.93,218.11,0.1,18.47,Credit Card,Retail,L. Martin,USD
12625,1,1027.8525,326.4625,1674,Mariam Haddad,6/3/2024,Headphone,Tech,Morocco,Casablanca,87.6,1081.95,604.02,0.05,9.77,Cash,Online,Unknown,MAD
12626,6,6186.9,1636.25,2560,Luis Smith,4/10/2023,Laptop,Gadgets,Germany,Berlin,578.77,1031.15,660.74,0,7.44,Bank Transfer,Retail,Unknown,EUR
12627,5,1559.235,79.665,1459,Emma Silva,1/29/2024,Laptop,Tech,France,Paris,293.32,328.26,231.19,0.05,30.3,Bank Transfer,Online,Unknown,USD
12628,6,5698.026,1030.276,1413,Leo Haddad,12/21/2023,Headphone,Electronic,Spain,Madrid,839.43,1117.26,630.33,0.15,46.34,Bank Transfer,Online,S. Rossi,USD
12629,3,1225.26,386.45,2098,John Ibrahim,10/23/2024,Keyboard,Electronic,Spain,Madrid,188.46,408.42,210.84,0,17.83,Credit Card,Online,L. Martin,EUR
12630,7,5255.824,-784.176,2189,Leo Smith,3/21/2024,Monitor,Tech,USA,New York,904.86,938.54,733.25,0.2,2.39,Crypto,Partner,Unknown,EUR
12631,2,1305.94,294,2756,Ali Rossi,4/19/2023,Laptop,Tech,Germany,Berlin,75.6,768.2,452.21,0.15,31.92,Credit Card,Online,A. Johnson,MAD
12632,7,2013.256,483.596,2422,Ahmed Khan,8/13/2024,Mouse,Electronic,Spain,Madrid,265.39,359.51,176.77,0.2,26.88,Credit Card,Direct,Unknown,MAD
12633,2,2537.539,549.719,1502,Fatima Rossi,3/30/2023,Headphone,Tech,Germany,Berlin,472.9,1492.67,744.35,0.15,26.22,Bank Transfer,Partner,Unknown,USD
12634,2,295.2,-59.15,2221,John Ibrahim,8/31/2023,Headphone,Electronic,UAE,Dubai,50.47,184.5,147.11,0.2,9.66,Crypto,Partner,M. Lopez,EUR
12635,2,1190.784,211.344,1958,Emma Smith,9/12/2024,Mouse,Gadgets,Germany,Berlin,233.26,744.24,354.94,0.2,36.3,Bank Transfer,Online,M. Lopez,USD
12636,7,627.928,-139.852,1806,Ahmed Chen,2/10/2023,Tablet,Tech,Germany,Berlin,81.16,112.13,96.55,0.2,10.77,PayPal,Retail,Unknown,MAD
12637,4,3794.88,-270.72,1993,Maria Dubois,7/24/2024,Headphone,Electronic,Morocco,Casablanca,510.99,1185.9,877.47,0.2,44.73,Credit Card,Online,S. Rossi,USD
12638,3,419.04,-75.65,1617,Ali Benali,3/15/2024,Keyboard,Tech,UAE,Dubai,61.69,155.2,137.39,0.1,20.83,PayPal,Direct,M. Lopez,MAD
12639,4,2449.84,852.5,1618,Emma Silva,5/26/2023,Laptop,Tech,Morocco,Casablanca,149.52,612.46,356.39,0,22.26,Credit Card,Retail,M. Lopez,MAD
12640,4,1443.648,-73.632,1162,Emma Lopez,3/22/2023,Smartphone,Electronic,USA,New York,204.95,451.14,316.14,0.2,47.77,Cash,Online,A. Johnson,USD
12641,7,6859.9405,2960.0405,1541,Maria Rahmani,6/6/2023,Mouse,Electronic,Germany,Berlin,440.64,1031.57,491,0.05,22.26,Credit Card,Direct,M. Lopez,USD
12642,7,1381.947,432.647,1117,Lucas Khan,1/5/2024,Laptop,Electronic,Morocco,Casablanca,133.41,232.26,112.38,0.15,29.23,Crypto,Online,K. Haddad,USD
12643,1,1058.76,-87.77,1443,Fatima Kowalski,10/29/2024,Headphone,Electronic,France,Paris,138.21,1245.6,991.21,0.15,17.11,PayPal,Retail,L. Martin,MAD
12644,3,2944.269,1482.259,1569,Noah Rahmani,8/4/2024,Mouse,Tech,USA,New York,0,1090.47,474.72,0.1,37.85,Bank Transfer,Partner,Unknown,EUR
12645,4,3542.68,1604.02,1683,Maria Dubois,2/23/2024,Phone,Tech,USA,New York,459.11,885.67,359.67,0,40.87,Cash,Retail,K. Haddad,MAD
12646,6,955.662,6.182,2428,Ali Silva,10/31/2023,Mouse,Tech,Morocco,Casablanca,121.03,167.66,133.18,0.05,29.37,PayPal,Direct,A. Johnson,EUR
12647,2,302.498,-778.972,1874,Emma Lopez,5/25/2024,Tablet,Gadgets,USA,New York,55.91,177.94,491,0.15,43.56,Credit Card,Direct,S. Rossi,USD
12648,1,171.32,-341.94,1136,Emma Benali,5/10/2023,Laptop,Gadgets,USA,New York,0,214.15,491,0.2,22.26,Credit Card,Partner,Unknown,USD
12649,3,3267.072,-305.108,1334,Sara Ibrahim,6/9/2024,Smartphone,Tech,USA,New York,198.05,1361.28,1123.36,0.2,4.05,PayPal,Direct,S. Rossi,EUR
12650,5,6067.35,962.35,2762,Fatima Garcia,8/29/2023,Keyboard,Electronic,USA,New York,645.53,1213.47,887.35,0,22.72,Bank Transfer,Retail,A. Johnson,EUR
12651,1,1251.23,385.01,2168,Mariam Ibrahim,6/9/2025,Tablet,Tech,France,Paris,84.71,1251.23,764.1,0,17.41,Credit Card,Partner,M. Lopez,USD
12652,6,3876.912,1159.962,2854,Leo Rossi,7/14/2024,Smartphone,Tech,France,Paris,422.27,680.16,378.2,0.05,25.48,Credit Card,Online,Unknown,USD
12653,2,827.442,283.022,2382,Ahmed Garcia,1/3/2024,Mouse,Gadgets,Morocco,Casablanca,50.08,459.69,233,0.1,28.34,Credit Card,Partner,A. Johnson,EUR
12654,7,7630.875,372.715,1696,Nora Dubois,7/23/2024,Laptop,Electronic,UAE,Dubai,1309.08,1282.5,847.09,0.15,19.45,Crypto,Online,Unknown,MAD
12655,1,356.625,13.665,2514,John Chen,2/18/2023,Laptop,Tech,UAE,Dubai,57.62,396.25,258.37,0.1,26.97,Credit Card,Online,L. Martin,MAD
12656,5,2088.7175,275.3375,1763,Ali Smith,3/15/2023,Phone,Tech,USA,New York,184.01,439.73,319.76,0.05,30.57,Bank Transfer,Partner,L. Martin,USD
12657,4,5121.08,676.63,2258,Nora Khan,1/27/2024,Tablet,Electronic,UAE,Dubai,796.93,1280.27,911.02,0,3.44,PayPal,Partner,Unknown,MAD
12658,1,749.208,-114.032,1711,Youssef Silva,1/30/2024,Tablet,Electronic,Morocco,Casablanca,69.55,936.51,771.24,0.2,22.45,Credit Card,Partner,Unknown,USD
12659,2,2348.272,497.752,2150,Maria Dubois,12/15/2023,Laptop,Tech,USA,New York,245.28,1467.67,780.18,0.2,44.88,PayPal,Partner,A. Johnson,EUR
12660,7,5450.067,2624.537,1095,Nora Smith,12/18/2023,Headphone,Tech,Germany,Berlin,304.55,865.09,359.79,0.1,2.45,Credit Card,Direct,K. Haddad,EUR
12661,6,3709.368,726.348,1111,John Ibrahim,12/15/2024,Headphone,Electronic,Spain,Madrid,643.16,686.92,388.62,0.1,8.14,Crypto,Partner,Unknown,EUR
12662,7,4742.0485,-401.3415,1793,John Lopez,1/3/2023,Phone,Tech,Spain,Madrid,894.91,713.09,605.24,0.05,11.8,Credit Card,Online,S. Rossi,USD
12663,3,1578.57,680.91,2014,Noah Garcia,9/1/2024,Headphone,Electronic,USA,New York,117.72,526.19,253.73,0,18.75,Cash,Partner,S. Rossi,USD
12664,1,308.656,37.756,2700,Emma Chen,3/30/2024,Laptop,Tech,USA,New York,44.35,385.82,204.29,0.2,22.26,Bank Transfer,Online,Unknown,USD
12665,6,371.535,59.935,1960,Nora Rossi,6/1/2025,Monitor,Tech,Morocco,Casablanca,26.08,72.85,42.44,0.15,30.88,Cash,Partner,S. Rossi,USD
12666,7,7898.016,2378.466,1249,Lucas Ibrahim,8/5/2024,Phone,Electronic,France,Paris,1137.63,1410.36,619.72,0.2,43.88,Crypto,Direct,Unknown,EUR
12667,2,2917.78,-227.37,2314,Lucas Rossi,2/8/2023,Monitor,Electronic,France,Paris,519.87,1458.89,1297.12,0,31.04,Crypto,Online,L. Martin,USD
12668,7,8626.527,556.487,2078,Luis Chen,1/17/2025,Headphone,Tech,USA,New York,1287.71,1369.29,963.9,0.1,35.03,Bank Transfer,Retail,A. Johnson,EUR
12669,4,1334.52,-93.36,2538,Ahmed Khan,5/26/2024,Tablet,Electronic,Spain,Madrid,260.98,370.7,286.16,0.1,22.26,Crypto,Partner,Unknown,EUR
12670,6,5676.156,-142.444,1712,Sofia Kowalski,8/11/2024,Laptop,Tech,Spain,Madrid,317.8,1051.14,913.09,0.1,22.26,Crypto,Partner,M. Lopez,USD
12671,7,9026.045,4024.575,1635,Leo Ibrahim,7/5/2023,Smartphone,Tech,USA,New York,717.66,1357.3,610.45,0.05,10.66,Cash,Partner,M. Lopez,EUR
12672,6,5856.864,1832.644,1240,Sofia Smith,7/10/2024,Mouse,Gadgets,USA,New York,1074.7,1220.18,491,0.2,3.52,Bank Transfer,Retail,Unknown,USD
12673,3,521.28,221.94,1043,Nora Lopez,8/14/2024,Laptop,Electronic,USA,New York,55.58,173.76,72.32,0,26.8,PayPal,Retail,Unknown,EUR
12674,7,3261.636,909.126,1511,Youssef Chen,11/3/2024,Headphone,Tech,USA,New York,495.06,517.72,262.14,0.1,22.47,Crypto,Retail,S. Rossi,MAD
12675,7,477.8025,-3046.1675,2192,John Rahmani,9/23/2023,Headphone,Gadgets,France,Paris,51.21,71.85,491,0.05,35.76,Cash,Direct,A. Johnson,EUR
12676,1,552.2705,157.4005,1253,John Rahmani,8/8/2024,Mouse,Electronic,UAE,Dubai,70.02,649.73,291.31,0.15,33.54,PayPal,Partner,K. Haddad,MAD
12677,6,805.902,-33.718,2493,Luis Haddad,2/23/2025,Tablet,Tech,USA,New York,87.1,158.02,119.11,0.15,37.86,Credit Card,Partner,M. Lopez,MAD
12678,4,1946.512,659.882,2028,Noah Khan,7/16/2023,Laptop,Tech,UAE,Dubai,346.6,512.24,232.76,0.05,8.99,Credit Card,Online,Unknown,USD
12679,2,2134.69,349.42,2710,John Ibrahim,7/14/2024,Headphone,Electronic,France,Paris,378.31,1255.7,692.35,0.15,22.26,Credit Card,Online,Unknown,USD
12680,6,2021.706,119.096,1360,Leo Smith,3/10/2023,Tablet,Tech,USA,New York,368.11,374.39,251.39,0.1,26.16,Cash,Direct,Unknown,EUR
12681,3,3091.095,1111.025,2536,Ahmed Chen,7/1/2023,Mouse,Tech,Germany,Berlin,238.58,1144.85,576.31,0.1,12.56,Credit Card,Direct,M. Lopez,MAD
12682,4,3324.758,1235.438,2375,Sofia Dubois,4/26/2024,Smartphone,Tech,USA,New York,181.75,977.87,469.81,0.15,28.33,Credit Card,Retail,S. Rossi,EUR
12683,5,5603.04,-232.34,2008,Noah Garcia,7/9/2023,Keyboard,Electronic,USA,New York,468.59,1400.76,1064.41,0.2,44.74,Credit Card,Partner,K. Haddad,EUR
12684,2,2200.374,95.484,2535,Lucas Chen,3/24/2025,Headphone,Tech,USA,New York,427.46,1222.43,832.36,0.1,12.71,Credit Card,Online,S. Rossi,EUR
12685,5,2719.55,394.5,2762,Noah Kowalski,4/3/2023,Tablet,Tech,France,Paris,471.57,543.91,368.33,0,11.83,Credit Card,Online,M. Lopez,EUR
12686,5,4941.84,-154.64,2935,Fatima Garcia,1/30/2023,Keyboard,Gadgets,USA,New York,926.24,1235.46,827.62,0.2,32.14,Crypto,Retail,S. Rossi,USD
12687,5,3979.2325,382.2125,2976,Noah Dubois,4/15/2025,Tablet,Tech,Germany,Berlin,0,936.29,716.84,0.15,12.82,Credit Card,Retail,S. Rossi,MAD
12688,4,3955.616,1249.646,1091,Ali Silva,4/30/2025,Laptop,Tech,France,Paris,603.06,1236.13,521.97,0.2,15.03,Cash,Retail,M. Lopez,EUR
12689,2,2411.6,668.45,1553,Sara Kowalski,3/7/2025,Monitor,Electronic,Germany,Berlin,204.26,1205.8,768.55,0,1.79,Credit Card,Direct,Unknown,USD
12690,1,65.637,-14.933,1819,Sara Rahmani,2/27/2024,Tablet,Electronic,USA,New York,6.75,77.22,36.17,0.15,37.65,Crypto,Online,S. Rossi,USD
12691,3,220.704,53.714,1467,Sara Silva,6/19/2023,Keyboard,Gadgets,Spain,Madrid,38.47,77.44,32.33,0.05,31.53,Credit Card,Online,M. Lopez,MAD
12692,3,1495.233,190.653,2641,Maria Rahmani,8/28/2024,Tablet,Gadgets,Morocco,Casablanca,164.11,553.79,375.31,0.1,14.54,Bank Transfer,Direct,S. Rossi,USD
12693,7,126.616,34.866,1947,Noah Ibrahim,5/9/2023,Laptop,Gadgets,UAE,Dubai,10.56,22.61,10.4,0.2,8.39,Cash,Online,Unknown,MAD
12694,6,4694.328,1713.358,1659,Sara Khan,11/15/2023,Monitor,Tech,Morocco,Casablanca,467.61,869.32,411.79,0.1,42.62,Crypto,Direct,Unknown,USD
12695,5,1750.05,-875.03,2764,Sofia Rahmani,8/18/2024,Keyboard,Gadgets,Morocco,Casablanca,141.92,350.01,491,0,28.16,Cash,Online,Unknown,EUR
12696,1,408.258,117.498,1805,Youssef Benali,8/20/2023,Tablet,Electronic,Morocco,Casablanca,75.91,453.62,192.84,0.1,22.01,Credit Card,Online,A. Johnson,MAD
12697,4,4045.76,676.67,2021,Fatima Rahmani,9/5/2024,Mouse,Tech,France,Paris,220.53,1011.44,775.23,0,47.64,Bank Transfer,Online,S. Rossi,EUR
12698,3,1979.268,-215.462,1602,Fatima Benali,3/13/2023,Laptop,Tech,Morocco,Casablanca,311.19,694.48,624.05,0.05,11.39,Cash,Partner,S. Rossi,USD
12699,3,2790.99,303.25,2875,Emma Silva,10/11/2024,Headphone,Tech,Germany,Berlin,369.24,930.33,696.35,0,29.45,Bank Transfer,Partner,M. Lopez,USD
12700,6,5405.823,1924.203,2186,Ali Khan,3/29/2025,Keyboard,Electronic,UAE,Dubai,732.35,948.39,451.76,0.05,38.71,Cash,Partner,S. Rossi,USD
12701,7,3654.56,1260.49,2281,Ahmed Haddad,7/30/2023,Mouse,Tech,Morocco,Casablanca,0,652.6,338.83,0.2,22.26,PayPal,Online,M. Lopez,EUR
12702,3,1375.4385,124.3985,1581,Noah Silva,2/26/2025,Smartphone,Electronic,Morocco,Casablanca,109.42,482.61,376.85,0.05,11.07,Bank Transfer,Retail,M. Lopez,MAD
12703,7,2443.21,710.33,1688,Ahmed Kowalski,4/25/2023,Tablet,Tech,Spain,Madrid,485.63,349.03,176.77,0,9.86,Crypto,Direct,A. Johnson,MAD
12704,5,391.84,90.7,1732,Sara Kowalski,1/16/2023,Phone,Tech,Morocco,Casablanca,28.33,97.96,53.53,0.2,5.16,Credit Card,Online,Unknown,USD
12705,2,111.264,-906.686,2403,Mariam Smith,10/19/2024,Keyboard,Tech,Spain,Madrid,15.02,58.56,491,0.05,20.93,Credit Card,Online,A. Johnson,USD
12706,4,3814.08,-59.73,1276,Luis Khan,9/14/2023,Headphone,Electronic,USA,New York,485.06,953.52,837.93,0,37.03,Bank Transfer,Retail,Unknown,USD
12707,2,402.14,95.85,2542,Leo Smith,2/20/2023,Keyboard,Tech,Morocco,Casablanca,57.63,201.07,118.37,0,11.92,Bank Transfer,Retail,A. Johnson,USD
12708,2,410.59,4.16,2078,Sofia Chen,6/5/2023,Tablet,Gadgets,Spain,Madrid,35.24,216.1,179.58,0.05,12.03,Crypto,Partner,Unknown,USD
12709,6,6654.576,338.036,1358,Luis Smith,11/14/2023,Keyboard,Electronic,UAE,Dubai,468.93,1386.37,967.95,0.2,39.91,Bank Transfer,Partner,Unknown,MAD
12710,7,7597.352,665.952,1526,Ali Khan,2/22/2025,Phone,Tech,UAE,Dubai,1210.31,1356.67,812.56,0.2,33.17,Bank Transfer,Online,A. Johnson,USD
12711,7,1295.287,-21.213,2616,Nora Khan,12/16/2023,Smartphone,Gadgets,Morocco,Casablanca,250.01,194.78,148.53,0.05,26.78,PayPal,Direct,Unknown,EUR
12712,1,293.121,17.351,2746,Ahmed Chen,10/22/2023,Monitor,Electronic,France,Paris,41.3,325.69,195.46,0.1,39.01,PayPal,Retail,A. Johnson,EUR
12713,3,3791.7825,1185.9325,1525,Youssef Lopez,7/11/2023,Headphone,Tech,France,Paris,527.75,1330.45,687.12,0.05,16.74,PayPal,Online,Unknown,USD
12714,2,2208.92,637.37,2631,Youssef Lopez,7/22/2023,Mouse,Electronic,Germany,Berlin,431.65,1104.46,551.17,0,37.56,Bank Transfer,Online,L. Martin,USD
12715,1,1194.606,239.916,2686,Mariam Chen,4/8/2025,Headphone,Electronic,USA,New York,129.04,1257.48,816.79,0.05,8.86,Credit Card,Online,A. Johnson,USD
12716,7,730.296,141.086,1463,Lucas Kowalski,4/14/2023,Smartphone,Electronic,USA,New York,82.99,115.92,66.2,0.1,42.82,PayPal,Direct,K. Haddad,USD
12717,7,5595.093,1482.933,1774,Luis Silva,12/31/2023,Keyboard,Electronic,USA,New York,432.56,888.11,520.55,0.1,35.75,Credit Card,Online,Unknown,MAD
12718,1,494.6065,88.1365,2363,Maria Rahmani,5/6/2023,Phone,Electronic,Germany,Berlin,44.52,581.89,337.61,0.15,24.34,Bank Transfer,Online,L. Martin,USD
12719,6,5377.266,1667.586,1305,Lucas Khan,5/26/2023,Keyboard,Tech,France,Paris,765.13,943.38,486.87,0.05,23.33,PayPal,Online,L. Martin,USD
12720,4,2891.19,327.67,1809,Ahmed Silva,7/28/2023,Phone,Electronic,Spain,Madrid,160.51,850.35,599.15,0.15,6.41,Crypto,Direct,A. Johnson,MAD
12721,1,628.2445,139.8645,1297,Fatima Chen,7/10/2024,Tablet,Tech,USA,New York,39.88,661.31,445.52,0.05,2.98,Cash,Online,Unknown,USD
12722,3,3468.12,1068.4,1356,Emma Dubois,1/7/2023,Phone,Tech,France,Paris,378.92,1156.04,666.18,0,22.26,Bank Transfer,Direct,L. Martin,USD
12723,6,5967.969,547.859,1342,Sara Ibrahim,8/23/2024,Keyboard,Electronic,Morocco,Casablanca,806.33,1170.19,764.09,0.15,29.24,Crypto,Retail,L. Martin,USD
12724,7,8968.9215,2823.5615,2722,Noah Lopez,8/23/2023,Headphone,Tech,Germany,Berlin,468.11,1348.71,810.2,0.05,5.85,Credit Card,Direct,K. Haddad,USD
12725,2,1532.28,140.08,2383,Sara Haddad,4/24/2023,Mouse,Gadgets,USA,New York,138.59,766.14,614.53,0,24.55,Cash,Direct,K. Haddad,EUR
12726,4,3138.812,1057.692,1541,Youssef Rossi,3/22/2024,Laptop,Tech,UAE,Dubai,281.27,923.18,447.74,0.15,8.89,Bank Transfer,Direct,Unknown,EUR
12727,3,947.37,415.88,2701,Sofia Dubois,4/16/2025,Laptop,Gadgets,USA,New York,135.18,315.79,128.53,0,10.72,Credit Card,Online,Unknown,USD
12728,2,1151.954,12.044,2250,Luis Rahmani,7/12/2023,Keyboard,Gadgets,UAE,Dubai,133.25,677.62,491,0.15,24.66,Credit Card,Online,M. Lopez,USD
12729,2,1881.504,-151.346,1098,John Khan,8/15/2024,Smartphone,Tech,USA,New York,221.16,1175.94,894.11,0.2,23.47,Crypto,Retail,Unknown,USD
12730,6,2345.22,653,1005,Ali Silva,4/2/2024,Keyboard,Gadgets,Morocco,Casablanca,341.78,434.3,223.19,0.1,11.3,Credit Card,Online,Unknown,EUR
12731,6,2647.458,699.338,2985,Emma Kowalski,12/15/2023,Smartphone,Electronic,Germany,Berlin,516.26,490.27,230.37,0.1,49.64,Credit Card,Direct,Unknown,USD
12732,2,2098.189,710.869,2529,Sara Chen,1/23/2024,Keyboard,Tech,Morocco,Casablanca,207.06,1104.31,579,0.05,22.26,Cash,Retail,Unknown,USD
12733,7,8796.76,1503.07,2487,Nora Benali,7/8/2023,Keyboard,Tech,UAE,Dubai,913.77,1256.68,904.52,0,48.28,Cash,Retail,K. Haddad,USD
12734,4,4349.84,384.62,2350,Mariam Silva,1/8/2024,Tablet,Tech,Morocco,Casablanca,544.38,1087.46,845.56,0,38.6,Crypto,Online,S. Rossi,USD
12735,4,4804.04,1973.39,2288,Emma Rahmani,6/22/2024,Tablet,Electronic,Spain,Madrid,409.66,1201.01,594.43,0,43.27,Credit Card,Online,A. Johnson,EUR
12736,5,3764.8,1568.35,2106,Emma Khan,12/26/2023,Tablet,Tech,UAE,Dubai,402.6,752.96,357.16,0,8.05,Bank Transfer,Partner,K. Haddad,USD
12737,6,5134.104,-12.836,1415,John Chen,2/20/2023,Mouse,Electronic,France,Paris,307.36,900.72,800.14,0.05,38.74,Bank Transfer,Retail,A. Johnson,MAD
12738,7,810.32,361.57,2561,Leo Dubois,6/25/2023,Headphone,Electronic,Morocco,Casablanca,53.94,115.76,54.66,0,12.19,PayPal,Retail,L. Martin,USD
12739,5,2903.75,950.19,1146,Ali Haddad,11/18/2024,Keyboard,Electronic,USA,New York,206.66,580.75,344.91,0,22.35,Credit Card,Partner,S. Rossi,USD
12740,5,2565.7125,369.1625,2041,John Khan,5/20/2023,Keyboard,Electronic,Germany,Berlin,197.06,540.15,390.14,0.05,48.79,Crypto,Partner,S. Rossi,USD
12741,1,465.405,82.885,1619,Emma Smith,4/8/2023,Keyboard,Gadgets,USA,New York,25.11,489.9,319.56,0.05,37.85,Credit Card,Retail,M. Lopez,EUR
12742,7,9411.633,1486.213,1915,Youssef Rossi,3/29/2024,Tablet,Gadgets,Morocco,Casablanca,585.77,1493.91,1045.62,0.1,20.31,Cash,Partner,L. Martin,USD
12743,3,3377.52,-117.7,2809,Youssef Benali,10/13/2024,Laptop,Electronic,Morocco,Casablanca,520.34,1125.84,989.18,0,7.34,Cash,Online,A. Johnson,USD
12744,2,2351.24,434.44,2846,Ali Rossi,12/1/2024,Phone,Electronic,Spain,Madrid,143.16,1175.62,873.6,0,26.44,Credit Card,Online,A. Johnson,EUR
12745,7,1106.0945,221.9745,1152,Luis Kowalski,4/6/2023,Keyboard,Electronic,France,Paris,210.72,166.33,93.02,0.05,22.26,PayPal,Retail,Unknown,EUR
12746,5,493.255,64.455,1764,Emma Silva,3/14/2023,Laptop,Electronic,Spain,Madrid,61.79,116.06,68.95,0.15,22.26,Credit Card,Partner,Unknown,USD
12747,4,790.38,-76.01,1750,Youssef Lopez,2/25/2025,Headphone,Gadgets,Germany,Berlin,153.49,219.55,165.93,0.1,49.18,PayPal,Online,L. Martin,EUR
12748,6,5626.992,924.172,2826,Maria Ibrahim,11/24/2023,Keyboard,Electronic,Morocco,Casablanca,721.82,1172.29,659.79,0.2,22.26,Cash,Direct,Unknown,USD
12749,4,1879.622,-206.878,2973,Maria Lopez,3/25/2025,Headphone,Electronic,USA,New York,187.69,552.83,467,0.15,30.81,Bank Transfer,Retail,Unknown,MAD
12750,7,7392.35,2390.07,1257,Noah Smith,1/23/2024,Headphone,Gadgets,UAE,Dubai,1474.34,1056.05,500.93,0,21.43,Crypto,Partner,S. Rossi,MAD
12751,1,1086.9375,-88.7625,2159,John Benali,8/21/2024,Laptop,Tech,Spain,Madrid,68.32,1278.75,1107.15,0.15,0.23,Bank Transfer,Retail,Unknown,EUR
12752,4,1653.4,286.92,2258,Luis Rahmani,5/11/2023,Laptop,Gadgets,Germany,Berlin,232.64,413.35,271.78,0,46.72,PayPal,Online,L. Martin,USD
12753,1,425.56,-26.05,2869,Fatima Lopez,3/17/2024,Keyboard,Electronic,Morocco,Casablanca,60.19,425.56,366.14,0,25.28,Credit Card,Direct,K. Haddad,MAD
12754,4,2780.08,1277.88,2271,Mariam Ibrahim,6/24/2024,Headphone,Tech,Germany,Berlin,197.4,731.6,325.26,0.05,3.76,Credit Card,Retail,L. Martin,USD
12755,5,2058.46,152.82,1140,Lucas Lopez,4/27/2024,Mouse,Electronic,UAE,Dubai,331.21,433.36,305.56,0.05,46.63,PayPal,Retail,M. Lopez,EUR
12756,2,1144.104,104.224,2313,Fatima Garcia,3/12/2023,Tablet,Tech,Morocco,Casablanca,127.56,602.16,451.53,0.05,9.26,PayPal,Retail,K. Haddad,EUR
12757,2,542.754,-50.286,2457,Sara Kowalski,9/6/2023,Tablet,Tech,USA,New York,99.1,301.53,230.89,0.1,32.16,PayPal,Online,A. Johnson,USD
12758,3,938.4,104.38,2494,Noah Smith,4/7/2024,Headphone,Gadgets,Morocco,Casablanca,0,368,263.84,0.15,42.5,Cash,Partner,M. Lopez,MAD
12759,1,388.4925,34.8725,1607,Leo Ibrahim,2/28/2025,Mouse,Tech,USA,New York,64.83,457.05,239.12,0.15,49.67,Cash,Partner,Unknown,EUR
12760,5,2984.24,-62.76,1608,Leo Rahmani,12/31/2024,Phone,Tech,Morocco,Casablanca,370.39,746.06,529.86,0.2,27.31,Bank Transfer,Online,Unknown,USD
12761,7,6787.1895,940.5095,2321,Emma Ibrahim,4/27/2023,Laptop,Electronic,Germany,Berlin,1086.56,1020.63,678.22,0.05,12.58,Bank Transfer,Partner,K. Haddad,USD
12762,2,145.242,-879.738,1975,Youssef Rossi,7/22/2024,Laptop,Electronic,Morocco,Casablanca,0,80.69,491,0.1,42.98,PayPal,Retail,L. Martin,EUR
12763,6,769.641,-104.119,2910,Ahmed Ibrahim,5/17/2023,Phone,Electronic,USA,New York,142.25,150.91,115.41,0.15,39.05,Crypto,Partner,Unknown,USD
12764,3,4044.75,2011.68,1418,Nora Dubois,7/21/2023,Phone,Electronic,Morocco,Casablanca,268.3,1348.25,575.13,0,39.38,PayPal,Partner,Unknown,MAD
12765,6,986.64,56.96,2223,Youssef Dubois,1/31/2025,Laptop,Electronic,USA,New York,157.52,164.44,125.62,0,18.44,Credit Card,Partner,L. Martin,EUR
12766,1,1026.072,-95.618,2075,Mariam Silva,9/15/2024,Smartphone,Gadgets,Morocco,Casablanca,92.14,1282.59,982.97,0.2,46.58,Crypto,Partner,A. Johnson,MAD
12767,1,969.4,237.8,2608,Sara Garcia,9/18/2023,Mouse,Electronic,France,Paris,173.26,969.4,519.22,0,39.12,Cash,Online,Unknown,USD
12768,4,204.096,3.506,1101,Lucas Lopez,7/5/2023,Laptop,Electronic,France,Paris,35.87,63.78,37.09,0.2,16.36,Crypto,Online,Unknown,USD
12769,1,1011.4745,463.3145,2355,Emma Garcia,6/7/2025,Headphone,Gadgets,Morocco,Casablanca,53.42,1064.71,491,0.05,3.74,Bank Transfer,Direct,A. Johnson,MAD
12770,7,9321.921,1608.391,1871,Luis Benali,4/14/2025,Mouse,Tech,Morocco,Casablanca,529.48,1479.67,1020.89,0.1,37.82,Crypto,Partner,S. Rossi,USD
12771,5,186.96,-46.39,1973,Maria Ibrahim,8/25/2024,Keyboard,Electronic,USA,New York,21.22,46.74,32.92,0.2,47.53,Credit Card,Direct,S. Rossi,USD
12772,2,130.549,-4.071,2797,Ahmed Garcia,2/8/2023,Monitor,Electronic,USA,New York,24.69,68.71,48.37,0.05,13.19,Bank Transfer,Retail,L. Martin,USD
12773,1,828.3675,142.9575,2039,Ali Khan,4/21/2024,Keyboard,Tech,Germany,Berlin,0,974.55,660.57,0.15,24.84,Credit Card,Retail,A. Johnson,USD
12774,1,918.2795,178.7595,2409,Youssef Benali,5/18/2023,Phone,Tech,UAE,Dubai,108.2,966.61,606.89,0.05,24.43,Credit Card,Online,S. Rossi,EUR
12775,2,517.632,16.492,1641,Emma Haddad,2/13/2023,Tablet,Electronic,Spain,Madrid,53.94,323.52,222.45,0.2,2.3,Credit Card,Online,S. Rossi,EUR
12776,4,3907.044,1015.164,2647,Ahmed Benali,3/30/2023,Monitor,Electronic,Spain,Madrid,372.57,1085.29,622.73,0.1,28.39,Cash,Direct,Unknown,USD
12777,2,742.36,-287.65,2701,Luis Dubois,2/10/2025,Keyboard,Tech,Spain,Madrid,43.96,371.18,491,0,4.05,Credit Card,Partner,M. Lopez,USD
12778,2,629.72,-55.2,1718,Noah Smith,10/26/2024,Tablet,Electronic,UAE,Dubai,125.04,314.86,268.81,0,22.26,Bank Transfer,Retail,S. Rossi,EUR
12779,5,3076.52,-6.98,1895,Luis Dubois,6/2/2023,Laptop,Tech,France,Paris,505.49,769.13,511.15,0.2,22.26,Crypto,Online,A. Johnson,EUR
12780,2,2145.24,104.04,1495,John Kowalski,8/26/2024,Mouse,Electronic,Germany,Berlin,389.48,1072.62,811.11,0,29.5,PayPal,Direct,Unknown,USD
12781,3,351.336,-42.734,2952,Ali Benali,3/16/2023,Keyboard,Gadgets,UAE,Dubai,68.2,146.39,104.41,0.2,12.64,PayPal,Direct,A. Johnson,USD
12782,2,333.166,-29.094,1883,Ali Rossi,9/6/2024,Headphone,Electronic,Spain,Madrid,64.14,195.98,136.32,0.15,25.48,Bank Transfer,Online,A. Johnson,USD
12783,4,769.006,249.656,1958,Leo Khan,12/24/2024,Monitor,Tech,USA,New York,142.96,202.37,87,0.05,28.39,Crypto,Direct,A. Johnson,EUR
12784,7,8511.594,122.354,1931,Lucas Silva,9/23/2023,Monitor,Gadgets,USA,New York,1083.86,1430.52,1040.78,0.15,19.92,Bank Transfer,Online,A. Johnson,USD
12785,5,2550.68,-788.47,2973,Ahmed Dubois,7/26/2023,Tablet,Tech,UAE,Dubai,464.22,637.67,565.09,0.2,49.48,Credit Card,Retail,Unknown,MAD
12786,7,7735.8925,1638.4525,1066,Noah Ibrahim,10/6/2024,Keyboard,Gadgets,Morocco,Casablanca,0,1300.15,868.73,0.15,16.33,Cash,Partner,A. Johnson,USD
12787,3,1219.41,461.1,1561,Emma Dubois,11/9/2024,Mouse,Tech,Spain,Madrid,205.98,406.47,181.91,0,6.6,Crypto,Partner,A. Johnson,USD
12788,5,6988.2,2675.39,2580,Lucas Khan,3/3/2024,Headphone,Electronic,USA,New York,916.95,1397.64,674.72,0,22.26,Bank Transfer,Direct,K. Haddad,MAD
12789,1,598.7375,224.4675,1269,Ahmed Chen,2/11/2024,Tablet,Electronic,Germany,Berlin,73.01,630.25,275.8,0.05,25.46,Cash,Online,L. Martin,EUR
12790,6,3082.38,1198.98,2701,Ali Rahmani,5/5/2024,Headphone,Tech,USA,New York,164.79,513.73,283.48,0,17.73,Credit Card,Partner,A. Johnson,USD
12791,4,5678.28,914.43,1431,Nora Benali,3/3/2024,Keyboard,Electronic,France,Paris,391.76,1419.57,1083.79,0,36.93,Credit Card,Direct,A. Johnson,MAD
12792,4,4118.688,835.178,2288,Maria Dubois,1/4/2025,Smartphone,Tech,USA,New York,409.99,1287.09,710.73,0.2,30.6,Credit Card,Partner,M. Lopez,EUR
12793,1,29.608,-32.732,1267,Nora Garcia,9/23/2023,Laptop,Gadgets,Morocco,Casablanca,5.09,37.01,28.93,0.2,28.32,Credit Card,Retail,Unknown,USD
12794,3,2021.598,-147.302,2060,Ali Rossi,1/28/2024,Tablet,Tech,Morocco,Casablanca,179.48,748.74,655.72,0.1,22.26,PayPal,Online,A. Johnson,USD
12795,5,-1771.08,-4475.14,1343,Leo Kowalski,5/12/2025,Keyboard,Gadgets,Morocco,Casablanca,236.21,-442.77,491,0.2,12.85,Credit Card,Direct,S. Rossi,USD
12796,3,1470.42,10.55,2657,Maria Lopez,6/30/2024,Smartphone,Gadgets,Morocco,Casablanca,198.66,544.6,420.11,0.1,0.88,Crypto,Direct,Unknown,USD
12797,5,5580.9,325.33,1604,Leo Kowalski,10/17/2024,Mouse,Gadgets,USA,New York,481.96,1240.2,945.74,0.1,44.91,Credit Card,Online,M. Lopez,USD
12798,7,1968.498,-14.212,2132,Noah Benali,11/23/2024,Mouse,Electronic,France,Paris,0,312.46,276.69,0.1,45.88,Bank Transfer,Partner,L. Martin,EUR
12799,3,3315.006,1337.856,1638,Youssef Smith,7/11/2024,Headphone,Electronic,Morocco,Casablanca,479.58,1163.16,491,0.05,24.57,Bank Transfer,Online,Unknown,MAD
12800,1,663.8315,218.3315,2085,Maria Lopez,5/16/2024,Smartphone,Gadgets,Morocco,Casablanca,49.26,698.77,352.28,0.05,43.96,Credit Card,Online,Unknown,MAD
12801,1,92.24,-1.08,1492,Lucas Haddad,3/8/2024,Keyboard,Tech,Morocco,Casablanca,9.19,115.3,61.64,0.2,22.49,PayPal,Retail,S. Rossi,USD
12802,6,7656.78,2713.77,2387,John Khan,9/15/2024,Tablet,Tech,UAE,Dubai,972.71,1276.13,657.12,0,27.58,PayPal,Retail,A. Johnson,USD
12803,7,1128.8935,90.6835,2313,Sara Silva,1/31/2024,Tablet,Tech,Spain,Madrid,0,189.73,143.65,0.15,32.66,Credit Card,Direct,A. Johnson,USD
12804,7,1940.603,726.283,2930,Ali Ibrahim,2/26/2024,Smartphone,Tech,Germany,Berlin,364.8,291.82,118.18,0.05,22.26,Credit Card,Direct,K. Haddad,EUR
12805,7,4717.328,1062.598,1284,Maria Chen,12/22/2024,Tablet,Gadgets,Morocco,Casablanca,622.03,842.38,429.15,0.2,28.65,Bank Transfer,Partner,M. Lopez,USD
12806,6,2836.566,-345.124,1259,Sara Benali,1/28/2024,Mouse,Tech,Germany,Berlin,342.46,525.29,470.24,0.1,17.79,Bank Transfer,Online,S. Rossi,EUR
12807,1,339.169,-242.721,1023,Lucas Haddad,7/29/2024,Tablet,Tech,France,Paris,63.91,357.02,491,0.05,26.98,Crypto,Direct,L. Martin,MAD
12808,6,5389.221,1369.771,1790,Sofia Rossi,1/5/2025,Monitor,Electronic,USA,New York,1030.74,1056.71,491,0.15,42.71,Credit Card,Online,A. Johnson,USD
12809,3,624.8775,-106.7525,2820,Sara Ibrahim,3/2/2023,Phone,Gadgets,Morocco,Casablanca,114.38,245.05,195.09,0.15,31.98,Credit Card,Direct,S. Rossi,EUR
12810,2,1242.58,566.35,2161,Fatima Ibrahim,12/24/2023,Laptop,Gadgets,Spain,Madrid,150.96,621.29,262.44,0,0.39,Crypto,Retail,L. Martin,USD
12811,3,2628.87,1086.37,2698,Mariam Silva,6/14/2023,Mouse,Electronic,Germany,Berlin,139.72,876.29,454.57,0,39.07,PayPal,Direct,M. Lopez,USD
12812,6,7290.72,2107.87,1249,Fatima Benali,12/2/2023,Mouse,Tech,Morocco,Casablanca,494.75,1215.12,778.57,0,16.68,Credit Card,Direct,A. Johnson,MAD
12813,4,4670.84,1516.78,2338,Noah Silva,10/29/2024,Smartphone,Electronic,Morocco,Casablanca,481.72,1167.71,656.32,0,47.06,Crypto,Retail,M. Lopez,MAD
12814,7,-7917.672,-16161.032,2203,John Haddad,10/30/2023,Monitor,Tech,Germany,Berlin,1431.65,-1413.87,970.35,0.2,19.26,PayPal,Direct,L. Martin,USD
12815,6,5022.27,454.13,1660,Emma Silva,5/3/2023,Laptop,Electronic,France,Paris,317.54,930.05,705.12,0.1,19.88,PayPal,Direct,M. Lopez,USD
12816,1,621.015,113.495,1597,Sara Rossi,8/5/2024,Keyboard,Gadgets,Spain,Madrid,42.15,653.7,450.58,0.05,14.79,Credit Card,Partner,L. Martin,EUR
12817,4,4701.486,1444.836,2201,Mariam Lopez,3/6/2025,Monitor,Tech,Spain,Madrid,724.17,1382.79,626.66,0.15,25.84,Credit Card,Retail,A. Johnson,USD
12818,3,512.298,177.258,2904,Emma Smith,12/21/2023,Laptop,Tech,Spain,Madrid,68.71,189.74,82.65,0.1,18.38,Bank Transfer,Online,Unknown,EUR
12819,7,3354.47,303.03,1649,Noah Rossi,10/9/2024,Headphone,Gadgets,UAE,Dubai,597.28,479.21,346.9,0,25.86,Cash,Partner,Unknown,USD
12820,2,1441.458,511.798,1408,Emma Dubois,3/2/2025,Laptop,Tech,France,Paris,242.23,800.81,332.06,0.1,23.31,Cash,Direct,A. Johnson,USD
12821,6,6340.656,88.786,1522,Noah Lopez,6/15/2023,Keyboard,Electronic,USA,New York,489.89,1320.97,954.02,0.2,37.86,Crypto,Online,S. Rossi,USD
12822,3,1421.64,232.98,2280,Emma Rossi,5/28/2024,Mouse,Tech,UAE,Dubai,282.43,473.88,285.99,0,48.26,Credit Card,Partner,A. Johnson,EUR
12823,5,3427.9225,1029.6525,2648,Fatima Chen,8/1/2023,Keyboard,Tech,USA,New York,626.41,806.57,349.92,0.15,22.26,PayPal,Partner,S. Rossi,USD
12824,7,8743.896,2599.246,2916,Sofia Chen,1/2/2024,Keyboard,Gadgets,Spain,Madrid,1697.94,1387.92,635.18,0.1,0.45,Bank Transfer,Partner,M. Lopez,EUR
12825,4,317.73,2.37,1920,Leo Ibrahim,1/14/2025,Laptop,Tech,France,Paris,53.86,93.45,60.36,0.15,20.06,Cash,Online,L. Martin,USD
12826,7,1158.507,241.267,2013,Leo Garcia,3/22/2023,Keyboard,Gadgets,Morocco,Casablanca,169.35,183.89,101.6,0.1,36.69,Credit Card,Direct,Unknown,EUR
12827,5,3445.35,1527.71,2272,Mariam Rossi,2/19/2023,Mouse,Tech,Germany,Berlin,266.84,689.07,329.71,0,2.25,Bank Transfer,Online,S. Rossi,MAD
12828,2,480.14,46.23,2018,Ahmed Silva,8/18/2023,Laptop,Electronic,Morocco,Casablanca,59.58,240.07,182.91,0,8.51,PayPal,Online,S. Rossi,EUR
12829,3,1336.014,548.524,1015,John Kowalski,1/8/2025,Tablet,Electronic,USA,New York,126.15,494.82,220.14,0.1,0.92,Crypto,Online,Unknown,MAD
12830,2,2234.7,348.92,2996,Youssef Haddad,4/21/2023,Headphone,Tech,UAE,Dubai,191.28,1117.35,836.12,0,22.26,Credit Card,Online,M. Lopez,EUR
12831,2,1440.672,253.042,1635,Emma Khan,6/28/2024,Tablet,Tech,UAE,Dubai,192.02,900.42,491,0.2,13.61,PayPal,Retail,S. Rossi,USD
12832,5,2466,651.33,1578,Mariam Lopez,4/3/2023,Keyboard,Gadgets,USA,New York,489.78,548,257.52,0.1,37.29,Crypto,Online,L. Martin,USD
12833,4,1581.44,530.21,1266,Mariam Smith,10/8/2023,Smartphone,Tech,France,Paris,149.19,395.36,219.56,0,23.8,Crypto,Partner,A. Johnson,EUR
12834,2,618.352,86.072,1530,Youssef Kowalski,12/14/2023,Smartphone,Electronic,Germany,Berlin,95.01,386.47,207.31,0.2,22.65,Credit Card,Retail,K. Haddad,MAD
12835,2,1489.761,-46.939,2255,John Rossi,10/24/2023,Phone,Tech,USA,New York,223.37,876.33,646.46,0.15,20.41,Credit Card,Retail,A. Johnson,USD
12836,3,3106.359,-498.971,1109,Fatima Rossi,7/23/2024,Mouse,Electronic,UAE,Dubai,384.74,1218.18,1066.11,0.15,22.26,Bank Transfer,Partner,S. Rossi,USD
12837,1,1076.067,285.907,1189,Mariam Ibrahim,1/31/2025,Keyboard,Electronic,Morocco,Casablanca,63.67,1195.63,692.79,0.1,33.7,Bank Transfer,Online,L. Martin,USD
12838,6,2616.861,-867.229,2468,Sara Haddad,5/29/2023,Laptop,Gadgets,Germany,Berlin,497.61,513.11,491,0.15,40.48,Crypto,Direct,Unknown,MAD
12839,7,7069.552,-1074.588,2116,Ali Kowalski,6/3/2024,Tablet,Tech,Germany,Berlin,1296.29,1262.42,975.31,0.2,20.68,Cash,Direct,S. Rossi,USD
12840,2,425.125,-662.815,2063,Fatima Kowalski,2/4/2025,Laptop,Tech,Spain,Madrid,76.68,223.75,491,0.05,29.26,Cash,Online,L. Martin,USD
12841,5,4999.14,-288.03,2216,Emma Smith,9/10/2023,Tablet,Electronic,UAE,Dubai,825.25,1110.92,885.4,0.1,34.92,Bank Transfer,Online,A. Johnson,MAD
12842,4,4701.132,-28.888,1515,Nora Smith,2/2/2023,Tablet,Tech,Spain,Madrid,325.86,1305.87,1089.55,0.1,45.96,Credit Card,Retail,S. Rossi,EUR
12843,2,196.916,3.316,2630,Noah Kowalski,11/15/2023,Keyboard,Electronic,USA,New York,18.2,103.64,76.57,0.05,22.26,Crypto,Partner,K. Haddad,USD
12844,1,1232.487,-149.033,1352,Sara Kowalski,4/26/2023,Keyboard,Electronic,UAE,Dubai,230.16,1369.43,1112.96,0.1,38.4,Bank Transfer,Online,Unknown,USD
12845,5,783.4875,-140.0425,1478,Maria Silva,12/13/2024,Tablet,Electronic,USA,New York,80.64,184.35,163.25,0.15,26.64,Bank Transfer,Online,S. Rossi,EUR
12846,5,3325.185,1076.945,2466,Maria Benali,3/29/2025,Laptop,Electronic,Morocco,Casablanca,174.33,738.93,407.67,0.1,35.56,Bank Transfer,Online,A. Johnson,MAD
12847,4,277.95,20.2,1379,Emma Smith,6/17/2023,Mouse,Tech,France,Paris,27.34,81.75,48.22,0.15,37.53,PayPal,Direct,Unknown,MAD
12848,7,1702.4,422.75,2583,John Silva,4/9/2025,Keyboard,Electronic,Spain,Madrid,97,256,167.18,0.05,12.39,Cash,Retail,L. Martin,USD
12849,4,4370.544,823.804,2128,Sofia Benali,12/16/2023,Tablet,Tech,USA,New York,693.29,1214.04,706.08,0.1,29.13,Bank Transfer,Direct,A. Johnson,USD
12850,5,4885.8,184.06,2542,Sara Khan,12/22/2024,Phone,Tech,USA,New York,623.44,1149.6,809.55,0.15,30.55,Bank Transfer,Online,L. Martin,MAD
12851,5,4909.725,811.175,2344,Leo Garcia,7/28/2024,Keyboard,Electronic,Morocco,Casablanca,547.66,1091.05,706.51,0.1,18.34,Crypto,Retail,Unknown,EUR
12852,7,517.041,180.421,1391,Luis Haddad,4/12/2023,Laptop,Electronic,Germany,Berlin,52.34,82.07,35.42,0.1,36.34,Credit Card,Partner,Unknown,EUR
12853,5,3772.6,472.49,2039,John Ibrahim,10/13/2024,Tablet,Tech,Spain,Madrid,596.9,754.52,536.19,0,22.26,Crypto,Partner,M. Lopez,EUR
12854,2,357.584,98.494,1701,Ali Khan,1/29/2025,Mouse,Tech,Germany,Berlin,66.57,223.49,91.36,0.2,9.8,Credit Card,Retail,Unknown,MAD
12855,5,3298.05,180.55,2036,Luis Rahmani,5/25/2025,Laptop,Electronic,Morocco,Casablanca,599.95,659.61,499.29,0,21.1,Credit Card,Online,Unknown,MAD
12856,5,4411.92,-748.9,2603,Ahmed Silva,4/7/2023,Keyboard,Tech,USA,New York,668.13,1102.98,888.9,0.2,48.19,Credit Card,Direct,K. Haddad,USD
12857,5,3664.4775,1493.9875,1880,Sara Smith,1/2/2024,Tablet,Tech,Spain,Madrid,0,862.23,432.31,0.15,8.94,Credit Card,Online,A. Johnson,MAD
12858,6,6755.817,-1207.413,2510,Maria Haddad,6/23/2023,Laptop,Tech,USA,New York,1142.84,1324.67,1136.09,0.15,3.85,PayPal,Direct,S. Rossi,EUR
12859,1,1318.19,455.39,1463,Maria Khan,2/27/2025,Monitor,Tech,USA,New York,261.34,1318.19,598.18,0,3.28,PayPal,Retail,L. Martin,USD
12860,3,2056.608,236.338,1670,Ahmed Chen,11/28/2024,Mouse,Electronic,Spain,Madrid,216.36,856.92,530.88,0.2,11.27,Bank Transfer,Retail,A. Johnson,MAD
12861,7,6093.99,1200.92,2586,Luis Rahmani,12/30/2023,Mouse,Electronic,Morocco,Casablanca,698.65,870.57,592.27,0,48.53,Crypto,Online,Unknown,MAD
12862,2,2542.485,250.825,1106,Ahmed Silva,5/6/2025,Headphone,Gadgets,Morocco,Casablanca,378.41,1338.15,951.81,0.05,9.63,Cash,Retail,Unknown,EUR
12863,5,3682.115,-25.055,2611,John Kowalski,1/30/2025,Keyboard,Tech,Spain,Madrid,385.75,866.38,659.09,0.15,25.97,Credit Card,Direct,Unknown,USD
12864,4,399.2,113.68,1734,Leo Silva,9/24/2024,Smartphone,Gadgets,Morocco,Casablanca,0,99.8,68.53,0,11.4,Cash,Partner,Unknown,MAD
12865,7,-1168.65,-2210.94,1703,Ali Chen,9/6/2023,Mouse,Electronic,Morocco,Casablanca,160.09,-166.95,125.36,0,4.68,Crypto,Partner,Unknown,USD
12866,5,1305.3475,262.7575,1568,Noah Chen,9/22/2024,Keyboard,Gadgets,Morocco,Casablanca,136.63,274.81,176.74,0.05,22.26,Cash,Direct,Unknown,USD
12867,4,1216.146,304.866,1150,Nora Haddad,8/13/2023,Laptop,Tech,USA,New York,196,357.69,177.51,0.15,5.24,Credit Card,Partner,Unknown,MAD
12868,5,1854.2,716.38,2466,Ahmed Smith,12/15/2023,Phone,Tech,Germany,Berlin,0,463.55,223.98,0.2,17.92,Cash,Partner,A. Johnson,USD
12869,7,7781.6305,-470.7295,1178,Emma Haddad,9/21/2023,Keyboard,Electronic,USA,New York,1159.12,1170.17,1010.14,0.05,22.26,Crypto,Partner,S. Rossi,USD
12870,7,727.335,234.015,2347,Fatima Khan,6/16/2023,Phone,Tech,UAE,Dubai,55.15,115.45,57.8,0.1,33.57,Cash,Retail,A. Johnson,EUR
12871,3,1032.936,-73.184,2183,Leo Silva,2/15/2025,Smartphone,Electronic,Spain,Madrid,125.93,430.39,319.31,0.2,22.26,Bank Transfer,Online,A. Johnson,USD
12872,3,1417.56,376.19,2630,Noah Dubois,8/9/2023,Laptop,Tech,Morocco,Casablanca,161.27,472.52,285.5,0,23.6,PayPal,Partner,Unknown,MAD
12873,5,5040.4575,-261.5825,1553,Ali Smith,7/31/2024,Tablet,Tech,France,Paris,970.27,1185.99,864.8,0.15,7.77,Credit Card,Online,K. Haddad,USD
12874,5,3502.845,-100.535,2807,John Silva,9/2/2024,Keyboard,Tech,Morocco,Casablanca,535.08,778.41,612.17,0.1,7.45,Crypto,Online,Unknown,USD
12875,3,1087.731,-7.949,2280,Noah Rahmani,9/19/2023,Headphone,Tech,UAE,Dubai,209.81,381.66,293.83,0.05,4.38,Credit Card,Partner,Unknown,USD
12876,3,830.943,307.193,2998,Luis Chen,7/10/2024,Tablet,Gadgets,Spain,Madrid,47.38,325.86,144.98,0.15,41.43,Cash,Retail,Unknown,USD
12877,4,317.44,27.33,2886,Fatima Chen,2/28/2024,Laptop,Gadgets,USA,New York,33.58,79.36,53.7,0,41.73,Credit Card,Online,K. Haddad,EUR
12878,6,761.94,20.81,1936,Ali Chen,2/22/2024,Tablet,Tech,UAE,Dubai,110.09,141.1,103.61,0.1,9.38,Cash,Partner,Unknown,MAD
12879,3,1625.61,540.67,1201,Sofia Garcia,3/4/2025,Laptop,Tech,Morocco,Casablanca,211.64,541.87,282.52,0,25.74,Credit Card,Online,S. Rossi,EUR
12880,4,1781.28,548.47,2329,Noah Chen,1/27/2024,Laptop,Tech,USA,New York,175.8,445.32,259.04,0,20.85,PayPal,Direct,A. Johnson,MAD
12881,4,4795.88,1918.63,2914,Mariam Chen,5/7/2025,Tablet,Tech,Morocco,Casablanca,785.53,1198.97,512.96,0,39.88,Cash,Online,A. Johnson,USD
12882,3,2507.568,-213.222,1471,Nora Dubois,7/24/2024,Smartphone,Tech,Morocco,Casablanca,200.57,1044.82,825.28,0.2,44.38,Crypto,Partner,A. Johnson,USD
12883,4,584.64,143.33,1203,Noah Rahmani,12/21/2023,Tablet,Tech,USA,New York,97.56,146.16,81.39,0,18.19,Cash,Online,S. Rossi,MAD
12884,1,565.098,-54.292,1949,Sofia Rossi,2/14/2023,Tablet,Tech,Morocco,Casablanca,60.82,594.84,523.45,0.05,35.12,PayPal,Online,S. Rossi,USD
12885,7,3699.57,12.97,1300,Mariam Rossi,6/20/2023,Mouse,Electronic,Spain,Madrid,201.78,528.51,491,0,47.82,Crypto,Online,Unknown,USD
12886,3,1797.093,441.353,2708,Maria Kowalski,3/4/2025,Keyboard,Tech,France,Paris,298.02,665.59,351.52,0.1,3.16,Bank Transfer,Retail,K. Haddad,USD
12887,6,4684.992,-775.758,1204,Youssef Khan,6/15/2025,Keyboard,Electronic,France,Paris,343.7,976.04,852.74,0.2,0.61,Crypto,Direct,Unknown,USD
12888,5,3013.08,-555.96,1908,Youssef Ibrahim,11/7/2024,Mouse,Tech,USA,New York,296.56,753.27,645.08,0.2,47.08,Cash,Direct,A. Johnson,MAD
12889,1,1079.37,348.52,1937,Luis Kowalski,3/25/2025,Smartphone,Tech,France,Paris,168.95,1079.37,514.59,0,47.31,Cash,Partner,S. Rossi,EUR
12890,1,448.9985,-34.8915,2162,Youssef Dubois,10/8/2024,Tablet,Tech,Morocco,Casablanca,71.84,472.63,409.13,0.05,2.92,Credit Card,Direct,S. Rossi,MAD
12891,1,158.859,19.249,2013,Noah Benali,5/17/2025,Mouse,Tech,Morocco,Casablanca,16.96,167.22,121.99,0.05,0.66,PayPal,Online,S. Rossi,EUR
12892,5,3794.7,927.69,1795,Noah Chen,1/3/2024,Phone,Tech,Morocco,Casablanca,734.27,758.94,421.97,0,22.89,Credit Card,Online,L. Martin,USD
12893,4,270.98,41.91,1353,Ali Dubois,1/19/2025,Smartphone,Tech,USA,New York,41.5,79.7,42.21,0.15,18.73,Crypto,Online,K. Haddad,USD
12894,4,2943.516,-688.904,2559,Ali Kowalski,4/9/2023,Tablet,Gadgets,UAE,Dubai,524.46,865.74,773.15,0.15,15.36,Credit Card,Partner,A. Johnson,EUR
12895,3,1356.396,-3.614,2882,Luis Rahmani,4/7/2025,Tablet,Electronic,UAE,Dubai,188.36,531.92,377.14,0.15,40.23,PayPal,Online,Unknown,USD
12896,4,4167.488,-1061.352,1229,Maria Benali,6/9/2023,Monitor,Electronic,Spain,Madrid,727.86,1302.34,1113.21,0.2,48.14,Credit Card,Retail,K. Haddad,MAD
12897,1,906.0235,46.1435,2374,Luis Khan,5/27/2023,Phone,Tech,Spain,Madrid,75.24,1065.91,754.71,0.15,29.93,Credit Card,Online,A. Johnson,USD
12898,2,255.504,-37.166,2633,Luis Garcia,4/22/2025,Laptop,Gadgets,Spain,Madrid,48.83,159.69,121.89,0.2,0.06,Credit Card,Direct,Unknown,USD
12899,1,771.95,302.09,2915,Sara Khan,11/11/2023,Monitor,Tech,Germany,Berlin,108.85,771.95,347.5,0,13.51,Credit Card,Partner,S. Rossi,USD
12900,7,2040.29,313.65,1142,Leo Kowalski,1/23/2023,Laptop,Gadgets,Spain,Madrid,201.15,291.47,214.77,0,22.1,PayPal,Online,L. Martin,USD
12901,5,5724.0275,2098.9975,1758,Noah Kowalski,1/17/2024,Mouse,Electronic,Morocco,Casablanca,801.22,1346.83,560.31,0.15,22.26,Cash,Partner,K. Haddad,MAD
12902,6,743.094,-128.846,1049,Sofia Haddad,11/28/2024,Tablet,Tech,Morocco,Casablanca,142.95,137.61,120.43,0.1,6.41,Bank Transfer,Online,S. Rossi,EUR
12903,4,2099.124,-116.016,2658,Lucas Silva,5/2/2025,Laptop,Electronic,USA,New York,222.72,583.09,491,0.1,28.42,Credit Card,Partner,L. Martin,EUR
12904,4,1768.36,918.63,1970,Ahmed Chen,10/14/2024,Mouse,Electronic,USA,New York,0,442.09,206.98,0,21.81,Cash,Online,Unknown,USD
12905,4,4895.712,692.182,1051,Lucas Rossi,8/15/2024,Tablet,Tech,Morocco,Casablanca,437.12,1359.92,935.75,0.1,23.41,Crypto,Online,L. Martin,USD
12906,7,8322.888,-1873.982,1141,Youssef Haddad,9/15/2023,Keyboard,Electronic,Germany,Berlin,1407.47,1486.23,1249.84,0.2,40.52,Credit Card,Online,L. Martin,EUR
12907,5,2008.0825,-242.6875,1287,Mariam Silva,2/24/2025,Tablet,Tech,UAE,Dubai,366.15,472.49,371.84,0.15,25.42,Crypto,Retail,M. Lopez,MAD
12908,7,1796.984,-55.276,2805,Ahmed Silva,2/2/2025,Keyboard,Electronic,Germany,Berlin,356.58,320.89,212.74,0.2,6.5,Credit Card,Partner,A. Johnson,USD
12909,7,1771.448,-254.022,2416,John Ibrahim,9/22/2024,Keyboard,Electronic,USA,New York,196.31,316.33,255.81,0.2,38.49,Credit Card,Direct,K. Haddad,USD
12910,7,10308.9,4180.07,2324,John Haddad,1/17/2023,Tablet,Gadgets,Spain,Madrid,1150.65,1472.7,705.45,0,40.03,Credit Card,Direct,L. Martin,USD
12911,2,2451.006,222.396,1108,Luis Silva,10/11/2023,Mouse,Tech,Germany,Berlin,0,1361.67,1104.26,0.1,20.09,Bank Transfer,Retail,L. Martin,USD
12912,6,637.653,-2437.767,2824,Mariam Haddad,10/8/2023,Laptop,Electronic,USA,New York,88.74,125.03,491,0.15,40.68,Bank Transfer,Online,Unknown,EUR
12913,3,968.517,278.117,1928,Mariam Haddad,10/25/2023,Keyboard,Gadgets,Morocco,Casablanca,146.13,358.71,177.74,0.1,11.05,PayPal,Partner,L. Martin,USD
12914,7,3681.146,-723.194,1442,John Smith,3/31/2024,Laptop,Tech,Spain,Madrid,635.88,618.68,536.34,0.15,14.08,Crypto,Retail,K. Haddad,MAD
12915,2,2231.132,-168.138,2840,Sofia Garcia,7/7/2023,Keyboard,Electronic,USA,New York,294.92,1174.28,1035.22,0.05,33.91,Bank Transfer,Online,L. Martin,MAD
12916,7,5629.288,2282.398,1550,Luis Silva,10/4/2024,Tablet,Tech,Germany,Berlin,323.83,1005.23,425.78,0.2,42.6,Crypto,Direct,M. Lopez,MAD
12917,3,454.86,54.75,2341,Maria Chen,4/8/2023,Keyboard,Electronic,USA,New York,90.57,151.62,87.23,0,47.85,Crypto,Online,L. Martin,USD
12918,3,3787.587,166.027,2747,Ahmed Benali,2/10/2023,Laptop,Tech,Morocco,Casablanca,255.75,1402.81,1108.36,0.1,40.73,Bank Transfer,Direct,Unknown,EUR
12919,7,7510.776,390.526,1208,Sofia Ibrahim,8/22/2024,Headphone,Tech,Morocco,Casablanca,946.78,1129.44,879.57,0.05,16.48,Cash,Online,A. Johnson,USD
12920,4,3054.832,1064.152,2576,Ahmed Rahmani,2/9/2025,Tablet,Tech,Morocco,Casablanca,474.47,898.48,373.31,0.15,22.97,PayPal,Online,S. Rossi,MAD
12921,7,6804.063,203.003,1822,Sofia Haddad,7/17/2024,Keyboard,Tech,Germany,Berlin,1055.02,1080.01,786.37,0.1,41.45,Crypto,Online,K. Haddad,USD
12922,6,3945.672,1173.952,1650,John Dubois,3/26/2025,Keyboard,Tech,Spain,Madrid,407.19,730.68,390.2,0.1,23.33,Credit Card,Direct,Unknown,USD
12923,3,999,242.45,2287,Luis Haddad,8/5/2023,Phone,Gadgets,Spain,Madrid,98.69,370,215.69,0.1,10.79,Credit Card,Direct,Unknown,USD
12924,2,1687.568,345.798,2729,John Garcia,2/20/2025,Mouse,Tech,Morocco,Casablanca,168.24,1054.73,569.18,0.2,35.17,PayPal,Direct,L. Martin,USD
12925,1,501.22,87.06,1662,Luis Benali,1/20/2025,Keyboard,Tech,Germany,Berlin,25.74,501.22,359.05,0,29.37,PayPal,Partner,S. Rossi,EUR
12926,3,3326.232,833.152,2279,Youssef Silva,4/9/2025,Keyboard,Tech,Morocco,Casablanca,367.82,1385.93,698.32,0.2,30.3,Credit Card,Direct,K. Haddad,EUR
12927,4,5210.636,1224.396,2020,Maria Ibrahim,11/18/2024,Tablet,Gadgets,USA,New York,735.82,1371.22,807.04,0.05,22.26,Bank Transfer,Online,K. Haddad,MAD
12928,6,3758.241,303.761,2384,Sara Silva,10/15/2023,Mouse,Tech,UAE,Dubai,600.95,736.91,473.82,0.15,10.61,Cash,Online,K. Haddad,USD
12929,6,3015.684,1183.164,2166,Noah Benali,6/7/2023,Tablet,Electronic,Spain,Madrid,288.24,558.46,251.43,0.1,35.7,Crypto,Retail,Unknown,MAD
12930,2,814.028,-67.982,1973,Youssef Silva,2/19/2024,Laptop,Electronic,Germany,Berlin,99.45,478.84,370.46,0.15,41.64,Bank Transfer,Retail,Unknown,USD
12931,2,2297.233,354.323,1419,Lucas Haddad,11/20/2024,Monitor,Tech,France,Paris,373.21,1209.07,778.69,0.05,12.32,Bank Transfer,Online,Unknown,USD
12932,3,842.88,-210.44,2116,Sara Rahmani,3/13/2025,Tablet,Tech,France,Paris,163.08,351.2,283.63,0.2,39.35,Credit Card,Retail,Unknown,USD
12933,6,4502.88,1526.23,2967,Maria Ibrahim,11/9/2024,Tablet,Electronic,Morocco,Casablanca,629.57,938.1,387.47,0.2,22.26,Crypto,Online,K. Haddad,EUR
12934,3,4036.17,1247.79,1256,Fatima Rahmani,3/26/2025,Tablet,Gadgets,UAE,Dubai,219.76,1416.2,850.74,0.05,16.4,Cash,Online,M. Lopez,USD
12935,2,2693.88,-460.58,1504,Fatima Khan,2/3/2023,Headphone,Tech,Morocco,Casablanca,482.5,1496.6,1328.38,0.1,15.2,PayPal,Retail,A. Johnson,USD
12936,3,3457.944,797.364,2621,John Lopez,8/9/2024,Headphone,Gadgets,Morocco,Casablanca,673.96,1280.72,650.81,0.1,34.19,Credit Card,Direct,S. Rossi,USD
12937,5,5011.29,1014.98,2838,Mariam Benali,10/29/2023,Smartphone,Tech,UAE,Dubai,715.15,1113.62,655.1,0.1,5.66,Credit Card,Direct,Unknown,EUR
12938,3,4458.6,1834.86,2663,Luis Silva,1/29/2025,Mouse,Tech,USA,New York,718.68,1486.2,634.54,0,1.44,Credit Card,Retail,L. Martin,USD
12939,3,3100.17,720.02,2891,Ali Smith,2/13/2023,Keyboard,Tech,USA,New York,313.25,1033.39,679.72,0,27.74,Credit Card,Partner,Unknown,MAD
12940,3,2856.2805,444.8505,1921,Sofia Silva,11/5/2024,Keyboard,Gadgets,USA,New York,443.56,1120.11,649.53,0.15,19.28,Bank Transfer,Retail,M. Lopez,EUR
12941,7,2598.624,-343.216,1313,Ali Benali,6/29/2024,Mouse,Electronic,Spain,Madrid,451.45,412.48,348.86,0.1,48.37,Credit Card,Retail,S. Rossi,EUR
12942,5,538.68,-55.85,2613,Leo Lopez,11/23/2024,Mouse,Electronic,USA,New York,38.94,134.67,101.9,0.2,46.09,Credit Card,Retail,L. Martin,USD
12943,7,3791.872,-615.088,2482,Youssef Chen,5/10/2023,Phone,Tech,UAE,Dubai,648.34,677.12,534.89,0.2,14.39,Credit Card,Online,M. Lopez,USD
12944,5,1297.4,30.88,1611,John Garcia,2/15/2024,Smartphone,Electronic,Morocco,Casablanca,229.81,259.48,201.18,0,30.81,Credit Card,Online,A. Johnson,USD
12945,4,3938.724,1182.464,2589,Ahmed Kowalski,1/10/2024,Headphone,Tech,Spain,Madrid,237.48,1094.09,619.98,0.1,38.86,Crypto,Direct,K. Haddad,USD
12946,2,1300.568,198.688,1731,Noah Chen,8/19/2024,Keyboard,Tech,Morocco,Casablanca,210.17,765.04,431.81,0.15,28.09,Cash,Retail,A. Johnson,USD
12947,7,162.603,3.193,2303,Ali Smith,10/27/2023,Phone,Tech,France,Paris,26.6,25.81,15.02,0.1,27.67,Crypto,Retail,S. Rossi,USD
12948,3,2779.68,1287.54,2873,Lucas Haddad,11/17/2024,Headphone,Tech,Morocco,Casablanca,229.64,926.56,418.72,0,6.34,Credit Card,Online,M. Lopez,EUR
12949,1,797.048,254.168,1277,Ahmed Silva,12/21/2023,Smartphone,Electronic,Spain,Madrid,91.38,996.31,407.29,0.2,44.21,Credit Card,Retail,K. Haddad,USD
12950,5,1471.5,104.73,1314,Youssef Lopez,8/13/2023,Laptop,Electronic,Germany,Berlin,228.23,294.3,221.76,0,29.74,Credit Card,Direct,M. Lopez,MAD
12951,6,6421.518,158.758,2100,Leo Rahmani,6/22/2024,Keyboard,Electronic,France,Paris,0,1189.17,1042.07,0.1,10.34,Cash,Retail,M. Lopez,USD
12952,5,4842.92,-455.19,2128,Leo Chen,4/5/2023,Mouse,Electronic,France,Paris,381.97,1210.73,981.99,0.2,6.19,Cash,Online,Unknown,USD
12953,6,5899.44,2591.77,2889,Sofia Silva,10/17/2024,Tablet,Tech,UAE,Dubai,503.19,983.24,464.17,0,19.46,Bank Transfer,Retail,M. Lopez,EUR
12954,4,3744.96,-94.6,1595,Noah Dubois,10/9/2024,Laptop,Gadgets,USA,New York,237.14,1170.3,899.02,0.2,6.34,PayPal,Partner,Unknown,MAD
12955,2,2540.965,-41.495,2673,Sofia Rahmani,12/15/2024,Tablet,Tech,USA,New York,322.22,1337.35,1119.44,0.05,21.36,Crypto,Online,Unknown,EUR
12956,7,1780.7755,-325.9445,2175,Mariam Rahmani,5/16/2024,Mouse,Tech,Spain,Madrid,352.37,299.29,250.22,0.15,2.81,PayPal,Online,Unknown,USD
12957,5,304.72,7.93,2603,Ali Rossi,5/6/2023,Tablet,Gadgets,USA,New York,26.77,76.18,49.08,0.2,24.62,PayPal,Partner,A. Johnson,EUR
12958,1,517.52,114.94,1985,Sara Khan,1/21/2025,Mouse,Electronic,Morocco,Casablanca,43.27,646.9,310.88,0.2,48.43,Credit Card,Retail,S. Rossi,USD
12959,1,541.576,-111.044,2608,Nora Chen,6/21/2024,Smartphone,Tech,Spain,Madrid,64.44,676.97,574.95,0.2,13.23,Credit Card,Online,L. Martin,USD
12960,2,1553.776,-346.684,1732,Nora Smith,10/8/2023,Keyboard,Tech,France,Paris,242.67,971.11,820.59,0.2,16.61,Credit Card,Partner,K. Haddad,USD
12961,6,7758.156,3601.406,2279,Mariam Rahmani,1/30/2024,Tablet,Tech,Germany,Berlin,678.43,1361.08,571.77,0.05,47.7,Credit Card,Partner,Unknown,USD
12962,5,1491.6,326.85,1242,John Garcia,9/26/2023,Phone,Tech,Germany,Berlin,269.15,298.32,172.82,0,31.5,Credit Card,Online,A. Johnson,USD
12963,5,296.685,45.425,1809,Lucas Garcia,10/16/2024,Laptop,Electronic,Morocco,Casablanca,44.88,65.93,35.32,0.1,29.78,PayPal,Direct,M. Lopez,USD
12964,3,176.97,-11.96,1443,Luis Smith,8/25/2023,Headphone,Electronic,Morocco,Casablanca,17.21,69.4,52.66,0.15,13.74,Crypto,Retail,A. Johnson,USD
12965,4,2468.32,74.81,1151,Youssef Silva,8/11/2023,Monitor,Tech,UAE,Dubai,399.55,617.08,491,0,29.96,PayPal,Online,K. Haddad,USD
12966,3,450.5565,97.2765,2605,John Kowalski,7/25/2024,Headphone,Electronic,Germany,Berlin,35.37,158.09,97.82,0.05,24.45,Credit Card,Online,Unknown,EUR
12967,5,6488.785,2754.285,1170,Maria Ibrahim,2/1/2023,Tablet,Electronic,Morocco,Casablanca,614.03,1366.06,618.14,0.05,29.77,PayPal,Online,A. Johnson,USD
12968,7,6331.598,1486.488,1845,Luis Ibrahim,9/18/2023,Tablet,Electronic,UAE,Dubai,1049.92,952.12,538.99,0.05,22.26,Credit Card,Partner,A. Johnson,EUR
12969,6,963.015,337.225,1165,Mariam Lopez,8/22/2023,Headphone,Electronic,Germany,Berlin,57.42,168.95,90.21,0.05,27.11,Crypto,Direct,S. Rossi,EUR
12970,1,541.025,26.285,2254,Maria Rahmani,11/14/2023,Laptop,Gadgets,France,Paris,73.94,569.5,418.54,0.05,22.26,Crypto,Online,Unknown,USD
12971,7,6745.361,890.131,1572,Leo Ibrahim,3/24/2024,Keyboard,Tech,Spain,Madrid,1270.02,1014.34,654.93,0.05,0.7,Cash,Direct,S. Rossi,MAD
12972,3,4058.115,1517.945,1678,Lucas Haddad,9/7/2023,Mouse,Tech,Germany,Berlin,353.08,1423.9,721.61,0.05,22.26,Bank Transfer,Partner,K. Haddad,EUR
12973,6,4100.544,-552.906,2714,Leo Dubois,2/27/2023,Tablet,Tech,Spain,Madrid,0,854.28,768.8,0.2,40.65,Cash,Retail,Unknown,USD
12974,6,7609.914,923.934,1008,Emma Rossi,3/5/2024,Keyboard,Gadgets,France,Paris,1036.32,1492.14,937.9,0.15,22.26,Credit Card,Direct,Unknown,EUR
12975,6,2227.218,470.188,1689,Sofia Garcia,1/28/2025,Mouse,Electronic,France,Paris,363.72,390.74,225.41,0.05,40.85,Cash,Retail,Unknown,EUR
12976,5,2672.9525,-331.8275,2264,Ahmed Smith,3/30/2024,Laptop,Tech,Morocco,Casablanca,252.51,628.93,541.46,0.15,44.97,Bank Transfer,Online,Unknown,USD
12977,6,7740.828,2874.208,2269,John Silva,12/11/2023,Headphone,Electronic,France,Paris,1446.72,1358.04,566.18,0.05,22.82,Bank Transfer,Partner,S. Rossi,EUR
12978,1,1272.942,265.022,2638,Sara Benali,10/19/2023,Smartphone,Gadgets,UAE,Dubai,101.66,1414.38,874.04,0.1,32.22,Bank Transfer,Partner,A. Johnson,MAD
12979,6,3651.84,-415.9,2371,Leo Smith,10/5/2023,Keyboard,Gadgets,USA,New York,0,760.8,673.63,0.2,25.96,Credit Card,Direct,Unknown,USD
12980,1,622.592,-62.628,2572,Luis Lopez,2/28/2023,Mouse,Electronic,Germany,Berlin,113.45,655.36,528.95,0.05,42.82,Bank Transfer,Online,K. Haddad,USD
12981,7,6462.064,1589.384,1554,John Rossi,9/19/2024,Tablet,Electronic,Spain,Madrid,344.44,1153.94,643.06,0.2,26.82,Cash,Retail,S. Rossi,USD
12982,4,5042.404,-377.286,1346,Maria Rossi,3/13/2025,Tablet,Tech,Spain,Madrid,770.35,1483.06,1157.86,0.15,17.9,Credit Card,Online,K. Haddad,EUR
12983,7,2378.2745,-283.6355,2425,Maria Khan,8/26/2024,Tablet,Tech,Morocco,Casablanca,217.85,399.71,342.97,0.15,43.27,Cash,Partner,A. Johnson,EUR
12984,4,1722.08,247.36,2192,Ali Rossi,5/26/2025,Headphone,Tech,Morocco,Casablanca,256.94,538.15,301.67,0.2,11.1,Credit Card,Online,M. Lopez,MAD
12985,7,4594.17,2198.73,2262,Nora Haddad,10/30/2023,Tablet,Electronic,Spain,Madrid,288.3,656.31,294.43,0,46.13,Crypto,Online,M. Lopez,USD
12986,5,4451.2375,-583.1125,2319,Ahmed Chen,10/12/2024,Laptop,Gadgets,Morocco,Casablanca,654.71,1047.35,872.02,0.15,19.54,Credit Card,Direct,Unknown,USD
12987,1,322.89,89.2,1617,Sara Khan,4/19/2025,Laptop,Tech,USA,New York,57.73,322.89,139.65,0,36.31,PayPal,Online,L. Martin,USD
12988,5,2266.38,776.98,1511,Nora Dubois,4/28/2025,Mouse,Electronic,USA,New York,370.1,503.64,220.08,0.1,18.9,Bank Transfer,Retail,S. Rossi,USD
12989,7,2900.065,-247.155,2052,John Haddad,10/12/2024,Mouse,Tech,USA,New York,409.43,436.1,389.36,0.05,12.27,PayPal,Online,L. Martin,EUR
12990,3,522.99,10.93,1041,Noah Chen,6/9/2023,Tablet,Tech,France,Paris,34.59,174.33,147.87,0,33.86,Credit Card,Direct,A. Johnson,USD
12991,5,3861.05,1098.25,2593,Sara Rahmani,3/6/2024,Headphone,Tech,Germany,Berlin,194.26,772.21,508.16,0,27.74,Bank Transfer,Retail,S. Rossi,USD
12992,3,2709.936,-65.944,1515,Fatima Chen,6/14/2023,Mouse,Tech,Germany,Berlin,298.36,1129.14,816.41,0.2,28.29,Credit Card,Online,M. Lopez,USD
12993,4,1127.2,-238.91,1754,Noah Chen,12/24/2024,Headphone,Electronic,France,Paris,112.21,352.25,307.91,0.2,22.26,Credit Card,Retail,A. Johnson,USD
12994,4,2609.466,865.066,2357,Ali Smith,1/10/2025,Laptop,Electronic,USA,New York,290.24,767.49,359.57,0.15,15.88,Cash,Retail,Unknown,MAD
12995,7,7426.7865,1744.6865,2276,Sara Kowalski,7/17/2024,Smartphone,Gadgets,UAE,Dubai,1463.76,1116.81,598.57,0.05,28.35,PayPal,Online,Unknown,MAD
12996,5,548.595,-1971.645,1437,Noah Benali,4/23/2024,Mouse,Tech,USA,New York,32.4,121.91,491,0.1,32.84,PayPal,Online,L. Martin,USD
12997,5,2902.5375,1000.7675,2936,Fatima Haddad,10/17/2023,Keyboard,Gadgets,France,Paris,430.76,682.95,289.75,0.15,22.26,Credit Card,Partner,L. Martin,USD
12998,4,2384.842,823.442,2726,Noah Dubois,12/13/2023,Laptop,Electronic,UAE,Dubai,363.42,627.59,288.13,0.05,45.46,Credit Card,Online,Unknown,MAD
12999,3,2483.2665,-374.4635,2803,Youssef Lopez,3/20/2023,Headphone,Tech,Spain,Madrid,287.39,973.83,845.86,0.15,32.76,PayPal,Partner,Unknown,MAD
13000,3,965.637,-78.943,1499,Fatima Silva,4/8/2025,Phone,Electronic,France,Paris,181.48,338.82,275.95,0.05,35.25,Credit Card,Partner,L. Martin,USD
13001,6,5725.824,-179.386,2840,Sofia Benali,5/12/2024,Mouse,Tech,Morocco,Casablanca,345.13,1192.88,925.01,0.2,10.02,Bank Transfer,Retail,M. Lopez,USD
13002,5,1882.7075,275.4475,2915,Sofia Chen,8/14/2024,Laptop,Tech,France,Paris,363.58,442.99,244.66,0.15,20.38,Crypto,Online,L. Martin,EUR
13003,2,439.348,5.448,2749,Sofia Garcia,1/1/2024,Tablet,Gadgets,Morocco,Casablanca,55.13,258.44,180.53,0.15,17.71,Credit Card,Partner,A. Johnson,MAD
13004,6,1846.914,526.704,1844,Sara Garcia,3/2/2024,Keyboard,Tech,Germany,Berlin,231.06,362.14,177.03,0.15,26.97,Cash,Retail,K. Haddad,USD
13005,3,2363.4195,729.6495,1030,Nora Kowalski,4/8/2025,Keyboard,Tech,Morocco,Casablanca,216.01,829.27,463.31,0.05,27.83,Bank Transfer,Partner,S. Rossi,USD
13006,6,763.743,-26.757,1689,Emma Chen,11/2/2023,Laptop,Tech,UAE,Dubai,115.89,133.99,106.44,0.05,35.97,Credit Card,Retail,L. Martin,EUR
13007,1,1255.761,200.521,1466,Sofia Haddad,12/26/2023,Keyboard,Electronic,USA,New York,150.21,1395.29,868.76,0.1,36.27,PayPal,Online,Unknown,MAD
13008,5,3152.35,-44.95,2690,Sara Kowalski,8/17/2023,Smartphone,Gadgets,Morocco,Casablanca,449.8,630.47,548.99,0,2.55,PayPal,Retail,M. Lopez,USD
13009,1,587.37,69.49,1160,Luis Rossi,4/13/2023,Tablet,Tech,France,Paris,92.5,587.37,397.43,0,27.95,Bank Transfer,Direct,M. Lopez,USD
13010,2,2356.592,247.082,1654,Youssef Haddad,3/12/2024,Monitor,Tech,Spain,Madrid,178.97,1472.87,952.2,0.2,26.14,Crypto,Online,M. Lopez,USD
13011,6,5694.3,467.68,2022,Youssef Benali,8/28/2023,Monitor,Tech,Germany,Berlin,998.64,1054.5,699.55,0.1,30.68,Credit Card,Direct,Unknown,MAD
13012,5,1055.15,379.1,1336,Noah Silva,1/6/2025,Tablet,Gadgets,USA,New York,124.83,211.03,109.02,0,6.12,Crypto,Retail,S. Rossi,EUR
13013,7,1260.567,307.777,1808,Noah Rossi,11/1/2023,Smartphone,Tech,Spain,Madrid,135.55,211.86,111.09,0.15,39.61,Credit Card,Online,Unknown,USD
13014,6,6083.127,695.977,1474,Noah Ibrahim,6/25/2023,Tablet,Electronic,Spain,Madrid,0,1192.77,894.03,0.15,22.97,Credit Card,Direct,Unknown,USD
13015,4,356.148,-29.382,2360,Ahmed Lopez,12/8/2023,Mouse,Tech,USA,New York,65.63,98.93,74.93,0.1,20.18,Credit Card,Direct,M. Lopez,EUR
13016,4,5246.128,866.838,1900,Luis Rossi,4/12/2023,Tablet,Gadgets,USA,New York,0,1380.56,1089.19,0.05,22.53,Bank Transfer,Online,Unknown,MAD
13017,3,3063.3795,-372.6405,1894,Emma Silva,2/10/2024,Headphone,Electronic,France,Paris,535.17,1074.87,959.53,0.05,22.26,Credit Card,Direct,M. Lopez,MAD
13018,5,6612.66,1740.1,1993,Luis Haddad,10/18/2023,Headphone,Tech,Spain,Madrid,1281.45,1469.48,718,0.1,1.11,Credit Card,Online,L. Martin,USD
13019,7,721.4375,-148.7625,2604,John Rossi,4/18/2023,Laptop,Tech,Morocco,Casablanca,118.55,121.25,100.34,0.15,49.27,Credit Card,Retail,A. Johnson,USD
13020,7,4677.624,-337.536,2753,Ali Lopez,1/27/2023,Phone,Tech,UAE,Dubai,549.29,835.29,634.17,0.2,26.68,Crypto,Retail,Unknown,USD
13021,5,6549.8,2224.72,1042,Emma Khan,3/30/2023,Mouse,Gadgets,Spain,Madrid,483.48,1309.96,758.4,0,49.6,Cash,Partner,S. Rossi,USD
13022,2,2171.665,-32.315,1082,Noah Rahmani,5/12/2023,Mouse,Electronic,UAE,Dubai,162.19,1277.45,997.04,0.15,47.71,Credit Card,Online,K. Haddad,MAD
13023,4,4199.608,835.018,2315,Emma Kowalski,5/5/2023,Monitor,Gadgets,France,Paris,760.35,1105.16,641.98,0.05,36.32,PayPal,Online,Unknown,MAD
13024,7,7327.04,504.06,2642,Nora Benali,3/22/2025,Mouse,Electronic,USA,New York,1371.65,1308.4,773.88,0.2,34.17,Bank Transfer,Online,K. Haddad,EUR
13025,6,5879.22,2293.02,2011,Ahmed Chen,8/24/2023,Laptop,Electronic,Morocco,Casablanca,1132.67,979.87,404.65,0,25.63,Crypto,Online,A. Johnson,USD
13026,5,7154.25,948.57,1605,Lucas Ibrahim,4/7/2025,Smartphone,Gadgets,Morocco,Casablanca,1129.27,1430.85,1010.65,0,23.16,Credit Card,Direct,M. Lopez,EUR
13027,6,3163.392,-358.828,1392,John Garcia,10/4/2024,Headphone,Electronic,UAE,Dubai,176.18,659.04,556.63,0.2,6.26,Bank Transfer,Direct,Unknown,USD
13028,4,2853.688,164.608,1592,John Lopez,8/16/2023,Mouse,Electronic,USA,New York,161.49,839.32,622.5,0.15,37.59,Cash,Online,A. Johnson,EUR
13029,4,1465.84,436.29,2774,Ali Smith,5/27/2023,Headphone,Tech,Germany,Berlin,291.27,366.46,181.64,0,11.72,PayPal,Online,L. Martin,MAD
13030,6,3073.392,367.072,1801,Maria Chen,10/14/2023,Keyboard,Tech,Spain,Madrid,345.7,640.29,391.05,0.2,14.32,Crypto,Online,L. Martin,USD
13031,4,4926.362,331.082,1302,Youssef Kowalski,9/1/2023,Phone,Electronic,UAE,Dubai,500.27,1448.93,1013.67,0.15,40.33,Cash,Online,A. Johnson,USD
13032,7,7356.104,-1145.496,1669,Leo Rahmani,9/15/2023,Smartphone,Tech,USA,New York,1449.12,1313.59,1006.29,0.2,8.45,Credit Card,Online,L. Martin,USD
13033,3,4284.24,1617.51,1521,Maria Khan,5/1/2023,Smartphone,Tech,France,Paris,587.31,1428.08,679.15,0,41.97,Bank Transfer,Retail,K. Haddad,USD
13034,5,2906.335,763.175,2320,Ali Lopez,9/21/2024,Monitor,Tech,UAE,Dubai,258.39,611.86,371.44,0.05,27.57,Crypto,Retail,M. Lopez,MAD
13035,7,10115.7,-96.7,2332,Sara Chen,6/9/2024,Keyboard,Tech,Spain,Madrid,1409.3,1445.1,1253.69,0,27.27,Cash,Online,Unknown,USD
13036,3,3959.901,-348.729,2705,Leo Chen,9/5/2024,Tablet,Tech,Morocco,Casablanca,775.9,1466.63,1161.15,0.1,49.28,Credit Card,Direct,Unknown,MAD
13037,3,291.555,-1212.865,2474,John Lopez,3/7/2025,Mouse,Electronic,Germany,Berlin,20.2,102.3,491,0.05,11.22,Crypto,Direct,L. Martin,EUR
13038,1,437.99,41.85,1332,Emma Silva,4/9/2024,Mouse,Electronic,USA,New York,26.87,437.99,364.87,0,4.4,Credit Card,Retail,A. Johnson,MAD
13039,1,1021.62,5.06,2924,Luis Silva,12/21/2024,Headphone,Electronic,USA,New York,199.88,1021.62,784.74,0,31.94,Credit Card,Online,A. Johnson,MAD
13040,1,593.253,22.343,2263,Youssef Garcia,5/18/2024,Monitor,Electronic,France,Paris,87.02,659.17,461.63,0.1,22.26,PayPal,Direct,Unknown,MAD
13041,6,8144.331,2953.131,1282,Youssef Haddad,1/2/2023,Keyboard,Electronic,Germany,Berlin,0,1428.83,863.41,0.05,10.74,PayPal,Retail,K. Haddad,MAD
13042,5,260.8,83.89,2302,Sofia Dubois,12/19/2023,Laptop,Tech,Germany,Berlin,20.17,65.2,29.05,0.2,11.49,Crypto,Direct,L. Martin,USD
13043,7,6220.088,-812.502,2526,Ahmed Garcia,3/23/2024,Headphone,Electronic,Germany,Berlin,393.25,1110.73,942.39,0.2,42.61,PayPal,Direct,M. Lopez,EUR
13044,5,5600.65,2025.8,1671,Nora Chen,5/19/2024,Phone,Tech,Spain,Madrid,508.33,1317.8,605.42,0.15,39.42,Crypto,Direct,K. Haddad,USD
13045,6,2439.126,1048.116,2584,Ahmed Ibrahim,9/13/2023,Smartphone,Electronic,USA,New York,174.85,478.26,200.64,0.15,12.32,PayPal,Partner,Unknown,USD
13046,4,1886.656,489.746,1767,Fatima Dubois,6/15/2023,Monitor,Tech,Spain,Madrid,175.45,589.58,298,0.2,29.46,Credit Card,Direct,A. Johnson,USD
13047,6,7133.037,2803.507,1651,Noah Rahmani,6/4/2025,Mouse,Gadgets,USA,New York,1286.04,1251.41,503.54,0.05,22.25,Crypto,Online,M. Lopez,USD
13048,5,2098.8625,323.1725,2608,Emma Haddad,1/27/2024,Laptop,Electronic,Morocco,Casablanca,386.76,493.85,276.52,0.15,6.33,Credit Card,Online,L. Martin,USD
13049,2,2094.689,38.239,1193,Lucas Silva,10/13/2024,Mouse,Electronic,UAE,Dubai,346.38,1232.17,845.74,0.15,18.59,Crypto,Online,M. Lopez,USD
13050,7,2027.144,-140.946,1048,Fatima Haddad,3/13/2025,Monitor,Tech,Morocco,Casablanca,318.13,361.99,262.34,0.2,13.58,Credit Card,Direct,L. Martin,USD
13051,1,1250.9505,248.6205,1223,Nora Rossi,1/16/2024,Phone,Tech,UAE,Dubai,126.75,1316.79,872.91,0.05,2.67,Credit Card,Online,Unknown,MAD
13052,3,405.246,88.216,2642,Maria Lopez,12/8/2023,Headphone,Tech,Morocco,Casablanca,45.95,158.92,75.29,0.15,45.21,PayPal,Online,M. Lopez,USD
13053,4,4898.006,496.706,2668,Leo Lopez,2/22/2023,Phone,Electronic,Germany,Berlin,640.66,1440.59,930.5,0.15,38.64,Crypto,Online,Unknown,MAD
13054,2,2244.622,-5.348,2826,Emma Rossi,12/10/2023,Laptop,Electronic,USA,New York,269.15,1181.38,965.53,0.05,49.76,Crypto,Partner,L. Martin,USD
13055,1,454.203,96.623,1568,Sara Lopez,7/18/2023,Laptop,Electronic,France,Paris,0,504.67,313.92,0.1,43.66,PayPal,Direct,L. Martin,USD
13056,5,4551.5375,-603.0425,1981,Lucas Dubois,6/17/2023,Monitor,Electronic,USA,New York,624.32,1070.95,902.18,0.15,19.36,Bank Transfer,Online,A. Johnson,MAD
13057,4,2367,-111.27,1890,Leo Chen,7/31/2024,Tablet,Electronic,Germany,Berlin,186.55,657.5,568.13,0.1,19.2,Crypto,Retail,M. Lopez,EUR
13058,7,6757.597,2852.657,2515,Maria Dubois,8/21/2024,Laptop,Tech,USA,New York,910.31,1016.18,427.24,0.05,3.95,Cash,Partner,A. Johnson,USD
13059,5,6183.7875,2728.6575,1249,Sofia Garcia,8/6/2023,Mouse,Electronic,Spain,Madrid,621.17,1301.85,559.63,0.05,35.81,Cash,Online,M. Lopez,USD
13060,7,5351.57,-69.46,1460,John Haddad,1/24/2025,Tablet,Tech,Morocco,Casablanca,978.04,764.51,631.85,0,20.04,PayPal,Direct,L. Martin,MAD
13061,1,846.441,-52.909,2694,Sara Lopez,9/8/2024,Tablet,Gadgets,Morocco,Casablanca,46.42,940.49,830.67,0.1,22.26,Crypto,Partner,Unknown,USD
13062,5,652.65,263.67,1634,Mariam Lopez,4/3/2024,Headphone,Electronic,USA,New York,61.26,130.53,62.15,0,16.97,Cash,Online,M. Lopez,MAD
13063,3,2588.046,-417.394,2825,Ali Dubois,4/29/2024,Laptop,Tech,Germany,Berlin,219.59,1014.92,912.42,0.15,48.59,Cash,Direct,A. Johnson,USD
13064,5,1046.1875,22.4075,1431,Fatima Lopez,6/15/2025,Tablet,Tech,Germany,Berlin,206.34,220.25,160.34,0.05,15.74,Crypto,Retail,S. Rossi,EUR
13065,5,1561.515,413.145,2282,Noah Chen,12/22/2023,Monitor,Electronic,UAE,Dubai,176.19,328.74,187.91,0.05,32.63,Credit Card,Online,K. Haddad,MAD
13066,3,2720.667,513.897,2681,Youssef Rossi,10/29/2023,Keyboard,Electronic,Morocco,Casablanca,491.7,954.62,565.8,0.05,17.67,PayPal,Online,M. Lopez,USD
13067,7,10183.67,378.04,1798,Luis Garcia,11/4/2024,Phone,Tech,Morocco,Casablanca,2035.66,1454.81,1105.13,0,34.06,Crypto,Direct,K. Haddad,USD
13068,6,6100.656,1843.636,1889,Sara Rahmani,12/21/2023,Keyboard,Electronic,UAE,Dubai,1168.57,1270.97,514.53,0.2,1.27,Bank Transfer,Online,M. Lopez,USD
13069,7,3539.032,943.902,2707,Emma Lopez,2/27/2025,Phone,Gadgets,Morocco,Casablanca,0,631.97,367.03,0.2,25.92,Credit Card,Partner,K. Haddad,USD
13070,3,3542.5365,681.6865,2693,Leo Rahmani,6/13/2024,Laptop,Tech,Morocco,Casablanca,0,1389.23,939.04,0.15,43.73,Bank Transfer,Retail,K. Haddad,USD
13071,3,439.533,154.673,1393,Lucas Khan,11/22/2024,Tablet,Gadgets,France,Paris,50.14,162.79,70.8,0.1,22.32,PayPal,Online,S. Rossi,USD
13072,6,997.158,375.868,2942,Nora Silva,4/29/2023,Monitor,Tech,Germany,Berlin,79.12,174.94,86.86,0.05,21.01,PayPal,Online,A. Johnson,USD
13073,4,2360.916,229.956,1572,Lucas Dubois,10/5/2024,Tablet,Tech,USA,New York,121.85,655.81,496.72,0.1,22.23,Credit Card,Online,Unknown,MAD
13074,6,4068.36,15.42,1110,Ali Rossi,11/18/2023,Keyboard,Electronic,USA,New York,658.15,753.4,562.87,0.1,17.57,PayPal,Retail,K. Haddad,EUR
13075,2,2676.82,230.68,1878,Maria Chen,1/23/2024,Keyboard,Electronic,Morocco,Casablanca,238.74,1338.41,1091.5,0,24.4,Cash,Direct,Unknown,MAD
13076,7,797.832,25.412,1259,Luis Haddad,10/2/2024,Monitor,Tech,USA,New York,64.33,142.47,99.09,0.2,14.46,Crypto,Partner,Unknown,USD
13077,6,6653.097,2606.757,1593,Maria Garcia,9/13/2023,Laptop,Electronic,USA,New York,566.57,1167.21,579.54,0.05,2.53,Credit Card,Direct,M. Lopez,MAD
13078,2,2167.98,362.89,2101,John Lopez,5/5/2024,Headphone,Gadgets,USA,New York,397.06,1083.99,699.22,0,9.59,Cash,Direct,S. Rossi,MAD
13079,4,1575.104,194.734,2863,Ahmed Dubois,10/2/2023,Laptop,Tech,UAE,Dubai,256.44,492.22,278.93,0.2,8.21,Credit Card,Direct,L. Martin,USD
13080,3,1480.41,345.76,1193,Maria Ibrahim,6/2/2024,Tablet,Gadgets,USA,New York,169.73,493.47,314.22,0,22.26,Cash,Partner,Unknown,MAD
13081,3,774.312,230.522,1671,Luis Benali,5/10/2024,Tablet,Tech,USA,New York,115.78,322.63,138.49,0.2,12.54,Credit Card,Online,A. Johnson,EUR
13082,1,1144.627,250.287,2858,Emma Haddad,7/3/2023,Mouse,Tech,USA,New York,85.07,1346.62,795.81,0.15,13.46,Credit Card,Online,L. Martin,MAD
13083,5,253.65,51.9,2849,Sofia Chen,6/7/2024,Tablet,Electronic,Morocco,Casablanca,30.99,50.73,29.7,0,22.26,Credit Card,Online,Unknown,USD
13084,5,5997.75,391.82,2335,Mariam Rossi,7/19/2024,Phone,Gadgets,Spain,Madrid,772.06,1199.55,958.68,0,40.47,Credit Card,Direct,M. Lopez,MAD
13085,7,5109.72,307.52,1527,Leo Rossi,10/14/2023,Tablet,Electronic,Morocco,Casablanca,772.24,912.45,570.5,0.2,36.46,PayPal,Online,Unknown,EUR
13086,6,908.55,-76.57,1088,Mariam Lopez,9/10/2024,Laptop,Gadgets,France,Paris,103.34,168.25,143.95,0.1,18.08,Credit Card,Online,Unknown,EUR
13087,2,410.723,88.523,2047,John Silva,11/21/2023,Laptop,Tech,UAE,Dubai,39.34,216.17,130.3,0.05,22.26,Credit Card,Partner,K. Haddad,USD
13088,2,1471.06,81.01,1179,Emma Smith,1/5/2024,Keyboard,Electronic,USA,New York,272.23,735.53,547.78,0,22.26,Credit Card,Online,M. Lopez,USD
13089,4,3183.66,859.51,2436,Lucas Haddad,12/30/2023,Keyboard,Electronic,USA,New York,632.3,884.35,418.37,0.1,18.37,Bank Transfer,Retail,L. Martin,EUR
13090,7,3831.184,-574.526,2647,Leo Silva,7/23/2023,Smartphone,Electronic,Germany,Berlin,405.43,684.14,568.87,0.2,18.19,Credit Card,Direct,Unknown,MAD
13091,5,106.165,0.985,1773,Maria Rahmani,9/21/2023,Monitor,Electronic,USA,New York,19.4,24.98,14.75,0.15,12.03,Crypto,Retail,S. Rossi,EUR
13092,6,1470.636,-5.394,1739,Emma Khan,4/28/2023,Keyboard,Tech,Morocco,Casablanca,119.41,272.34,224.97,0.1,6.8,Crypto,Partner,M. Lopez,EUR
13093,7,2130.1945,598.4645,2152,Ahmed Khan,2/18/2024,Laptop,Electronic,USA,New York,112.45,320.33,196.72,0.05,42.24,Bank Transfer,Online,K. Haddad,USD
13094,1,1193.7605,155.0405,1506,Sara Chen,9/2/2024,Laptop,Tech,USA,New York,64.98,1256.59,931.96,0.05,41.78,PayPal,Online,M. Lopez,EUR
13095,3,4418.7,279.26,1280,Sofia Rossi,12/17/2023,Headphone,Electronic,USA,New York,249.27,1472.9,1284.75,0,35.92,Crypto,Online,L. Martin,USD
13096,7,9806.489,3977.869,2426,Fatima Ibrahim,12/8/2023,Keyboard,Electronic,Spain,Madrid,1497.75,1474.66,616.29,0.05,16.84,Credit Card,Partner,M. Lopez,USD
13097,4,3276.68,962.62,1534,Sara Garcia,1/10/2024,Tablet,Tech,USA,New York,356.37,819.17,488.47,0,3.81,Credit Card,Direct,S. Rossi,USD
13098,5,2405.7325,916.1925,1972,Ali Lopez,4/12/2024,Headphone,Gadgets,UAE,Dubai,285.36,506.47,233.34,0.05,37.48,Crypto,Online,M. Lopez,MAD
13099,4,212.61,-0.3,1881,Ali Benali,5/13/2025,Laptop,Tech,Morocco,Casablanca,17.25,55.95,45.44,0.05,13.9,Credit Card,Retail,A. Johnson,EUR
13100,6,3013.2,-590.47,2576,Sara Kowalski,7/22/2023,Tablet,Electronic,Spain,Madrid,467.22,627.75,522.3,0.2,2.65,Bank Transfer,Online,A. Johnson,USD
13101,6,4237.5,501.49,1968,Noah Khan,5/3/2025,Laptop,Gadgets,France,Paris,322.77,706.25,564.08,0,28.76,Credit Card,Online,A. Johnson,EUR
13102,3,1935.12,366.39,2206,Luis Benali,1/4/2024,Laptop,Tech,Spain,Madrid,303.2,645.04,414.95,0,20.68,Credit Card,Online,K. Haddad,USD
13103,7,841.33,86.05,2865,Fatima Benali,4/11/2023,Keyboard,Gadgets,Morocco,Casablanca,56.29,141.4,93.8,0.15,42.39,Cash,Retail,Unknown,EUR
13104,3,2882.67,25.23,2453,Lucas Ibrahim,4/6/2023,Headphone,Tech,USA,New York,286.29,960.89,847.29,0,29.28,Credit Card,Direct,S. Rossi,USD
13105,1,542.351,141.071,1701,Youssef Haddad,10/4/2023,Headphone,Tech,France,Paris,57.1,638.06,322.87,0.15,21.31,PayPal,Online,M. Lopez,EUR
13106,2,2633.706,-119.724,2174,Emma Ibrahim,6/14/2025,Headphone,Tech,Spain,Madrid,270.29,1463.17,1241.47,0.1,0.2,Credit Card,Retail,S. Rossi,USD
13107,7,1120.3255,163.8355,1412,Emma Garcia,10/26/2024,Phone,Tech,Germany,Berlin,0,168.47,131.57,0.05,35.5,PayPal,Retail,Unknown,USD
13108,2,679.716,65.456,1482,Luis Smith,7/14/2024,Keyboard,Tech,Morocco,Casablanca,67.08,377.62,262.26,0.1,22.66,Credit Card,Online,A. Johnson,USD
13109,6,2565.06,1283.9,2949,Mariam Dubois,3/22/2023,Tablet,Gadgets,Morocco,Casablanca,200.16,427.51,174.77,0,32.38,PayPal,Partner,K. Haddad,USD
13110,3,2636.022,939.642,1421,Sofia Khan,3/26/2025,Smartphone,Electronic,Morocco,Casablanca,193.56,924.92,491,0.05,29.82,Credit Card,Partner,A. Johnson,MAD
13111,7,7662.816,-67.594,1676,John Benali,3/3/2025,Keyboard,Tech,Morocco,Casablanca,1098.78,1216.32,942.04,0.1,37.35,Cash,Online,L. Martin,MAD
13112,1,768.179,189.139,1904,Lucas Khan,5/16/2024,Tablet,Electronic,USA,New York,79.23,903.74,473.4,0.15,26.41,Cash,Direct,M. Lopez,EUR
13113,5,2989.56,549.66,1222,Emma Silva,11/7/2024,Smartphone,Tech,France,Paris,551.8,747.39,372.21,0.2,27.05,Cash,Online,Unknown,USD
13114,3,588.0405,-11.1395,2271,Nora Dubois,1/10/2025,Mouse,Gadgets,Morocco,Casablanca,61.05,206.33,171.07,0.05,24.92,Credit Card,Partner,Unknown,USD
13115,7,4030.152,-734.528,1307,Emma Chen,4/25/2025,Laptop,Tech,UAE,Dubai,484.07,719.67,609.65,0.2,13.06,PayPal,Retail,L. Martin,MAD
13116,5,1340.775,180.015,2395,Lucas Khan,9/13/2023,Monitor,Electronic,Germany,Berlin,121.56,297.95,198.41,0.1,47.15,Crypto,Partner,Unknown,EUR
13117,6,1390.554,185.204,1262,Lucas Benali,9/23/2024,Mouse,Gadgets,Germany,Berlin,152.78,257.51,168.78,0.1,39.89,PayPal,Retail,A. Johnson,MAD
13118,3,2196.825,-30.015,2358,Ali Rossi,11/11/2023,Tablet,Electronic,Germany,Berlin,184.09,861.5,678.29,0.15,7.88,Credit Card,Online,A. Johnson,MAD
13119,6,6836.976,1144.406,1764,Nora Chen,7/20/2024,Laptop,Electronic,UAE,Dubai,744.23,1424.37,824.02,0.2,4.22,Credit Card,Online,S. Rossi,USD
13120,3,1146.177,-56.373,2646,John Kowalski,7/3/2023,Laptop,Tech,UAE,Dubai,156.85,424.51,338.77,0.1,29.39,Credit Card,Online,Unknown,USD
13121,2,-1769.264,-4051.874,1562,Maria Rossi,3/1/2024,Laptop,Gadgets,Morocco,Casablanca,330.49,-1105.79,958.48,0.2,35.16,Credit Card,Retail,L. Martin,USD
13122,1,786.3625,31.0825,1046,Youssef Garcia,10/26/2024,Headphone,Tech,Germany,Berlin,122.47,827.75,601.74,0.05,31.07,PayPal,Online,M. Lopez,EUR
13123,3,1156.3305,335.8205,1933,Nora Rossi,5/12/2024,Headphone,Tech,Germany,Berlin,181.08,405.73,197.31,0.05,47.5,Bank Transfer,Retail,M. Lopez,EUR
13124,1,172.67,15.79,1242,Noah Lopez,4/7/2024,Mouse,Tech,UAE,Dubai,32.59,172.67,83.01,0,41.28,Cash,Retail,Unknown,USD
13125,2,2027.79,294.86,1781,Sara Smith,11/29/2024,Tablet,Tech,Germany,Berlin,148.56,1126.55,774.93,0.1,34.51,PayPal,Online,S. Rossi,USD
13126,5,5301.96,-356.98,2085,Mariam Rahmani,7/18/2024,Smartphone,Electronic,Morocco,Casablanca,364.11,1247.52,1056.25,0.15,13.58,Credit Card,Direct,M. Lopez,USD
13127,3,972.9045,304.0045,1035,Lucas Haddad,3/1/2025,Smartphone,Electronic,USA,New York,156.53,341.37,154.74,0.05,48.15,Credit Card,Online,L. Martin,USD
13128,2,890.784,71.394,2109,Nora Dubois,1/13/2025,Keyboard,Tech,USA,New York,68.71,494.88,372.78,0.1,5.12,Cash,Online,M. Lopez,MAD
13129,3,1211.58,553.91,2955,Mariam Rahmani,6/14/2025,Smartphone,Tech,Germany,Berlin,77.37,403.86,178.91,0,43.57,Cash,Partner,M. Lopez,MAD
13130,4,1114.88,164.08,1598,Lucas Haddad,5/28/2024,Laptop,Electronic,Spain,Madrid,152.68,278.72,198.74,0,3.16,Credit Card,Direct,A. Johnson,USD
13131,7,8008.952,1112.882,1218,Noah Dubois,5/31/2024,Keyboard,Electronic,UAE,Dubai,1541.93,1430.17,759.49,0.2,37.71,Credit Card,Online,S. Rossi,USD
13132,1,177.615,33.405,1057,Sofia Benali,12/3/2023,Mouse,Tech,USA,New York,32.88,197.35,106.09,0.1,5.24,Cash,Direct,Unknown,EUR
13133,6,1367.82,367.87,2698,Youssef Haddad,4/23/2025,Laptop,Electronic,USA,New York,271.78,268.2,119.61,0.15,10.51,Crypto,Online,Unknown,MAD
13134,4,1972.612,-26.718,1491,Ahmed Smith,3/7/2023,Tablet,Tech,USA,New York,241.27,580.18,432.99,0.15,26.1,Bank Transfer,Online,M. Lopez,EUR
13135,3,3019.6035,1298.9935,2248,Lucas Smith,4/23/2023,Phone,Tech,Germany,Berlin,208.97,1059.51,491,0.05,38.64,Credit Card,Online,Unknown,MAD
13136,5,2532.64,80.08,1318,Sara Garcia,6/8/2023,Laptop,Electronic,Morocco,Casablanca,389.27,633.16,412.23,0.2,2.14,PayPal,Online,M. Lopez,USD
13137,4,996.664,395.794,1391,Ali Chen,5/13/2023,Keyboard,Electronic,France,Paris,89.94,262.28,116.23,0.05,46.01,Bank Transfer,Partner,S. Rossi,EUR
13138,6,2382.864,-415.516,1242,Leo Benali,10/19/2023,Smartphone,Tech,UAE,Dubai,391.97,496.43,400.9,0.2,1.01,Bank Transfer,Online,S. Rossi,EUR
13139,5,618.8,159.82,1025,Leo Kowalski,5/12/2025,Laptop,Gadgets,Germany,Berlin,113.55,123.76,66.13,0,14.78,Credit Card,Partner,S. Rossi,EUR
13140,2,888.352,-215.898,2253,Ahmed Khan,2/25/2024,Tablet,Tech,UAE,Dubai,170.77,522.56,443.02,0.15,47.44,Cash,Online,Unknown,MAD
13141,1,1093.662,333.512,2428,Ali Khan,12/3/2023,Laptop,Tech,Morocco,Casablanca,135.5,1215.18,602.39,0.1,22.26,PayPal,Direct,Unknown,USD
13142,6,1297.797,-143.253,1853,Noah Rossi,9/15/2023,Laptop,Tech,Morocco,Casablanca,73.96,254.47,226.31,0.15,9.23,PayPal,Online,Unknown,USD
13143,5,1675.75,885.55,1144,Youssef Rahmani,8/23/2023,Tablet,Electronic,Morocco,Casablanca,0,335.15,151.73,0,31.55,Bank Transfer,Online,A. Johnson,EUR
13144,5,1601.955,99.335,1439,Ahmed Chen,3/4/2023,Mouse,Electronic,USA,New York,156.94,355.99,260.14,0.1,44.98,Crypto,Partner,Unknown,EUR
13145,3,3938.841,98.211,2500,Nora Lopez,3/28/2023,Monitor,Tech,Germany,Berlin,756.87,1458.83,1020.5,0.1,22.26,Crypto,Direct,K. Haddad,MAD
13146,2,905.778,102.618,2973,Noah Khan,5/9/2025,Smartphone,Electronic,UAE,Dubai,60.6,503.21,370.61,0.1,1.34,Cash,Online,S. Rossi,MAD
13147,2,653.372,212.652,2298,Youssef Khan,9/8/2024,Phone,Electronic,Morocco,Casablanca,88.02,343.88,156.03,0.05,40.64,Credit Card,Online,L. Martin,USD
13148,6,1881.543,-180.627,2452,Maria Garcia,11/6/2023,Laptop,Tech,USA,New York,151.04,368.93,312.61,0.15,35.47,Cash,Online,Unknown,USD
13149,6,4616.94,335.62,2574,Lucas Chen,5/22/2025,Tablet,Electronic,Morocco,Casablanca,448.1,769.49,634.57,0,25.8,Bank Transfer,Online,Unknown,EUR
13150,4,3346.314,277.114,1954,Luis Haddad,12/21/2024,Laptop,Electronic,Germany,Berlin,0,984.21,758,0.15,37.2,Credit Card,Direct,M. Lopez,USD
13151,5,5381.16,-1383.45,1583,Ahmed Khan,5/25/2024,Headphone,Electronic,UAE,Dubai,1005.91,1345.29,1147.36,0.2,21.9,Credit Card,Direct,M. Lopez,USD
13152,3,334.5345,29.3945,1439,Leo Rossi,1/21/2025,Mouse,Gadgets,USA,New York,62.89,131.19,73.33,0.15,22.26,Crypto,Partner,L. Martin,MAD
13153,5,4571.13,239.88,1125,Noah Lopez,12/15/2024,Mouse,Gadgets,France,Paris,636.25,1075.56,737.47,0.15,7.65,PayPal,Direct,Unknown,MAD
13154,6,5317.056,10.876,2117,Ali Kowalski,11/24/2023,Keyboard,Electronic,Morocco,Casablanca,293.23,1042.56,833.67,0.15,10.93,Bank Transfer,Direct,Unknown,MAD
13155,5,3155.15,162.97,1198,Ahmed Rossi,10/6/2023,Tablet,Electronic,USA,New York,614.63,631.03,472.18,0,16.65,Crypto,Retail,A. Johnson,MAD
13156,7,4462.304,1053.484,2582,Sofia Chen,5/17/2024,Tablet,Electronic,Germany,Berlin,559.75,796.84,401.96,0.2,35.35,Crypto,Partner,M. Lopez,EUR
13157,2,2418.794,809.584,2782,Lucas Ibrahim,2/4/2023,Laptop,Electronic,Morocco,Casablanca,350.13,1422.82,619,0.15,21.08,Crypto,Online,A. Johnson,EUR
13158,1,1349.646,-83.194,2878,Ahmed Benali,4/24/2023,Smartphone,Electronic,Germany,Berlin,225.82,1420.68,1182.25,0.05,24.77,Credit Card,Partner,Unknown,USD
13159,1,947.02,318.11,1280,Fatima Ibrahim,3/8/2025,Monitor,Tech,USA,New York,165.05,947.02,440.94,0,22.92,Credit Card,Direct,M. Lopez,EUR
13160,3,1183.8885,357.5885,1270,Youssef Benali,3/15/2024,Headphone,Electronic,Morocco,Casablanca,163.6,464.27,213.2,0.15,23.1,Credit Card,Online,Unknown,MAD
13161,3,2161.7535,334.8935,1661,John Smith,10/6/2024,Mouse,Electronic,Germany,Berlin,420.37,758.51,458.72,0.05,30.33,Crypto,Online,L. Martin,EUR
13162,5,4239.6,989.32,2083,Luis Benali,1/29/2023,Headphone,Electronic,France,Paris,393.02,847.92,563.14,0,41.56,Credit Card,Online,Unknown,USD
13163,1,1251.17,315.17,2461,Fatima Dubois,11/20/2023,Monitor,Electronic,Morocco,Casablanca,232.49,1251.17,694.61,0,8.9,Cash,Partner,L. Martin,USD
13164,7,6341.3,1018.43,1497,Ali Rossi,6/2/2025,Laptop,Electronic,USA,New York,0,905.9,759.82,0,4.13,Credit Card,Online,A. Johnson,USD
13165,2,2777.48,826.08,2388,Mariam Khan,6/2/2023,Keyboard,Electronic,USA,New York,510.86,1388.74,714.18,0,12.18,Credit Card,Online,A. Johnson,USD
13166,3,876.696,27.196,2275,Nora Ibrahim,1/30/2024,Keyboard,Tech,USA,New York,45.88,365.29,261.73,0.2,18.43,PayPal,Direct,L. Martin,MAD
13167,3,1047.249,227.139,1236,Lucas Rossi,2/2/2023,Phone,Tech,Germany,Berlin,153.45,387.87,213.46,0.1,26.28,PayPal,Partner,K. Haddad,MAD
13168,3,1869.264,10.444,2673,Fatima Kowalski,10/6/2023,Headphone,Gadgets,USA,New York,151.88,692.32,556.33,0.1,37.95,PayPal,Online,K. Haddad,USD
13169,5,414.2475,148.0675,2070,Luis Ibrahim,5/29/2024,Headphone,Electronic,UAE,Dubai,57.32,87.21,41.41,0.05,1.81,Crypto,Partner,K. Haddad,USD
13170,7,8093.19,764.98,1531,John Lopez,8/8/2023,Smartphone,Electronic,Morocco,Casablanca,909.06,1360.2,914.4,0.15,18.35,Credit Card,Partner,Unknown,USD
13171,2,764.176,6.236,2708,Emma Haddad,12/23/2023,Mouse,Tech,Spain,Madrid,119.43,477.61,317.97,0.2,2.57,Credit Card,Online,Unknown,USD
13172,1,46.664,-22.326,2914,Maria Haddad,2/3/2023,Headphone,Tech,Morocco,Casablanca,4.94,58.33,37.37,0.2,26.68,Credit Card,Online,S. Rossi,MAD
13173,2,680.562,-127.378,2650,John Rahmani,4/30/2024,Laptop,Tech,France,Paris,88,378.09,337.44,0.1,45.06,Crypto,Direct,S. Rossi,USD
13174,7,9129.47,3392.58,2979,Noah Khan,3/24/2023,Monitor,Electronic,Morocco,Casablanca,778.42,1304.21,706.98,0,9.61,Credit Card,Partner,M. Lopez,EUR
13175,3,413.424,98.194,1683,Sara Khan,9/13/2023,Laptop,Electronic,UAE,Dubai,42.09,153.12,84.94,0.1,18.32,Cash,Direct,K. Haddad,EUR
13176,2,1206.666,16.006,2671,Luis Haddad,5/18/2025,Mouse,Electronic,USA,New York,82.34,670.37,531.22,0.1,45.88,Crypto,Online,K. Haddad,EUR
13177,6,6270.96,-52.72,1464,Youssef Garcia,1/22/2023,Mouse,Gadgets,Morocco,Casablanca,927.84,1229.6,892.44,0.15,41.2,Cash,Retail,M. Lopez,MAD
13178,1,1485.68,70.45,1702,Leo Smith,10/13/2023,Laptop,Gadgets,Spain,Madrid,258.63,1485.68,1142.52,0,14.08,PayPal,Retail,A. Johnson,USD
13179,2,1863.808,-451.512,1203,Leo Kowalski,12/11/2023,Mouse,Electronic,Morocco,Casablanca,352.47,1164.88,977.63,0.2,7.59,PayPal,Partner,L. Martin,USD
13180,2,2252.56,-171.31,1583,Maria Kowalski,1/24/2025,Monitor,Electronic,Morocco,Casablanca,194.62,1407.85,1111.59,0.2,6.07,Credit Card,Online,S. Rossi,USD
13181,5,2518.975,-154.085,1883,Nora Silva,8/16/2023,Smartphone,Electronic,Spain,Madrid,209.64,592.7,484.15,0.15,42.67,Bank Transfer,Online,Unknown,USD
13182,1,337.1355,-80.2245,2566,Luis Smith,7/9/2023,Mouse,Electronic,Morocco,Casablanca,45.86,396.63,329.53,0.15,41.97,Credit Card,Online,S. Rossi,EUR
13183,2,1707.853,-100.797,1365,John Benali,6/7/2025,Tablet,Tech,UAE,Dubai,235.76,898.87,773.14,0.05,26.61,Bank Transfer,Retail,L. Martin,MAD
13184,5,2022.24,73.69,1585,Youssef Ibrahim,4/28/2024,Monitor,Tech,UAE,Dubai,403.64,505.56,304.53,0.2,22.26,Credit Card,Online,M. Lopez,USD
13185,7,2590.749,770.439,1269,Ahmed Khan,8/27/2024,Laptop,Electronic,Morocco,Casablanca,140.14,411.23,233.56,0.1,45.25,Credit Card,Online,M. Lopez,USD
13186,1,1092.114,-64.056,1730,Emma Rahmani,8/5/2023,Headphone,Gadgets,Morocco,Casablanca,195.92,1213.46,947.44,0.1,12.81,PayPal,Online,Unknown,USD
13187,6,6216.096,-1259.734,2655,Ali Benali,3/25/2024,Mouse,Electronic,USA,New York,1069.71,1295.02,1060.09,0.2,45.58,Credit Card,Retail,S. Rossi,MAD
13188,7,6351.219,-528.591,1523,Ahmed Benali,5/8/2024,Tablet,Electronic,Germany,Berlin,831.39,1008.13,863.48,0.1,4.06,Credit Card,Retail,S. Rossi,USD
13189,7,2701.776,-10.964,2556,Luis Chen,9/14/2024,Headphone,Tech,Morocco,Casablanca,382.13,454.08,330.31,0.15,18.44,PayPal,Direct,Unknown,USD
13190,2,1159.06,-139.63,2020,Noah Smith,1/20/2025,Tablet,Tech,France,Paris,114.2,681.8,585.27,0.15,13.95,Bank Transfer,Online,Unknown,EUR
13191,4,886.44,187.17,1414,Fatima Garcia,9/14/2023,Laptop,Tech,USA,New York,137.3,221.61,128.18,0,49.25,Cash,Direct,K. Haddad,EUR
13192,7,4228.6685,-4.0815,2042,Mariam Khan,12/31/2023,Headphone,Electronic,Germany,Berlin,781.46,635.89,491,0.05,14.29,Credit Card,Partner,L. Martin,USD
13193,4,3659.2,6.94,2082,Noah Benali,7/2/2023,Headphone,Gadgets,UAE,Dubai,423.92,1143.5,797.91,0.2,36.7,Bank Transfer,Online,K. Haddad,MAD
13194,2,1099.36,88.6,1642,Lucas Chen,12/13/2023,Mouse,Tech,Germany,Berlin,111.13,549.68,440.11,0,19.41,Cash,Online,Unknown,MAD
13195,1,1382.155,-210.325,2640,Noah Lopez,5/17/2024,Keyboard,Tech,UAE,Dubai,260.5,1454.9,1295.77,0.05,36.21,Crypto,Partner,Unknown,USD
13196,7,6030.43,1976.71,2810,Maria Khan,6/1/2025,Monitor,Electronic,USA,New York,433.32,861.49,510.48,0,47.04,PayPal,Online,A. Johnson,USD
13197,4,430.912,-50.648,1233,Leo Haddad,3/14/2023,Mouse,Tech,USA,New York,81.66,134.66,94.22,0.2,23.02,Cash,Retail,S. Rossi,MAD
13198,3,2321.0355,183.4255,1858,Youssef Haddad,4/13/2025,Mouse,Gadgets,UAE,Dubai,458.43,910.21,546.7,0.15,39.08,Bank Transfer,Online,S. Rossi,USD
13199,4,829.198,24.288,2059,Ali Garcia,8/18/2023,Smartphone,Electronic,Spain,Madrid,105.12,218.21,170.26,0.05,18.75,Credit Card,Direct,S. Rossi,EUR
13200,6,5792.625,1825.225,2297,John Benali,10/24/2024,Tablet,Tech,UAE,Dubai,670.82,1016.25,544.79,0.05,27.84,Crypto,Direct,L. Martin,MAD
13201,7,6863.199,2546.149,1161,Nora Smith,7/9/2024,Mouse,Electronic,Morocco,Casablanca,1189.05,1032.06,444.71,0.05,15.03,Bank Transfer,Direct,A. Johnson,USD
13202,4,639.084,264.594,2190,Maria Dubois,5/20/2023,Mouse,Gadgets,Morocco,Casablanca,49.1,168.18,70.76,0.05,42.35,Credit Card,Online,A. Johnson,USD
13203,3,226.134,51.784,2235,Emma Lopez,8/4/2023,Laptop,Electronic,Morocco,Casablanca,20.54,88.68,50.66,0.15,1.83,Crypto,Partner,S. Rossi,USD
13204,7,3566.752,-535.468,1772,Sara Benali,3/20/2025,Mouse,Tech,USA,New York,438.3,636.92,521.91,0.2,10.55,Credit Card,Retail,M. Lopez,USD
13205,7,7113.5715,1569.5115,2789,Lucas Smith,6/11/2024,Headphone,Electronic,USA,New York,951.56,1069.71,653.49,0.05,18.07,Cash,Online,Unknown,USD
13206,2,1083.257,412.977,1483,Sara Dubois,3/27/2024,Tablet,Tech,Morocco,Casablanca,0,637.21,326.15,0.15,17.98,PayPal,Online,A. Johnson,USD
13207,3,787.824,-117.336,1397,Maria Kowalski,8/16/2024,Tablet,Tech,Morocco,Casablanca,90.57,328.26,261.61,0.2,29.76,Credit Card,Online,A. Johnson,USD
13208,2,2083.716,495.526,1373,Luis Chen,4/27/2025,Keyboard,Tech,UAE,Dubai,0,1157.62,782.43,0.1,23.33,Crypto,Retail,Unknown,USD
13209,7,9121.14,2379.72,2666,Leo Chen,9/6/2023,Headphone,Gadgets,USA,New York,911.9,1371.6,828.71,0.05,28.55,PayPal,Online,M. Lopez,MAD
13210,4,1743.706,-20.894,1790,Fatima Khan,1/18/2025,Phone,Electronic,Spain,Madrid,248.91,458.87,374.88,0.05,16.17,Credit Card,Retail,M. Lopez,USD
13211,2,2024.72,769.39,1573,Mariam Haddad,5/27/2025,Laptop,Electronic,Spain,Madrid,180.7,1012.36,515.2,0,44.23,Bank Transfer,Online,K. Haddad,EUR
13212,2,2353.497,-105.953,1897,Fatima Kowalski,8/31/2023,Laptop,Electronic,Germany,Berlin,130.68,1384.41,1148.76,0.15,31.25,Bank Transfer,Partner,Unknown,USD
13213,2,1882.432,173.602,2647,Ahmed Chen,4/30/2024,Mouse,Gadgets,USA,New York,203.13,1176.52,739.76,0.2,26.18,Crypto,Online,K. Haddad,USD
13214,2,1128.848,-281.782,1583,Leo Lopez,12/23/2023,Headphone,Gadgets,Germany,Berlin,222.33,705.53,593.17,0.2,1.96,Credit Card,Retail,Unknown,USD
13215,2,1468.82,510.42,2568,Lucas Benali,3/6/2025,Keyboard,Electronic,Morocco,Casablanca,259.36,734.41,343.57,0,11.9,Bank Transfer,Partner,S. Rossi,MAD
13216,4,2406.888,-97.882,1393,Leo Lopez,8/23/2023,Mouse,Gadgets,Germany,Berlin,339.26,668.58,537.08,0.1,17.19,Credit Card,Retail,Unknown,USD
13217,5,5038.12,896.65,2947,Ali Dubois,1/3/2024,Headphone,Gadgets,Germany,Berlin,428.36,1185.44,741.52,0.15,5.51,Credit Card,Retail,M. Lopez,EUR
13218,6,6027.129,1285.219,1503,Ali Dubois,1/2/2025,Monitor,Electronic,Morocco,Casablanca,1051.94,1181.79,608.41,0.15,39.51,PayPal,Direct,Unknown,EUR
13219,1,1153.688,114.098,1325,Lucas Silva,6/21/2023,Laptop,Electronic,France,Paris,135.99,1442.11,868.83,0.2,34.77,Cash,Online,K. Haddad,USD
13220,1,668.637,197.107,1303,Maria Garcia,9/29/2023,Headphone,Gadgets,Spain,Madrid,131.08,742.93,321.14,0.1,19.31,Cash,Online,M. Lopez,USD
13221,7,2058.84,861.48,2288,Sofia Smith,1/13/2023,Keyboard,Electronic,USA,New York,111.92,294.12,147.96,0,49.72,Credit Card,Online,S. Rossi,EUR
13222,2,2626.74,1341.79,1315,Lucas Silva,9/13/2023,Laptop,Electronic,USA,New York,254.5,1313.37,491,0,48.45,Bank Transfer,Retail,M. Lopez,USD
13223,3,2776.89,964.22,1462,Mariam Dubois,12/16/2023,Keyboard,Electronic,USA,New York,457.74,925.63,449.56,0,6.25,Bank Transfer,Partner,S. Rossi,EUR
13224,7,9832.424,147.694,2946,John Rossi,6/3/2025,Headphone,Electronic,Morocco,Casablanca,679.55,1478.56,1283.92,0.05,17.74,Credit Card,Partner,Unknown,MAD
13225,4,1169.28,268.08,1459,Sara Lopez,6/27/2023,Mouse,Tech,Spain,Madrid,70.9,324.8,198.73,0.1,35.38,Crypto,Direct,Unknown,USD
13226,5,4841.1,2455.65,1310,Youssef Kowalski,7/27/2023,Headphone,Tech,USA,New York,258.48,968.22,417.63,0,38.82,Cash,Direct,K. Haddad,USD
13227,3,221.79,77.46,2809,Sara Haddad,1/12/2023,Keyboard,Tech,UAE,Dubai,27.13,73.93,29.7,0,28.1,Credit Card,Retail,Unknown,MAD
13228,5,1631.8725,429.6025,1589,Luis Haddad,8/8/2024,Laptop,Electronic,USA,New York,248.92,383.97,189.34,0.15,6.65,Credit Card,Partner,S. Rossi,MAD
13229,6,3213.204,1283.094,1363,John Ibrahim,8/21/2024,Headphone,Tech,USA,New York,302.8,563.72,267.54,0.05,22.07,Credit Card,Retail,M. Lopez,MAD
13230,4,1777.112,293.542,1623,Youssef Rahmani,12/5/2024,Keyboard,Electronic,UAE,Dubai,238.55,522.68,303.67,0.15,30.34,Credit Card,Online,S. Rossi,EUR
13231,3,2707.11,-129.45,1789,Ahmed Khan,5/30/2023,Phone,Tech,UAE,Dubai,453.27,902.37,786.14,0,24.87,Crypto,Online,A. Johnson,USD
13232,4,5292.864,1976.824,2774,Fatima Dubois,9/21/2024,Phone,Tech,Morocco,Casablanca,531.51,1470.24,690.48,0.1,22.61,PayPal,Retail,L. Martin,USD
13233,3,1592.73,419.28,1776,Sofia Rahmani,11/23/2023,Keyboard,Electronic,UAE,Dubai,195.1,530.91,311.77,0,43.04,PayPal,Direct,Unknown,EUR
13234,4,854.016,-152.254,2624,Ali Chen,4/29/2024,Headphone,Electronic,France,Paris,130.41,266.88,213.4,0.2,22.26,Cash,Direct,M. Lopez,USD
13235,7,10145.03,142.16,2743,Ahmed Rahmani,5/17/2023,Mouse,Tech,Morocco,Casablanca,987.52,1449.29,1283.09,0,33.72,Credit Card,Online,Unknown,USD
13236,7,6668.424,2878.624,2381,Ali Kowalski,3/19/2023,Keyboard,Electronic,Morocco,Casablanca,724.93,1058.48,432.14,0.1,39.89,Cash,Online,K. Haddad,USD
13237,6,4337.643,568.753,1576,Nora Garcia,6/4/2024,Laptop,Tech,USA,New York,808.2,760.99,491,0.05,14.69,Credit Card,Online,L. Martin,USD
13238,5,1901.33,361.26,1009,Sara Dubois,5/6/2025,Smartphone,Electronic,France,Paris,121.76,400.28,281.61,0.05,10.26,Credit Card,Direct,Unknown,USD
13239,2,1013.761,277.161,1458,John Rossi,4/4/2024,Mouse,Electronic,Morocco,Casablanca,195.02,596.33,247.2,0.15,47.18,PayPal,Online,K. Haddad,EUR
13240,5,844.95,181.33,2050,Mariam Chen,2/1/2024,Tablet,Tech,Morocco,Casablanca,118.36,168.99,105.14,0,19.56,Crypto,Online,Unknown,USD
13241,4,1592.526,304.976,1666,Nora Khan,12/30/2024,Smartphone,Electronic,USA,New York,0,468.39,317.5,0.15,17.55,Crypto,Direct,Unknown,USD
13242,5,723.42,92.95,2276,Nora Khan,7/4/2024,Laptop,Tech,USA,New York,127.08,160.76,97.69,0.1,14.94,Crypto,Online,A. Johnson,MAD
13243,6,5281.392,321.752,1563,Lucas Dubois,6/11/2023,Headphone,Tech,France,Paris,560.66,1100.29,727.16,0.2,36.02,Credit Card,Online,A. Johnson,EUR
13244,6,-278.046,-466.846,2298,Lucas Dubois,9/24/2024,Monitor,Tech,France,Paris,24.28,-48.78,23.71,0.05,22.26,Credit Card,Online,L. Martin,EUR
13245,1,816.38,198.39,1068,Noah Silva,11/23/2023,Laptop,Gadgets,France,Paris,159.19,816.38,414.8,0,44,Cash,Retail,L. Martin,USD
13246,1,753.901,93.111,1634,Ali Khan,4/6/2024,Laptop,Electronic,Spain,Madrid,46.48,793.58,584.61,0.05,29.7,Credit Card,Direct,A. Johnson,USD
13247,2,1906.92,355.1,1976,Ali Haddad,1/27/2023,Headphone,Gadgets,Spain,Madrid,200.36,953.46,665.61,0,20.24,Cash,Online,Unknown,USD
13248,7,2659.16,496.26,2849,Emma Benali,4/5/2023,Laptop,Electronic,Spain,Madrid,323.69,379.88,260.78,0,13.75,PayPal,Retail,Unknown,USD
13249,4,3526,320.82,2763,Sofia Kowalski,7/19/2023,Smartphone,Tech,USA,New York,263.87,881.5,726.16,0,36.67,PayPal,Partner,Unknown,USD
13250,4,4574.772,-830.078,1429,Emma Haddad,1/4/2023,Tablet,Electronic,UAE,Dubai,846.02,1270.77,1132.63,0.1,28.31,Credit Card,Retail,K. Haddad,USD
13251,6,8829.66,1010.2,1964,John Ibrahim,6/6/2025,Tablet,Tech,USA,New York,1490.76,1471.61,1049.78,0,30.02,Bank Transfer,Online,K. Haddad,MAD
13252,6,7951.446,527.966,1674,Emma Benali,5/6/2023,Keyboard,Gadgets,Morocco,Casablanca,438.14,1472.49,1159.41,0.1,28.88,Cash,Direct,S. Rossi,USD
13253,5,2658.88,191.88,2077,Sara Garcia,10/8/2024,Headphone,Electronic,France,Paris,257.29,664.72,437.49,0.2,22.26,Crypto,Partner,K. Haddad,USD
13254,3,1764.948,8.468,2964,Emma Chen,7/15/2023,Headphone,Tech,Morocco,Casablanca,251.3,619.28,496.86,0.05,14.6,Crypto,Retail,Unknown,EUR
13255,2,561.017,191.507,1725,Emma Haddad,1/7/2025,Keyboard,Gadgets,Morocco,Casablanca,65.67,330.01,138.32,0.15,27.2,Crypto,Online,S. Rossi,USD
13256,2,1450.403,-18.257,2210,Ali Rossi,8/30/2024,Keyboard,Tech,Morocco,Casablanca,131.3,763.37,668.36,0.05,0.64,Crypto,Direct,K. Haddad,EUR
13257,4,2220.074,470.474,1637,Noah Haddad,6/14/2023,Mouse,Electronic,USA,New York,181.98,584.23,386.34,0.05,22.26,Crypto,Retail,K. Haddad,EUR
13258,6,5788.692,247.322,2046,Mariam Ibrahim,10/26/2024,Phone,Electronic,France,Paris,848.66,1071.98,779.52,0.1,15.59,Bank Transfer,Online,A. Johnson,MAD
13259,5,145.12,-68.06,1434,Lucas Rossi,3/6/2023,Monitor,Gadgets,Germany,Berlin,26.75,36.28,29.86,0.2,37.13,Cash,Online,S. Rossi,USD
13260,2,519.92,118,1995,Lucas Lopez,3/16/2024,Tablet,Electronic,USA,New York,29.26,259.96,178.96,0,14.74,Credit Card,Direct,Unknown,MAD
13261,4,1948.068,424.308,2316,Sara Ibrahim,11/26/2024,Smartphone,Electronic,Morocco,Casablanca,132.67,541.13,337.45,0.1,41.29,Crypto,Direct,L. Martin,MAD
13262,3,1740.048,27.738,2613,Sara Khan,10/13/2024,Laptop,Electronic,USA,New York,113.94,725.02,525.37,0.2,22.26,Credit Card,Online,Unknown,USD
13263,4,5905.16,2349.38,2286,Fatima Khan,9/28/2023,Phone,Gadgets,Germany,Berlin,619.76,1476.29,725.11,0,35.58,Crypto,Direct,S. Rossi,USD
13264,1,437.1615,-33.2885,2128,Mariam Kowalski,4/19/2023,Phone,Gadgets,Morocco,Casablanca,71.34,460.17,392.45,0.05,6.66,Bank Transfer,Direct,S. Rossi,USD
13265,3,1843.608,-156.972,2412,Ali Haddad,11/27/2024,Laptop,Electronic,UAE,Dubai,165.33,768.17,604.33,0.2,22.26,PayPal,Retail,Unknown,USD
13266,7,1855.6825,253.4125,2045,Fatima Rahmani,1/29/2025,Headphone,Gadgets,UAE,Dubai,123.39,279.05,206.46,0.05,33.66,Credit Card,Online,L. Martin,MAD
13267,5,3587.85,-348,2893,Leo Haddad,2/1/2024,Headphone,Electronic,Morocco,Casablanca,560.16,797.3,673.88,0.1,6.29,Credit Card,Partner,Unknown,EUR
13268,1,1363.64,141.73,2797,Maria Lopez,8/2/2024,Keyboard,Tech,Spain,Madrid,234.83,1363.64,987,0,0.08,Bank Transfer,Partner,L. Martin,MAD
13269,6,2693.952,653.852,1083,John Garcia,1/11/2024,Tablet,Electronic,Morocco,Casablanca,436.07,561.24,263.44,0.2,23.39,Credit Card,Partner,Unknown,MAD
13270,2,77.184,-23.696,2481,Fatima Garcia,1/22/2023,Smartphone,Electronic,Germany,Berlin,13.31,42.88,19.62,0.1,48.33,Bank Transfer,Online,L. Martin,USD
13271,5,2224.6,254.08,2895,Ali Haddad,5/8/2025,Tablet,Electronic,Germany,Berlin,123.28,444.92,366.03,0,17.09,Crypto,Direct,Unknown,USD
13272,2,526.208,45.088,2569,Fatima Rossi,11/25/2023,Monitor,Tech,Morocco,Casablanca,51.96,328.88,198.25,0.2,32.66,Credit Card,Online,L. Martin,EUR
13273,4,5010.756,2038.476,2763,Ali Ibrahim,7/28/2024,Mouse,Tech,USA,New York,967.72,1318.62,491,0.05,40.56,Bank Transfer,Direct,Unknown,USD
13274,7,1396.5245,-12.8355,2472,Noah Lopez,7/17/2024,Smartphone,Electronic,USA,New York,124.22,234.71,183.3,0.15,2.04,Credit Card,Partner,Unknown,MAD
13275,5,-1524.22,-3376.73,1568,Lucas Garcia,2/2/2023,Keyboard,Gadgets,USA,New York,194.05,-358.64,322.41,0.15,46.41,Cash,Retail,Unknown,EUR
13276,4,1467.44,170.46,1545,Leo Dubois,9/27/2023,Monitor,Tech,USA,New York,215.56,431.6,269.07,0.15,5.14,Bank Transfer,Direct,K. Haddad,MAD
13277,5,6616.6,3320.16,1718,Fatima Smith,11/2/2023,Keyboard,Electronic,Germany,Berlin,837.97,1323.32,491,0,3.47,Credit Card,Retail,M. Lopez,EUR
13278,5,820.76,-1837.05,1292,Ahmed Dubois,6/28/2023,Tablet,Tech,France,Paris,155.82,205.19,491,0.2,46.99,PayPal,Online,Unknown,USD
13279,4,1942.2,-422.01,1569,Ali Dubois,4/6/2023,Phone,Electronic,Germany,Berlin,354.1,485.55,491,0,46.11,Credit Card,Direct,A. Johnson,USD
13280,1,1137.4275,283.3575,1093,Sara Ibrahim,1/5/2025,Monitor,Tech,Germany,Berlin,59.43,1338.15,786.05,0.15,8.59,Cash,Partner,L. Martin,USD
13281,7,2281.0515,484.7315,2433,Fatima Chen,4/1/2023,Mouse,Gadgets,France,Paris,350.9,383.37,200.15,0.15,44.37,Bank Transfer,Direct,L. Martin,EUR
13282,6,8524.98,3435.7,1344,Ahmed Khan,4/9/2025,Monitor,Electronic,Morocco,Casablanca,1622.6,1420.83,572.34,0,32.64,Credit Card,Partner,K. Haddad,EUR
13283,7,6334.335,1621.685,2974,Mariam Kowalski,3/23/2025,Mouse,Gadgets,France,Paris,1259.97,1005.45,493.12,0.1,0.84,PayPal,Retail,A. Johnson,USD
13284,7,7911.12,1370.78,1458,John Rahmani,10/3/2023,Smartphone,Electronic,Germany,Berlin,1249.63,1130.16,754.22,0,11.17,PayPal,Online,L. Martin,USD
13285,6,831.12,48.61,1938,Ali Haddad,12/6/2023,Monitor,Electronic,USA,New York,81.74,173.15,109.4,0.2,44.37,Cash,Partner,S. Rossi,EUR
13286,7,3955.28,466.49,2997,Lucas Smith,3/9/2024,Headphone,Gadgets,Morocco,Casablanca,740.03,706.3,389.06,0.2,25.34,Cash,Retail,M. Lopez,USD
13287,1,43.353,-30.797,1994,Ahmed Lopez,5/31/2023,Phone,Tech,Spain,Madrid,3.19,48.17,21.8,0.1,49.16,Cash,Partner,S. Rossi,EUR
13288,3,2309.256,-308.054,1877,Maria Kowalski,4/3/2025,Monitor,Tech,USA,New York,294.68,855.28,766.79,0.1,22.26,Credit Card,Online,S. Rossi,EUR
13289,2,2383.44,878.18,2162,Emma Chen,12/5/2024,Phone,Tech,UAE,Dubai,0,1489.65,732.29,0.2,40.68,Crypto,Online,Unknown,EUR
13290,4,4546.472,217.802,2536,Sara Smith,1/12/2024,Laptop,Gadgets,USA,New York,889.26,1196.44,854.89,0.05,19.85,Crypto,Online,Unknown,MAD
13291,6,2621.349,-487.971,2198,John Lopez,1/4/2025,Monitor,Tech,France,Paris,512.7,513.99,425.26,0.15,45.06,PayPal,Online,M. Lopez,USD
13292,6,2644.095,114.895,2362,Emma Rossi,4/1/2024,Mouse,Gadgets,Morocco,Casablanca,169.82,518.45,392.97,0.15,1.56,PayPal,Partner,Unknown,USD
13293,5,5806.86,1628.21,2319,John Haddad,6/28/2023,Tablet,Electronic,Morocco,Casablanca,413.49,1366.32,747.4,0.15,28.16,Bank Transfer,Partner,Unknown,USD
13294,6,1935.36,-334.08,1808,Noah Ibrahim,5/28/2025,Laptop,Tech,Spain,Madrid,188.21,403.2,346.8,0.2,0.43,Cash,Online,A. Johnson,USD
13295,6,776.34,13.24,2833,John Rossi,9/27/2023,Headphone,Electronic,USA,New York,66.65,136.2,110.68,0.05,32.37,Crypto,Online,K. Haddad,MAD
13296,6,5514.288,2225.948,1912,Lucas Rahmani,5/4/2023,Phone,Electronic,Germany,Berlin,400.58,1148.81,478.68,0.2,15.68,Credit Card,Retail,M. Lopez,USD
13297,5,6114.5325,1581.2825,2123,Sara Garcia,9/1/2023,Smartphone,Gadgets,UAE,Dubai,747.02,1287.27,756.51,0.05,3.68,Credit Card,Online,M. Lopez,USD
13298,5,497.04,-39.44,1295,John Khan,6/8/2024,Mouse,Tech,UAE,Dubai,0,124.26,105.73,0.2,7.83,Bank Transfer,Online,Unknown,USD
13299,3,1195.32,99.86,1738,Sara Silva,6/12/2024,Keyboard,Electronic,Spain,Madrid,145.73,398.44,311.5,0,15.23,Cash,Direct,M. Lopez,EUR
13300,4,692.988,-137.772,1560,Sara Silva,10/4/2023,Keyboard,Gadgets,USA,New York,108.78,203.82,177.71,0.15,11.14,Crypto,Retail,L. Martin,MAD
13301,4,4315.968,1099.008,1680,Ali Smith,4/8/2024,Monitor,Electronic,Spain,Madrid,756.63,1348.74,611.74,0.2,13.37,Crypto,Direct,K. Haddad,USD
13302,5,5711.58,1509.53,2422,Luis Lopez,8/8/2023,Laptop,Gadgets,France,Paris,951.54,1269.24,645.65,0.1,22.26,Credit Card,Partner,Unknown,USD
13303,2,1544.52,607.33,2479,Emma Smith,10/24/2023,Headphone,Tech,USA,New York,133.15,772.26,387.56,0,28.92,Credit Card,Online,S. Rossi,USD
13304,1,1391.2275,399.0875,1311,Maria Khan,8/5/2024,Laptop,Electronic,Morocco,Casablanca,99.83,1464.45,848.77,0.05,43.54,PayPal,Partner,S. Rossi,USD
13305,1,51.87,-15.72,2415,John Silva,3/22/2025,Headphone,Tech,Morocco,Casablanca,9.36,54.6,36.53,0.05,21.7,Bank Transfer,Direct,Unknown,EUR
13306,4,5089.68,1607.31,1140,Emma Haddad,3/27/2024,Keyboard,Gadgets,USA,New York,613.62,1272.42,712.44,0,18.99,Cash,Partner,Unknown,USD
13307,1,702.944,-14.796,1842,Luis Rossi,12/11/2023,Laptop,Tech,Morocco,Casablanca,64.4,878.68,631.08,0.2,22.26,Credit Card,Direct,A. Johnson,EUR
13308,5,866.56,221.23,2475,Emma Benali,1/31/2025,Keyboard,Gadgets,Spain,Madrid,52.77,216.64,114.06,0.2,22.26,Cash,Retail,A. Johnson,MAD
13309,5,1916.05,318.42,2733,Sara Smith,5/8/2025,Smartphone,Tech,USA,New York,163.87,383.21,278.78,0,39.86,Bank Transfer,Online,Unknown,EUR
13310,7,3139.1325,-283.7275,1156,Noah Dubois,9/30/2023,Tablet,Gadgets,USA,New York,550.9,472.05,407.1,0.05,22.26,PayPal,Direct,L. Martin,MAD
13311,7,7638.736,-88.724,2649,Emma Khan,6/19/2024,Laptop,Electronic,UAE,Dubai,1151.04,1364.06,938.06,0.2,10,PayPal,Partner,L. Martin,USD
13312,4,692.856,-42.764,1502,Nora Ibrahim,5/28/2024,Mouse,Tech,Spain,Madrid,97.45,192.46,151.57,0.1,31.89,Credit Card,Online,Unknown,USD
13313,4,2948.496,572.106,2065,Mariam Kowalski,6/5/2023,Headphone,Tech,Spain,Madrid,405.64,775.92,491,0.05,6.75,PayPal,Partner,Unknown,EUR
13314,3,2422.158,340.938,2294,Leo Chen,9/13/2024,Headphone,Tech,France,Paris,315.57,849.88,588.29,0.05,0.78,Bank Transfer,Online,L. Martin,MAD
13315,4,135.116,-57.774,1995,Nora Chen,5/1/2025,Mouse,Electronic,France,Paris,9.81,39.74,35.74,0.15,40.12,PayPal,Direct,Unknown,MAD
13316,4,894.68,364.75,1518,Ali Haddad,9/29/2024,Monitor,Gadgets,France,Paris,113.75,223.67,93.64,0,41.62,Crypto,Online,Unknown,EUR
13317,2,771.768,147.638,2406,Mariam Benali,3/21/2025,Headphone,Tech,Spain,Madrid,63.15,428.76,256.78,0.1,47.42,Cash,Online,S. Rossi,EUR
13318,6,2111.502,422.742,1654,Emma Haddad,7/22/2023,Mouse,Electronic,France,Paris,257.69,414.02,235.16,0.15,20.11,Bank Transfer,Direct,M. Lopez,EUR
13319,4,947.592,433.992,2041,Nora Lopez,4/7/2024,Keyboard,Electronic,Spain,Madrid,73.72,263.22,107.99,0.1,7.92,Crypto,Partner,K. Haddad,USD
13320,1,913.19,65.67,1350,Fatima Kowalski,7/6/2023,Tablet,Electronic,USA,New York,143.72,913.19,678.91,0,24.89,Bank Transfer,Direct,L. Martin,USD
13321,1,901.408,-179.012,1176,Ahmed Khan,3/2/2024,Laptop,Electronic,USA,New York,137.16,1060.48,916.5,0.15,26.76,Crypto,Retail,K. Haddad,USD
13322,2,89.46,29.96,2641,Noah Lopez,11/7/2023,Laptop,Electronic,USA,New York,4.92,44.73,21.88,0,10.82,Crypto,Partner,K. Haddad,USD
13323,5,887.2,18.84,1227,Sofia Haddad,5/31/2025,Laptop,Electronic,UAE,Dubai,63.41,221.8,157.75,0.2,16.2,Credit Card,Partner,Unknown,MAD
13324,2,1686.25,-5.58,2727,Ali Silva,7/9/2024,Headphone,Electronic,Spain,Madrid,122.92,887.5,774.15,0.05,20.61,Credit Card,Direct,A. Johnson,USD
13325,4,3500.288,966.898,2587,Luis Khan,3/19/2025,Laptop,Tech,UAE,Dubai,640.01,1093.84,464.49,0.2,35.42,PayPal,Direct,Unknown,EUR
13326,2,217.531,51.681,2546,Leo Rossi,6/7/2024,Phone,Gadgets,USA,New York,40.48,114.49,62.39,0.05,0.59,Cash,Online,M. Lopez,USD
13327,2,-2073.248,-4401.498,1789,Youssef Haddad,10/4/2023,Smartphone,Electronic,USA,New York,250.81,-1295.78,1018.5,0.2,40.44,Bank Transfer,Online,K. Haddad,MAD
13328,7,1638.189,522.989,1786,Luis Khan,3/5/2025,Mouse,Electronic,USA,New York,259.49,260.03,122.09,0.1,1.08,Credit Card,Retail,S. Rossi,USD
13329,3,470.784,55.594,2586,Ahmed Benali,8/3/2023,Mouse,Tech,France,Paris,38.6,196.16,118.63,0.2,20.7,Credit Card,Retail,Unknown,USD
13330,1,261.5825,71.1225,1751,Sofia Benali,12/15/2023,Headphone,Electronic,Morocco,Casablanca,35.94,275.35,114.02,0.05,40.5,Cash,Retail,A. Johnson,MAD
13331,2,973.926,125.916,1739,Sara Lopez,2/11/2024,Headphone,Electronic,France,Paris,188.95,541.07,315.27,0.1,28.52,Bank Transfer,Online,Unknown,USD
13332,7,6730.4615,-201.3985,1775,Emma Haddad,11/2/2024,Tablet,Tech,USA,New York,365.27,1131.17,933.84,0.15,29.71,Bank Transfer,Online,A. Johnson,USD
13333,5,1060.55,472.46,1303,Ali Lopez,4/25/2023,Mouse,Electronic,Morocco,Casablanca,102.68,212.11,96.49,0,2.96,Credit Card,Online,S. Rossi,EUR
13334,7,7999.95,605.83,2564,Noah Lopez,12/15/2024,Smartphone,Tech,Morocco,Casablanca,959.23,1203,917.54,0.05,12.11,PayPal,Online,L. Martin,EUR
13335,4,2441.04,294.07,2990,Sofia Haddad,1/6/2024,Keyboard,Tech,Morocco,Casablanca,126.18,610.26,498.96,0,24.95,Cash,Direct,Unknown,MAD
13336,7,3541.65,-210.24,2513,Ali Khan,4/15/2025,Mouse,Tech,USA,New York,275.44,505.95,491,0,39.45,Crypto,Online,M. Lopez,EUR
13337,6,5236.38,1119.82,2078,Sara Benali,3/13/2025,Keyboard,Tech,Morocco,Casablanca,456.27,872.73,608.61,0,8.63,PayPal,Online,Unknown,MAD
13338,1,659.9655,-144.5045,1481,Mariam Benali,11/13/2023,Keyboard,Tech,France,Paris,69.9,776.43,690.73,0.15,43.84,Credit Card,Direct,Unknown,EUR
13339,5,3069.32,753.83,2100,Maria Khan,8/2/2024,Laptop,Tech,France,Paris,481.52,767.33,361.42,0.2,26.87,Bank Transfer,Direct,Unknown,EUR
13340,3,2862.243,320.053,2492,Sara Khan,8/8/2023,Tablet,Electronic,USA,New York,396.61,1060.09,714.76,0.1,1.3,Credit Card,Retail,M. Lopez,USD
13341,5,6126.93,2862.78,1993,Ahmed Garcia,12/5/2023,Tablet,Gadgets,France,Paris,497.81,1361.54,546.15,0.1,35.59,Credit Card,Online,M. Lopez,EUR
13342,5,3696.04,-685.27,2768,Youssef Haddad,1/11/2024,Laptop,Tech,Germany,Berlin,690.46,924.01,734.22,0.2,19.75,Credit Card,Online,K. Haddad,USD
13343,3,105.3,0.77,1954,Noah Silva,9/27/2024,Mouse,Electronic,Spain,Madrid,10.17,39,21.69,0.1,29.29,Credit Card,Partner,L. Martin,MAD
13344,3,1283.85,340.29,1354,Sofia Khan,12/9/2023,Mouse,Tech,USA,New York,201.85,427.95,241.85,0,16.16,Cash,Retail,A. Johnson,USD
13345,6,1137.78,32.38,2211,Fatima Haddad,5/23/2024,Smartphone,Gadgets,Spain,Madrid,82.59,210.7,163.59,0.1,41.27,Cash,Partner,S. Rossi,EUR
13346,2,2703.396,31.346,1905,Ali Lopez,12/21/2023,Laptop,Gadgets,France,Paris,332.59,1422.84,1152.07,0.05,35.32,Cash,Direct,A. Johnson,MAD
13347,2,727.14,267.5,2117,Ali Kowalski,5/12/2023,Keyboard,Gadgets,France,Paris,90.84,363.57,175.81,0,17.18,Crypto,Direct,K. Haddad,USD
13348,6,2808.978,-545.102,2527,Lucas Ibrahim,5/9/2024,Keyboard,Electronic,USA,New York,417.59,550.78,486.13,0.15,19.71,PayPal,Direct,Unknown,USD
13349,1,908.6755,-146.6345,1665,Fatima Benali,10/30/2024,Phone,Tech,USA,New York,71.12,1069.03,938.7,0.15,45.49,Bank Transfer,Partner,L. Martin,USD
13350,5,4976.25,807.86,1366,Youssef Lopez,12/17/2023,Smartphone,Electronic,Spain,Madrid,459.88,995.25,739.51,0,10.96,Crypto,Partner,K. Haddad,USD
13351,3,2438.1825,263.2125,1163,Lucas Dubois,11/16/2023,Mouse,Tech,Germany,Berlin,232.53,956.15,646.45,0.15,3.09,Credit Card,Online,M. Lopez,USD
13352,4,2918.084,-432.566,2036,John Silva,12/25/2024,Keyboard,Gadgets,UAE,Dubai,444.18,858.26,723.97,0.15,10.59,Cash,Online,M. Lopez,MAD
13353,4,2739.968,766.488,1601,Sofia Haddad,12/25/2023,Mouse,Electronic,Morocco,Casablanca,304.09,856.24,406.41,0.2,43.75,Credit Card,Partner,M. Lopez,USD
13354,3,121.227,-25.323,1297,Luis Smith,10/24/2023,Keyboard,Gadgets,Spain,Madrid,11.34,47.54,33.9,0.15,33.51,PayPal,Online,K. Haddad,USD
13355,4,3960.354,223.764,1168,Luis Rossi,5/29/2024,Keyboard,Tech,Morocco,Casablanca,280.83,1164.81,858.73,0.15,20.84,Credit Card,Retail,Unknown,USD
13356,6,652.224,8.264,1352,Youssef Kowalski,2/21/2025,Mouse,Electronic,Germany,Berlin,77.9,135.88,92.14,0.2,13.22,PayPal,Retail,K. Haddad,USD
13357,6,7070.997,2045.377,1668,Ahmed Khan,6/12/2025,Keyboard,Electronic,USA,New York,953.13,1386.47,671.71,0.15,42.23,Bank Transfer,Direct,Unknown,EUR
13358,2,-70.83,-174.03,2929,Ahmed Lopez,8/26/2023,Mouse,Tech,USA,New York,11.44,-39.35,25.09,0.1,41.58,Cash,Online,L. Martin,USD
13359,3,2144.178,-245.082,1488,Youssef Smith,3/28/2023,Keyboard,Tech,France,Paris,312.3,794.14,680.27,0.1,36.15,PayPal,Direct,A. Johnson,USD
13360,6,7940.322,3919.022,1156,Ahmed Rahmani,6/30/2023,Headphone,Electronic,France,Paris,1026.67,1470.43,491,0.1,48.63,PayPal,Retail,S. Rossi,USD
13361,3,3460.608,-575.292,1162,Emma Garcia,1/24/2023,Tablet,Electronic,USA,New York,353.07,1441.92,1220.19,0.2,22.26,Credit Card,Retail,K. Haddad,USD
13362,1,938.859,-65.931,2020,Nora Garcia,7/6/2024,Smartphone,Electronic,Spain,Madrid,149.29,1104.54,848.52,0.15,6.98,Cash,Online,L. Martin,MAD
13363,1,160.68,-1.9,1898,Luis Benali,7/5/2023,Laptop,Gadgets,USA,New York,19.72,200.85,134.85,0.2,8.01,Cash,Online,M. Lopez,USD
13364,6,6854.208,1643.918,1078,Youssef Dubois,5/8/2024,Tablet,Tech,Spain,Madrid,916.7,1427.96,707.93,0.2,46.01,Credit Card,Online,A. Johnson,MAD
13365,5,5749.02,-690.79,1122,Ahmed Khan,8/19/2023,Keyboard,Electronic,Germany,Berlin,1078.83,1277.56,1065.07,0.1,35.63,Cash,Direct,M. Lopez,MAD
13366,4,1919.68,685.14,1452,Noah Benali,6/7/2023,Keyboard,Electronic,UAE,Dubai,261.96,479.92,237.58,0,22.26,Crypto,Partner,K. Haddad,USD
13367,1,716.8985,290.0585,1977,Sara Ibrahim,12/1/2023,Keyboard,Electronic,UAE,Dubai,0,754.63,415.21,0.05,11.63,Cash,Retail,A. Johnson,USD
13368,6,7145.928,3531.818,2422,Mariam Smith,2/1/2023,Smartphone,Tech,Spain,Madrid,632.44,1323.32,491,0.1,35.67,Bank Transfer,Direct,Unknown,USD
13369,6,1045.824,29.704,1000,Nora Haddad,6/16/2023,Mouse,Electronic,Morocco,Casablanca,63,217.88,156.4,0.2,14.72,PayPal,Retail,S. Rossi,USD
13370,5,-4616.12,-9027.72,1200,Ali Rossi,7/11/2023,Keyboard,Tech,USA,New York,401.88,-1154.03,793.45,0.2,42.47,Cash,Partner,Unknown,EUR
13371,2,1757.968,441.698,1359,Ahmed Rossi,11/3/2023,Keyboard,Gadgets,Morocco,Casablanca,285.19,1098.73,491,0.2,49.08,Bank Transfer,Partner,A. Johnson,USD
13372,5,3765.42,328.28,2497,Noah Khan,1/29/2024,Laptop,Tech,Morocco,Casablanca,674.87,836.76,546.72,0.1,28.67,Credit Card,Retail,L. Martin,MAD
13373,4,2190.976,508.776,1176,Leo Dubois,12/29/2023,Monitor,Electronic,Morocco,Casablanca,293.38,684.68,341.64,0.2,22.26,Credit Card,Online,L. Martin,USD
13374,6,6750.816,-186.264,2114,Nora Benali,6/25/2023,Phone,Tech,Morocco,Casablanca,917.39,1406.42,997.15,0.2,36.79,Credit Card,Partner,L. Martin,USD
13375,2,1994.882,182.082,2632,Youssef Ibrahim,7/1/2024,Tablet,Electronic,Spain,Madrid,0,1173.46,895.27,0.15,22.26,Crypto,Retail,M. Lopez,MAD
13376,3,3209.016,948.166,2822,Youssef Rahmani,9/5/2023,Phone,Gadgets,Morocco,Casablanca,596.03,1337.09,547.52,0.2,22.26,Credit Card,Retail,K. Haddad,EUR
13377,5,5906.5775,2669.5175,1899,Maria Ibrahim,6/16/2025,Laptop,Electronic,Morocco,Casablanca,709,1243.49,498.95,0.05,33.31,Bank Transfer,Direct,M. Lopez,USD
13378,6,6197.418,2282.968,2971,Leo Haddad,11/11/2024,Smartphone,Tech,USA,New York,468.75,1147.67,569.28,0.1,30.02,Bank Transfer,Online,A. Johnson,MAD
13379,5,771.3325,203.0425,1340,Luis Benali,12/7/2023,Laptop,Tech,Morocco,Casablanca,113.3,181.49,81.28,0.15,48.59,Cash,Online,Unknown,USD
13380,6,1694.628,583.698,1250,Lucas Silva,5/18/2023,Laptop,Electronic,France,Paris,243.49,313.82,142.84,0.1,10.4,Crypto,Retail,L. Martin,USD
13381,6,436.272,-2613.368,2227,Sara Garcia,7/5/2023,Mouse,Tech,USA,New York,79.13,90.89,491,0.2,24.51,Credit Card,Partner,Unknown,MAD
13382,4,3517.536,738.386,1155,Leo Haddad,5/23/2023,Tablet,Electronic,Morocco,Casablanca,196.48,1099.23,635.45,0.2,40.87,Crypto,Online,Unknown,USD
13383,4,1407.2,292.51,2411,Mariam Dubois,11/26/2024,Mouse,Electronic,Germany,Berlin,95.77,351.8,244.15,0,42.32,Credit Card,Partner,M. Lopez,EUR
13384,3,1546.35,355.16,2560,Youssef Khan,11/12/2023,Tablet,Tech,Spain,Madrid,138.66,515.45,336.99,0,41.56,Bank Transfer,Online,L. Martin,MAD
13385,6,1925.04,244.75,1996,Noah Benali,5/1/2024,Monitor,Tech,Spain,Madrid,165.77,401.05,248.71,0.2,22.26,Credit Card,Partner,K. Haddad,MAD
13386,5,6084.465,1832.355,2000,Maria Benali,10/31/2023,Phone,Gadgets,USA,New York,464.12,1280.94,756.45,0.05,5.74,Crypto,Online,K. Haddad,MAD
13387,3,850.89,462.08,1518,Nora Garcia,8/10/2023,Laptop,Electronic,Germany,Berlin,0,283.63,126.7,0,8.71,Credit Card,Online,Unknown,USD
13388,7,1204.98,192.85,1806,John Silva,4/27/2023,Laptop,Electronic,France,Paris,237.37,172.14,107.32,0,23.52,Bank Transfer,Partner,A. Johnson,EUR
13389,7,8210.58,1220.83,1925,Nora Rahmani,1/30/2025,Monitor,Gadgets,Germany,Berlin,498.53,1172.94,920.53,0,47.51,Credit Card,Direct,A. Johnson,EUR
13390,4,2630.018,-79.362,1935,Emma Ibrahim,2/12/2025,Laptop,Tech,Spain,Madrid,387.33,692.11,578.22,0.05,9.17,Bank Transfer,Retail,A. Johnson,USD
13391,4,3718,1497.81,1771,Youssef Garcia,9/16/2023,Mouse,Tech,Morocco,Casablanca,508.23,929.5,417.36,0,42.52,PayPal,Retail,A. Johnson,MAD
13392,1,611.097,68.417,2113,Lucas Lopez,5/19/2024,Phone,Tech,USA,New York,94.27,643.26,429.15,0.05,19.26,Credit Card,Online,L. Martin,USD
13393,4,4786.67,991.8,2336,Sofia Smith,2/11/2024,Laptop,Tech,Spain,Madrid,519.65,1259.65,812.26,0.05,26.18,Credit Card,Online,S. Rossi,USD
13394,5,6873.4,3174.52,1398,Maria Dubois,10/29/2024,Keyboard,Tech,Germany,Berlin,647.32,1374.68,610.19,0,0.61,Credit Card,Online,L. Martin,USD
13395,4,319.536,95.816,2706,Maria Silva,8/23/2024,Laptop,Gadgets,USA,New York,40.99,88.76,36.2,0.1,37.93,PayPal,Online,K. Haddad,MAD
13396,1,865.12,71.94,2058,Ahmed Garcia,1/15/2023,Mouse,Electronic,USA,New York,150.79,865.12,620.13,0,22.26,Cash,Online,S. Rossi,USD
13397,2,2467.062,1173.552,2220,Maria Rossi,10/7/2023,Mouse,Electronic,France,Paris,280.52,1370.59,491,0.1,30.99,Crypto,Partner,S. Rossi,USD
13398,1,107.037,33.087,2165,Sofia Chen,2/6/2025,Monitor,Gadgets,France,Paris,15.36,118.93,48.09,0.1,10.5,Crypto,Online,Unknown,MAD
13399,2,2200.976,664.896,1052,Maria Chen,4/11/2023,Phone,Tech,UAE,Dubai,215.49,1375.61,659.64,0.2,1.31,PayPal,Online,Unknown,USD
13400,4,3430.26,1168.75,2903,Sara Chen,6/12/2024,Laptop,Electronic,Spain,Madrid,0,902.7,560.7,0.05,18.71,Crypto,Online,Unknown,MAD
13401,7,989.919,215.899,1286,Ali Rossi,1/19/2024,Keyboard,Gadgets,Morocco,Casablanca,97,148.86,95.97,0.05,5.23,PayPal,Partner,S. Rossi,USD
13402,3,1419.336,531.306,1992,Fatima Benali,7/14/2024,Headphone,Gadgets,Germany,Berlin,83.51,525.68,252.47,0.1,47.11,Crypto,Direct,Unknown,EUR
13403,4,1173.88,34.16,1113,Ahmed Kowalski,6/24/2023,Keyboard,Tech,UAE,Dubai,142.73,293.47,240.89,0,33.43,Credit Card,Online,Unknown,EUR
13404,4,1835.796,-137.534,1317,Lucas Smith,12/8/2024,Headphone,Electronic,USA,New York,120.54,539.94,456.5,0.15,26.79,Cash,Online,Unknown,USD
13405,5,4521.575,188.005,1224,Youssef Smith,4/1/2024,Phone,Tech,Morocco,Casablanca,0,1063.9,861.61,0.15,25.52,Credit Card,Direct,K. Haddad,USD
13406,1,292.688,-98.602,2968,Luis Dubois,7/17/2023,Smartphone,Tech,Spain,Madrid,27.67,365.86,322.44,0.2,41.18,PayPal,Direct,Unknown,EUR
13407,4,2082.496,420.856,1130,Ali Ibrahim,9/17/2024,Smartphone,Tech,Morocco,Casablanca,265.72,650.78,344.65,0.2,17.32,PayPal,Retail,L. Martin,USD
13408,5,993.24,168.18,2283,Sara Haddad,10/8/2023,Mouse,Tech,Spain,Madrid,139.22,220.72,128.57,0.1,42.99,Bank Transfer,Direct,L. Martin,USD
13409,5,1360.24,51.28,1401,Leo Haddad,2/16/2023,Mouse,Tech,Morocco,Casablanca,215.91,340.06,218.28,0.2,1.65,Bank Transfer,Online,K. Haddad,USD
13410,1,80.541,-26.269,2246,Maria Silva,5/10/2025,Mouse,Gadgets,USA,New York,9.99,89.49,70.79,0.1,26.03,Credit Card,Online,M. Lopez,USD
13411,3,2608.8,173.59,1420,Luis Ibrahim,1/16/2024,Laptop,Tech,Morocco,Casablanca,367.42,1087,684.45,0.2,14.44,Crypto,Direct,Unknown,MAD
13412,4,1322.172,103.772,2859,Sara Garcia,2/2/2023,Headphone,Electronic,Germany,Berlin,262.32,367.27,226.9,0.1,48.48,Crypto,Retail,Unknown,MAD
13413,3,1056.363,-34.297,1243,Ahmed Rossi,1/9/2023,Smartphone,Electronic,USA,New York,127.24,414.26,314.5,0.15,19.92,Bank Transfer,Direct,K. Haddad,EUR
13414,6,2173.056,160.056,1512,John Kowalski,1/20/2023,Headphone,Tech,USA,New York,387.87,452.72,270.67,0.2,1.11,Credit Card,Online,Unknown,USD
13415,2,1143.488,374.718,1936,Youssef Kowalski,11/6/2023,Keyboard,Gadgets,Germany,Berlin,138.93,672.64,303.79,0.15,22.26,Cash,Online,A. Johnson,USD
13416,1,1075.001,382.611,2048,Ahmed Khan,12/21/2024,Tablet,Tech,Morocco,Casablanca,82.78,1131.58,563.36,0.05,46.25,Credit Card,Retail,L. Martin,USD
13417,5,511.29,107,2208,Sofia Khan,3/6/2023,Laptop,Electronic,USA,New York,55.63,113.62,66.18,0.1,17.76,Bank Transfer,Retail,A. Johnson,MAD
13418,7,5362.07,1026.36,2694,Sara Haddad,4/15/2025,Laptop,Electronic,Spain,Madrid,891.21,766.01,488.54,0,24.72,Cash,Retail,L. Martin,USD
13419,6,2693.616,310.316,2172,Emma Ibrahim,9/26/2023,Tablet,Electronic,Morocco,Casablanca,0,561.17,392.88,0.2,26.02,Crypto,Online,L. Martin,EUR
13420,5,5631.65,757.69,2430,Emma Khan,5/5/2025,Tablet,Tech,Morocco,Casablanca,300.25,1126.33,905.56,0,45.91,Credit Card,Retail,K. Haddad,USD
13421,4,1217.472,-48.838,2280,Noah Kowalski,4/4/2023,Monitor,Gadgets,USA,New York,162.8,358.08,269.14,0.15,26.95,PayPal,Partner,Unknown,MAD
13422,3,1350.9,131.42,1914,Leo Lopez,6/25/2024,Headphone,Electronic,Morocco,Casablanca,92.19,450.3,361.83,0,41.8,Cash,Retail,Unknown,MAD
13423,3,760.5795,277.1495,1959,Nora Benali,8/7/2023,Headphone,Electronic,Spain,Madrid,143.78,266.87,109.23,0.05,11.96,Crypto,Online,K. Haddad,MAD
13424,5,3543.5,322.33,2185,Ali Chen,2/5/2023,Smartphone,Gadgets,Morocco,Casablanca,232.28,708.7,597.72,0,0.29,Cash,Direct,S. Rossi,EUR
13425,1,293.743,90.183,2001,Leo Dubois,12/1/2024,Keyboard,Gadgets,USA,New York,31.05,345.58,140.17,0.15,32.34,Credit Card,Online,K. Haddad,USD
13426,4,2930.188,1209.118,1129,Ali Haddad,2/4/2025,Phone,Electronic,USA,New York,152.65,861.82,386.54,0.15,22.26,Crypto,Partner,Unknown,MAD
13427,6,6114.768,-547.112,1798,Nora Garcia,12/5/2023,Keyboard,Electronic,Morocco,Casablanca,577.22,1273.91,1009.75,0.2,26.16,Bank Transfer,Direct,S. Rossi,MAD
13428,1,344.7175,46.0775,1642,Sara Smith,11/24/2024,Mouse,Electronic,Morocco,Casablanca,33.87,405.55,246.63,0.15,18.14,Cash,Partner,S. Rossi,USD
13429,7,5129.495,40.715,1851,Leo Haddad,5/25/2024,Phone,Tech,Germany,Berlin,789.77,862.1,611.36,0.15,19.49,PayPal,Online,M. Lopez,MAD
13430,1,296.514,84.224,1492,Fatima Khan,2/1/2025,Laptop,Tech,France,Paris,0,348.84,173.55,0.15,38.74,Bank Transfer,Online,A. Johnson,EUR
13431,5,739.16,224.48,1575,Luis Kowalski,1/4/2023,Monitor,Electronic,USA,New York,43.48,173.92,93.79,0.15,2.25,PayPal,Online,S. Rossi,USD
13432,3,2781.39,718.37,2835,Fatima Kowalski,2/21/2023,Laptop,Electronic,Morocco,Casablanca,514.7,927.13,511.47,0,13.91,Bank Transfer,Direct,Unknown,MAD
13433,6,948.294,-20.836,1936,Noah Lopez,12/25/2023,Tablet,Gadgets,Morocco,Casablanca,133.38,185.94,134.95,0.15,26.05,PayPal,Direct,K. Haddad,MAD
13434,6,2549.616,275.956,1882,John Rahmani,12/28/2023,Phone,Tech,Germany,Berlin,283.75,531.17,325.83,0.2,34.93,Cash,Direct,Unknown,USD
13435,4,2282.496,578.046,1308,Luis Rossi,9/3/2024,Monitor,Electronic,USA,New York,375.91,713.28,320.16,0.2,47.9,Crypto,Online,L. Martin,USD
13436,6,7799.328,2626.978,2055,Fatima Garcia,3/21/2025,Phone,Gadgets,Germany,Berlin,1053.93,1444.32,685.19,0.1,7.28,Bank Transfer,Online,L. Martin,EUR
13437,4,3164.96,-49.66,2058,Maria Haddad,4/27/2023,Phone,Electronic,Morocco,Casablanca,243.94,989.05,741.93,0.2,2.96,Crypto,Direct,K. Haddad,USD
13438,7,5037.312,1198.132,1203,Maria Ibrahim,5/26/2023,Tablet,Tech,Morocco,Casablanca,354.41,899.52,491,0.2,47.77,Bank Transfer,Partner,S. Rossi,MAD
13439,7,836.024,9.934,1766,Youssef Dubois,8/19/2023,Laptop,Tech,France,Paris,99.66,149.29,100.58,0.2,22.37,Credit Card,Retail,S. Rossi,USD
13440,3,2958.75,1000.26,1355,Mariam Benali,2/5/2024,Laptop,Electronic,France,Paris,255.29,986.25,552.23,0,46.51,PayPal,Online,M. Lopez,USD
13441,7,2490.012,-43.878,1528,Sofia Silva,9/24/2023,Headphone,Gadgets,Morocco,Casablanca,270.32,395.24,319.72,0.1,25.53,PayPal,Direct,L. Martin,USD
13442,2,2228.224,-371.286,1038,Mariam Rahmani,4/19/2023,Laptop,Electronic,UAE,Dubai,393.71,1392.64,1079.32,0.2,47.16,Crypto,Direct,M. Lopez,EUR
13443,7,828.198,-17.752,1481,Sara Chen,7/25/2023,Headphone,Tech,USA,New York,138.02,131.46,99.85,0.1,8.98,Cash,Retail,Unknown,MAD
13444,7,2745.666,-126.894,1142,Emma Khan,7/26/2023,Keyboard,Gadgets,Morocco,Casablanca,513.45,435.82,330.44,0.1,46.03,Crypto,Partner,Unknown,USD
13445,5,2978.56,881.85,2860,Sara Lopez,2/5/2025,Headphone,Gadgets,USA,New York,423.91,744.64,331.1,0.2,17.3,PayPal,Online,L. Martin,EUR
13446,2,1859.072,323.442,2296,Leo Khan,10/21/2024,Monitor,Tech,Morocco,Casablanca,196.1,1161.92,666.31,0.2,6.91,Bank Transfer,Online,A. Johnson,EUR
13447,6,5628.6,456.42,1837,Maria Ibrahim,11/1/2023,Laptop,Electronic,France,Paris,1004.79,938.1,687,0,45.39,Cash,Online,S. Rossi,EUR
13448,6,2465.991,320.241,2444,Mariam Lopez,2/18/2023,Keyboard,Tech,USA,New York,186.99,432.63,321.9,0.05,27.36,Cash,Online,Unknown,USD
13449,2,1046.912,123.612,1283,Youssef Rahmani,4/30/2024,Mouse,Electronic,UAE,Dubai,204.09,654.32,339.95,0.2,39.31,Credit Card,Online,A. Johnson,USD
13450,1,207.738,32.128,2817,John Smith,2/7/2024,Monitor,Electronic,Morocco,Casablanca,29.33,230.82,96.9,0.1,49.38,Credit Card,Online,L. Martin,EUR
13451,5,823.3,122.79,1322,Lucas Silva,9/25/2023,Laptop,Tech,USA,New York,71.55,164.66,117.35,0,42.21,Credit Card,Online,K. Haddad,USD
13452,6,3276.291,270.631,1100,Nora Kowalski,7/25/2024,Keyboard,Electronic,Spain,Madrid,290.21,642.41,446.34,0.15,37.41,PayPal,Online,Unknown,USD
13453,7,4201.82,-62.63,1233,Ali Chen,2/7/2024,Laptop,Electronic,Morocco,Casablanca,806.74,600.26,491,0,20.71,PayPal,Online,M. Lopez,MAD
13454,4,1283.534,-188.866,2961,Fatima Haddad,9/20/2024,Mouse,Tech,USA,New York,196.34,377.51,309.28,0.15,38.94,Crypto,Partner,L. Martin,MAD
13455,6,3948.504,-111.346,1403,Ali Silva,3/7/2023,Tablet,Tech,Morocco,Casablanca,479.97,692.72,588.79,0.05,47.14,PayPal,Partner,L. Martin,USD
13456,4,3311.838,-423.472,2379,Nora Smith,5/19/2023,Mouse,Electronic,France,Paris,393.34,974.07,831.34,0.15,16.61,Crypto,Online,A. Johnson,USD
13457,3,2605.56,1074.51,2265,Sofia Ibrahim,12/20/2024,Keyboard,Gadgets,France,Paris,399.93,868.52,363.69,0,40.05,Crypto,Retail,Unknown,EUR
13458,1,1440.89,465.98,2529,Maria Rossi,10/21/2023,Tablet,Tech,UAE,Dubai,162.61,1440.89,772.17,0,40.13,Credit Card,Online,Unknown,USD
13459,7,4021.731,1048.391,2248,Maria Silva,4/15/2023,Tablet,Electronic,Germany,Berlin,520.09,638.37,344.47,0.1,41.96,Credit Card,Online,L. Martin,USD
13460,4,2866.24,-192.28,2936,Ali Benali,3/11/2023,Laptop,Tech,UAE,Dubai,382.7,895.7,663.39,0.2,22.26,Bank Transfer,Online,S. Rossi,MAD
13461,2,1584.5,618.96,1895,Nora Chen,9/28/2024,Smartphone,Gadgets,Morocco,Casablanca,172.01,792.25,380.88,0,31.77,PayPal,Online,S. Rossi,MAD
13462,7,8698.781,3327.461,1423,Noah Khan,1/17/2025,Mouse,Tech,Spain,Madrid,622.5,1461.98,677.24,0.15,8.14,Crypto,Online,K. Haddad,USD
13463,2,1262.216,453.216,2629,Emma Benali,1/15/2024,Smartphone,Tech,USA,New York,0,742.48,381.6,0.15,45.8,PayPal,Online,Unknown,USD
13464,4,4121.176,586.526,2504,Noah Haddad,12/9/2024,Tablet,Electronic,Morocco,Casablanca,775.06,1084.52,682.56,0.05,29.35,Cash,Direct,Unknown,USD
13465,6,3612.636,839.766,1977,Leo Dubois,10/28/2024,Laptop,Gadgets,UAE,Dubai,271.65,708.36,413.16,0.15,22.26,Crypto,Direct,M. Lopez,EUR
13466,5,5344.83,-366.19,2682,Ali Lopez,11/25/2023,Smartphone,Tech,France,Paris,783.12,1187.74,982.58,0.1,15,Crypto,Partner,M. Lopez,USD
13467,6,1788.888,921.948,1767,Mariam Kowalski,10/4/2024,Tablet,Gadgets,Spain,Madrid,106.17,313.84,126.08,0.05,4.29,Cash,Partner,M. Lopez,MAD
13468,7,7588.9275,2102.1475,2074,Nora Lopez,4/21/2025,Keyboard,Electronic,Morocco,Casablanca,401.94,1275.45,725.66,0.15,5.22,Cash,Retail,K. Haddad,MAD
13469,4,1370.484,25.624,2886,Sofia Silva,8/13/2023,Laptop,Gadgets,Morocco,Casablanca,236.94,380.69,271.06,0.1,23.68,Crypto,Online,L. Martin,USD
13470,7,10487.33,4012.98,1227,Fatima Lopez,6/5/2024,Monitor,Gadgets,France,Paris,935.56,1498.19,787.03,0,29.58,Bank Transfer,Retail,S. Rossi,USD
13471,5,5478.59,13.25,1156,Mariam Rahmani,10/17/2024,Mouse,Electronic,Morocco,Casablanca,301.74,1289.08,1031.43,0.15,6.45,Credit Card,Partner,S. Rossi,USD
13472,7,1561.518,296.678,2559,Nora Rossi,12/23/2023,Smartphone,Tech,Spain,Madrid,288.31,247.86,138.28,0.1,8.57,Credit Card,Partner,Unknown,USD
13473,5,6634.5625,1025.9925,2329,John Chen,10/18/2024,Laptop,Electronic,France,Paris,1245.55,1396.75,867.65,0.05,24.77,Crypto,Online,K. Haddad,USD
13474,6,8234.277,-159.143,1709,Fatima Chen,5/9/2023,Mouse,Gadgets,Morocco,Casablanca,1366.68,1444.61,1164.64,0.05,38.9,Credit Card,Direct,M. Lopez,USD
13475,1,678.016,119.106,2891,Emma Ibrahim,10/4/2024,Tablet,Tech,UAE,Dubai,131.77,847.52,407.25,0.2,19.89,PayPal,Partner,L. Martin,USD
13476,7,1356.012,-140.988,2073,Fatima Dubois,3/26/2025,Headphone,Gadgets,Morocco,Casablanca,139.15,215.24,187.79,0.1,43.32,Cash,Online,K. Haddad,USD
13477,2,496.638,14.838,2791,Lucas Chen,10/1/2023,Laptop,Gadgets,France,Paris,78.06,275.91,198.71,0.1,6.32,Bank Transfer,Online,S. Rossi,USD
13478,7,10204.67,3697.45,1644,Noah Garcia,4/6/2024,Phone,Tech,USA,New York,630,1457.81,837.63,0,13.81,Cash,Direct,Unknown,EUR
13479,4,3048.032,-194.448,1659,Mariam Silva,1/24/2024,Mouse,Tech,USA,New York,340.03,952.51,722.26,0.2,13.41,Cash,Partner,K. Haddad,USD
13480,6,6214.938,755.558,2825,Emma Dubois,9/6/2024,Tablet,Electronic,USA,New York,961.52,1090.34,748.2,0.05,8.66,Bank Transfer,Direct,M. Lopez,EUR
13481,5,3565.98,1245.71,1553,Fatima Kowalski,3/20/2024,Smartphone,Tech,Morocco,Casablanca,327.67,792.44,396.97,0.1,7.75,Bank Transfer,Partner,L. Martin,USD
13482,5,3561.39,45.72,2248,Noah Khan,10/14/2024,Headphone,Tech,USA,New York,298.06,791.42,635.73,0.1,38.96,Credit Card,Retail,A. Johnson,EUR
13483,4,2951.36,1191.6,1179,Noah Kowalski,4/8/2025,Phone,Gadgets,USA,New York,293.07,737.84,355.53,0,44.57,Cash,Online,K. Haddad,USD
13484,6,2514.096,-421.744,2510,Fatima Rossi,6/11/2024,Keyboard,Electronic,Morocco,Casablanca,466.72,523.77,403.76,0.2,46.56,Credit Card,Partner,M. Lopez,EUR
13485,5,5886.42,244.62,1151,Sara Lopez,1/13/2023,Headphone,Gadgets,Spain,Madrid,451.39,1385.04,1033.63,0.15,22.26,Cash,Online,L. Martin,USD
13486,3,1230.21,474.76,1438,Luis Kowalski,9/29/2023,Monitor,Tech,USA,New York,101.28,410.07,211.22,0,20.51,Crypto,Online,L. Martin,MAD
13487,1,360.376,108.246,1023,Sara Dubois,1/11/2025,Tablet,Electronic,Germany,Berlin,19.12,450.47,194.89,0.2,38.12,Bank Transfer,Online,A. Johnson,EUR
13488,1,92.392,-13.078,2117,Emma Smith,12/3/2024,Laptop,Gadgets,Spain,Madrid,12.63,115.49,68.78,0.2,24.06,PayPal,Direct,L. Martin,EUR
13489,4,3989.458,553.388,2840,Leo Kowalski,2/29/2024,Monitor,Electronic,Morocco,Casablanca,764.47,1173.37,658.65,0.15,37,Crypto,Partner,A. Johnson,MAD
13490,2,1809.65,19.7,2311,Mariam Garcia,10/29/2024,Tablet,Electronic,Germany,Berlin,291.95,1064.5,733.22,0.15,31.56,Credit Card,Online,S. Rossi,MAD
13491,7,7322.546,3044.446,2900,Fatima Benali,11/20/2024,Headphone,Tech,Spain,Madrid,766.84,1230.68,500.77,0.15,5.87,Credit Card,Online,Unknown,USD
13492,7,5579.336,2589.086,1142,Noah Dubois,1/29/2025,Mouse,Tech,USA,New York,0,996.31,420.82,0.2,44.51,Credit Card,Online,M. Lopez,MAD
13493,1,959.208,104.848,1918,Sofia Benali,2/24/2025,Tablet,Tech,Morocco,Casablanca,165.57,1199.01,642.67,0.2,46.12,Crypto,Partner,S. Rossi,USD
13494,6,2481.312,-555.758,2758,Ahmed Lopez,3/24/2025,Headphone,Gadgets,USA,New York,340.97,516.94,442.17,0.2,43.08,Credit Card,Online,A. Johnson,USD
13495,1,1127.968,303.318,1684,Leo Silva,4/3/2025,Headphone,Electronic,USA,New York,225.51,1409.96,594.54,0.2,4.6,Crypto,Partner,K. Haddad,USD
13496,7,8271.69,1982.87,1062,John Lopez,7/9/2024,Keyboard,Gadgets,Spain,Madrid,1359.87,1181.67,699.94,0,29.37,PayPal,Retail,L. Martin,MAD
13497,6,990.84,155.93,2080,Lucas Chen,4/11/2025,Phone,Electronic,UAE,Dubai,131.31,165.14,110.49,0,40.66,Credit Card,Retail,L. Martin,EUR
13498,4,3201.536,504.946,1599,Lucas Benali,10/28/2023,Phone,Gadgets,USA,New York,421.93,1000.48,564.12,0.2,18.18,Crypto,Direct,M. Lopez,MAD
13499,5,4333.5,1363.58,1267,Nora Chen,8/22/2024,Smartphone,Electronic,USA,New York,551.45,866.7,475.65,0,40.22,Cash,Retail,Unknown,EUR
13500,1,603.6585,-62.6815,2908,Emma Dubois,3/13/2025,Laptop,Gadgets,USA,New York,107.68,635.43,536.4,0.05,22.26,Credit Card,Direct,Unknown,EUR
13501,6,7068.057,131.427,1797,Fatima Ibrahim,1/7/2024,Smartphone,Tech,France,Paris,1273.39,1240.01,943.76,0.05,0.68,Crypto,Direct,Unknown,USD
13502,3,2158.2765,723.1865,2362,Mariam Smith,5/20/2023,Mouse,Tech,USA,New York,346.58,757.29,351.15,0.05,35.06,Credit Card,Partner,L. Martin,EUR
13503,2,511.182,-46.518,2790,Ahmed Lopez,8/4/2024,Headphone,Tech,Morocco,Casablanca,50.81,283.99,251.15,0.1,4.59,Credit Card,Retail,L. Martin,USD
13504,6,3042.489,49.859,2711,Nora Rahmani,4/23/2023,Keyboard,Tech,France,Paris,332.01,533.77,438.05,0.05,32.32,Credit Card,Online,M. Lopez,USD
13505,1,759.616,191.866,1106,Noah Ibrahim,7/28/2024,Laptop,Electronic,UAE,Dubai,108.89,949.52,438.08,0.2,20.78,Cash,Partner,Unknown,MAD
13506,5,2986.92,264.79,2693,Youssef Garcia,4/10/2025,Tablet,Tech,Germany,Berlin,297.75,663.76,482.04,0.1,14.18,Cash,Online,Unknown,USD
13507,3,2308.656,-5.504,1755,Lucas Benali,7/2/2023,Keyboard,Electronic,Germany,Berlin,328.45,961.94,661.62,0.2,0.85,PayPal,Online,A. Johnson,MAD
13508,3,99.936,-30.784,1672,Emma Rossi,6/8/2024,Headphone,Tech,Morocco,Casablanca,11.19,41.64,23.51,0.2,49,Crypto,Partner,A. Johnson,USD
13509,2,1075.086,116.526,2049,Ali Haddad,11/10/2024,Phone,Electronic,Germany,Berlin,201.23,597.27,369.24,0.1,18.85,PayPal,Direct,Unknown,MAD
13510,6,2240.532,399.212,1725,Ahmed Dubois,7/7/2023,Laptop,Tech,Morocco,Casablanca,0,439.32,305.71,0.15,7.06,Crypto,Online,Unknown,USD
13511,2,438.384,102.044,1076,John Kowalski,11/26/2023,Monitor,Gadgets,Morocco,Casablanca,28.93,273.99,131.32,0.2,44.77,Credit Card,Online,A. Johnson,MAD
13512,1,403.256,28.476,2009,Lucas Garcia,2/2/2024,Smartphone,Electronic,Morocco,Casablanca,47.43,424.48,301.09,0.05,26.26,Cash,Online,M. Lopez,MAD
13513,1,1173.5,-44.46,2303,Emma Kowalski,8/11/2023,Monitor,Electronic,UAE,Dubai,184.25,1173.5,1009.57,0,24.14,Cash,Retail,K. Haddad,MAD
13514,1,1328.21,702.8,2268,Leo Haddad,9/10/2023,Headphone,Electronic,USA,New York,122.7,1328.21,491,0,11.71,Cash,Online,S. Rossi,USD
13515,6,6569.769,-291.341,2996,Luis Dubois,4/7/2023,Laptop,Gadgets,UAE,Dubai,571.96,1288.19,1040.7,0.15,44.95,PayPal,Online,Unknown,EUR
13516,7,9214.002,3236.812,2594,John Smith,4/16/2025,Keyboard,Gadgets,Morocco,Casablanca,1799.14,1462.54,595.5,0.1,9.55,Bank Transfer,Online,K. Haddad,USD
13517,2,530.162,38.922,1958,Fatima Rossi,4/23/2023,Phone,Tech,USA,New York,27.38,311.86,219.31,0.15,25.24,PayPal,Direct,Unknown,EUR
13518,6,4037.472,-129.728,1724,Mariam Ibrahim,11/17/2023,Tablet,Gadgets,USA,New York,451.18,747.68,619.26,0.1,0.46,Crypto,Retail,Unknown,MAD
13519,3,639.522,224.282,1711,Sara Rossi,2/28/2023,Laptop,Gadgets,Germany,Berlin,36.46,236.86,118.84,0.1,22.26,Bank Transfer,Online,L. Martin,USD
13520,3,1491.12,402.19,1756,Fatima Benali,8/18/2024,Tablet,Electronic,UAE,Dubai,219.98,621.3,288.35,0.2,3.9,PayPal,Online,K. Haddad,USD
13521,1,39.368,-47.512,2926,Ali Dubois,6/21/2023,Smartphone,Electronic,Germany,Berlin,7.22,41.44,32.13,0.05,47.53,PayPal,Online,M. Lopez,USD
13522,6,5127.846,-149.304,2695,Sara Khan,10/28/2024,Keyboard,Tech,Spain,Madrid,339.1,1005.46,821.22,0.15,10.73,PayPal,Online,S. Rossi,EUR
13523,4,3113.952,1356.372,2105,Luis Benali,4/11/2025,Laptop,Electronic,Morocco,Casablanca,0,973.11,433.83,0.2,22.26,Credit Card,Direct,L. Martin,USD
13524,6,8078.667,810.847,1831,Noah Haddad,2/15/2025,Phone,Tech,Germany,Berlin,1048.3,1417.31,1033.8,0.05,16.72,Cash,Online,A. Johnson,USD
13525,4,394.84,6.1,1305,Sofia Garcia,5/28/2023,Tablet,Gadgets,Spain,Madrid,31.71,98.71,83.91,0,21.39,Credit Card,Retail,K. Haddad,MAD
13526,6,5475.12,2517.35,2203,Luis Kowalski,5/16/2025,Headphone,Electronic,USA,New York,0,912.52,491,0,11.77,Bank Transfer,Direct,L. Martin,USD
13527,7,2822.9915,238.5115,1147,Nora Benali,7/23/2024,Laptop,Tech,Morocco,Casablanca,458.72,424.51,300.5,0.05,22.26,Crypto,Retail,Unknown,USD
13528,7,7959.791,-1077.829,1074,John Rahmani,2/9/2023,Tablet,Tech,USA,New York,1235.56,1337.78,1111.4,0.15,22.26,Credit Card,Partner,L. Martin,USD
13529,7,5872.1145,-700.6355,2302,Ahmed Smith,5/23/2023,Monitor,Tech,UAE,Dubai,424.85,986.91,873.65,0.15,32.35,Crypto,Online,Unknown,EUR
13530,4,-4629.6,-7702.44,1258,Ali Dubois,2/15/2023,Mouse,Tech,Germany,Berlin,692.29,-1446.75,594.57,0.2,2.27,Credit Card,Partner,L. Martin,USD
13531,7,4771.704,-657.906,2750,Leo Dubois,5/30/2025,Mouse,Electronic,Morocco,Casablanca,730.28,852.09,665.27,0.2,42.44,Credit Card,Online,S. Rossi,USD
13532,4,1289.916,211.926,2308,Sofia Khan,5/27/2025,Monitor,Gadgets,Spain,Madrid,176.37,358.31,220.48,0.1,19.7,Credit Card,Retail,Unknown,USD
13533,6,5821.038,138.678,2467,John Rossi,3/6/2025,Monitor,Tech,Germany,Berlin,858.45,1077.97,798.04,0.1,35.67,Credit Card,Online,K. Haddad,EUR
13534,6,2511.552,-658.178,2937,Emma Garcia,7/23/2023,Phone,Tech,Germany,Berlin,453.25,523.24,449.21,0.2,21.22,Bank Transfer,Direct,Unknown,MAD
13535,7,2277.954,-88.466,2849,Lucas Smith,6/21/2023,Laptop,Tech,USA,New York,439.31,361.58,272.29,0.1,21.08,Cash,Partner,M. Lopez,MAD
13536,7,2208.024,-331.486,1264,Leo Kowalski,11/25/2024,Tablet,Electronic,USA,New York,315.93,394.29,312.07,0.2,39.09,PayPal,Retail,Unknown,MAD
13537,4,4225.942,1089.262,2404,Leo Chen,7/28/2023,Headphone,Tech,Morocco,Casablanca,442.57,1112.09,663.09,0.05,41.75,Credit Card,Online,M. Lopez,MAD
13538,3,3567.564,972.044,2482,Ali Benali,6/16/2023,Headphone,Electronic,USA,New York,298.07,1321.32,758.21,0.1,22.82,Bank Transfer,Online,Unknown,USD
13539,1,945.18,3.44,2741,Sofia Haddad,1/5/2025,Tablet,Electronic,Spain,Madrid,153.49,945.18,755.27,0,32.98,Bank Transfer,Online,K. Haddad,USD
13540,4,620.856,43.076,1029,Fatima Khan,12/13/2023,Keyboard,Tech,Morocco,Casablanca,85.72,172.46,117.45,0.1,22.26,Cash,Retail,M. Lopez,EUR
13541,2,2528.121,154.921,2276,John Haddad,9/21/2024,Headphone,Electronic,USA,New York,392.04,1487.13,990.31,0.15,0.54,Crypto,Online,A. Johnson,USD
13542,7,5121.13,686.29,2420,Fatima Benali,5/23/2024,Laptop,Electronic,UAE,Dubai,493.93,731.59,556.27,0,47.02,Bank Transfer,Retail,Unknown,USD
13543,5,4800,588.93,1366,Nora Benali,4/24/2023,Smartphone,Tech,Germany,Berlin,492.52,1200,736.28,0.2,37.15,Cash,Partner,K. Haddad,MAD
13544,6,-6565.212,-13357.992,1444,Mariam Kowalski,9/11/2023,Smartphone,Electronic,France,Paris,348.43,-1215.78,1070.42,0.1,21.83,Crypto,Direct,A. Johnson,USD
13545,6,3595.245,-784.085,2378,Youssef Khan,5/30/2025,Headphone,Tech,Germany,Berlin,657.37,704.95,615.72,0.15,27.64,Credit Card,Retail,A. Johnson,EUR
13546,5,5423.425,783.255,2228,Maria Rossi,5/2/2024,Keyboard,Electronic,Germany,Berlin,506.8,1276.1,820.64,0.15,30.17,Bank Transfer,Partner,Unknown,USD
13547,4,2632.288,-34.582,1578,Ali Rossi,8/14/2023,Laptop,Electronic,Morocco,Casablanca,213.62,822.59,601.48,0.2,47.33,PayPal,Partner,Unknown,MAD
13548,7,4542.867,1201.047,1033,Leo Chen,7/31/2023,Keyboard,Electronic,France,Paris,0,721.09,475.08,0.1,16.26,Credit Card,Retail,M. Lopez,USD
13549,5,4054.5525,281.4125,1330,Mariam Ibrahim,1/27/2025,Smartphone,Tech,Spain,Madrid,615.88,853.59,627,0.05,22.26,Credit Card,Online,M. Lopez,EUR
13550,4,5583.568,1302.828,2186,Nora Rahmani,9/14/2024,Keyboard,Electronic,USA,New York,431.31,1469.36,952.88,0.05,37.91,Credit Card,Online,Unknown,USD
13551,1,1291.107,60.457,1583,Maria Smith,2/13/2023,Laptop,Electronic,Spain,Madrid,107.81,1359.06,1099.85,0.05,22.99,Credit Card,Online,M. Lopez,USD
13552,1,431.44,24.6,2100,Sara Dubois,7/28/2023,Mouse,Tech,Spain,Madrid,41.4,431.44,340.77,0,24.67,Bank Transfer,Retail,M. Lopez,USD
13553,2,1692.368,538.038,2393,Ahmed Ibrahim,5/23/2025,Keyboard,Electronic,Morocco,Casablanca,225.25,890.72,447.38,0.05,34.32,Cash,Direct,Unknown,USD
13554,3,2187.204,703.814,2271,Ali Khan,4/21/2023,Tablet,Tech,USA,New York,260.2,767.44,397.24,0.05,31.47,Credit Card,Direct,L. Martin,USD
13555,4,1971.648,-219.992,2028,Sara Lopez,2/6/2023,Headphone,Electronic,Germany,Berlin,273.67,547.68,476.63,0.1,11.45,Credit Card,Online,S. Rossi,USD
13556,1,99.297,-46.653,2287,Maria Silva,8/21/2024,Phone,Electronic,Morocco,Casablanca,14.65,110.33,91.43,0.1,39.87,Cash,Online,K. Haddad,USD
13557,3,1466.232,-271.248,2979,Sofia Chen,2/18/2023,Keyboard,Tech,Germany,Berlin,286.13,610.93,472.24,0.2,34.63,Credit Card,Online,S. Rossi,EUR
13558,3,897.804,361.984,2284,John Rossi,4/24/2024,Laptop,Electronic,France,Paris,93.52,332.52,137.44,0.1,29.98,Bank Transfer,Online,Unknown,USD
13559,5,5012.85,1269.63,2242,Sofia Lopez,2/23/2023,Headphone,Electronic,UAE,Dubai,605.69,1002.57,618.96,0,42.73,Credit Card,Partner,Unknown,USD
13560,3,1085.88,-11.83,2268,Mariam Rossi,4/21/2025,Monitor,Electronic,France,Paris,105.09,361.96,323.26,0,22.84,Crypto,Partner,K. Haddad,EUR
13561,5,1735.605,72.085,1931,Mariam Kowalski,7/29/2024,Smartphone,Gadgets,Morocco,Casablanca,264.58,385.69,277.63,0.1,10.79,Crypto,Online,A. Johnson,USD
13562,2,389.968,-106.792,2729,Sofia Smith,7/11/2023,Headphone,Electronic,USA,New York,39.78,243.73,208.97,0.2,39.04,Credit Card,Partner,L. Martin,MAD
13563,6,4078.566,1455.936,1132,Nora Ibrahim,7/16/2023,Mouse,Tech,Morocco,Casablanca,672.4,755.29,319.48,0.1,33.35,Cash,Online,K. Haddad,MAD
13564,1,1055.016,359.676,1118,Youssef Lopez,5/5/2025,Keyboard,Gadgets,Morocco,Casablanca,182.97,1172.24,491,0.1,21.37,Bank Transfer,Retail,M. Lopez,MAD
13565,7,3714.2,-45.67,2740,Mariam Haddad,4/30/2024,Phone,Electronic,Germany,Berlin,274.78,663.25,494.69,0.2,22.26,PayPal,Direct,M. Lopez,USD
13566,5,6804.3275,-113.1325,1271,Lucas Ibrahim,2/6/2023,Phone,Electronic,Morocco,Casablanca,1235.34,1432.49,1127.47,0.05,44.77,Credit Card,Partner,S. Rossi,USD
13567,7,602.7,161.32,2632,Leo Rahmani,2/20/2024,Tablet,Gadgets,France,Paris,42.9,86.1,52.12,0,33.64,PayPal,Online,Unknown,USD
13568,5,6729.435,-70.825,2745,Fatima Khan,3/17/2023,Mouse,Tech,USA,New York,929.11,1495.43,1173.06,0.1,5.85,Credit Card,Online,M. Lopez,USD
13569,4,1396.008,341.078,1983,Sofia Benali,12/26/2024,Headphone,Electronic,USA,New York,259.55,387.78,198.16,0.1,2.74,Bank Transfer,Partner,Unknown,MAD
13570,7,685.44,-90.85,2379,Luis Silva,8/20/2024,Phone,Electronic,Spain,Madrid,44.03,115.2,100.41,0.15,29.39,Crypto,Partner,M. Lopez,USD
13571,6,8380.767,3752.187,1529,Maria Dubois,7/3/2024,Mouse,Gadgets,UAE,Dubai,438.99,1470.31,695.67,0.05,15.57,Cash,Online,Unknown,MAD
13572,1,412.713,104.903,2578,John Rossi,9/26/2024,Phone,Electronic,Germany,Berlin,53.41,458.57,214.92,0.1,39.48,Cash,Direct,Unknown,USD
13573,4,3562.624,1225.904,1502,Ali Rahmani,6/22/2023,Keyboard,Tech,Morocco,Casablanca,454.26,1113.32,460.67,0.2,39.78,PayPal,Retail,Unknown,EUR
13574,5,4815.835,1991.085,1857,Sara Garcia,6/5/2025,Tablet,Electronic,Morocco,Casablanca,542.82,1013.86,455.7,0.05,3.43,Crypto,Retail,A. Johnson,USD
13575,7,7930.517,1549.957,1958,John Haddad,6/30/2024,Keyboard,Gadgets,Germany,Berlin,1457.49,1332.86,696.52,0.15,47.43,Credit Card,Direct,S. Rossi,USD
13576,4,4855.184,-17.616,1612,Noah Khan,8/13/2024,Keyboard,Electronic,UAE,Dubai,789.73,1277.68,1020.68,0.05,0.35,PayPal,Direct,Unknown,USD
13577,7,7405.972,-153.488,1648,Emma Garcia,4/16/2023,Headphone,Electronic,Morocco,Casablanca,829.5,1113.68,956.55,0.05,34.11,Credit Card,Online,Unknown,USD
13578,3,2079.729,574.969,1947,Mariam Benali,12/28/2024,Tablet,Gadgets,USA,New York,239.77,770.27,414.99,0.1,20.02,PayPal,Partner,Unknown,USD
13579,5,258.02,11.43,1270,Nora Kowalski,6/24/2024,Headphone,Tech,Spain,Madrid,47.84,54.32,35.28,0.05,22.35,Cash,Retail,Unknown,MAD
13580,4,2657.34,1016.69,2525,Leo Rossi,3/3/2023,Headphone,Electronic,USA,New York,173.74,699.3,365.09,0.05,6.55,Crypto,Partner,Unknown,USD
13581,6,3294.957,-244.113,2712,Ali Lopez,3/20/2024,Smartphone,Tech,Spain,Madrid,636.5,646.07,476.04,0.15,46.33,Cash,Online,M. Lopez,MAD
13582,3,813.093,-28.187,1582,Emma Silva,9/12/2023,Phone,Tech,USA,New York,80.27,318.86,238.58,0.15,45.27,Credit Card,Online,A. Johnson,USD
13583,1,844.911,140.841,1714,Fatima Ibrahim,2/26/2025,Laptop,Tech,Spain,Madrid,78.37,938.79,585.45,0.1,40.25,Credit Card,Online,Unknown,USD
13584,1,1031.832,-78.058,2127,Sofia Rahmani,11/13/2023,Tablet,Gadgets,USA,New York,196.18,1289.79,886.56,0.2,27.15,Credit Card,Retail,Unknown,USD
13585,4,1984.356,788.556,1759,Noah Haddad,6/14/2023,Headphone,Tech,USA,New York,127.35,551.21,261.3,0.1,23.25,Cash,Online,S. Rossi,MAD
13586,5,2705.64,-7.15,1434,Ahmed Rahmani,6/27/2023,Headphone,Tech,USA,New York,341.37,676.41,472.69,0.2,7.97,Crypto,Online,S. Rossi,USD
13587,5,5942.2,2225.21,2040,Sara Ibrahim,5/11/2024,Phone,Gadgets,Morocco,Casablanca,431.34,1188.44,650.92,0,31.05,Credit Card,Direct,Unknown,USD
13588,1,841.81,121.85,1365,Fatima Lopez,12/19/2024,Mouse,Tech,UAE,Dubai,140.71,841.81,560.05,0,19.2,Credit Card,Direct,M. Lopez,USD
13589,5,1421.95,150.93,1841,Youssef Kowalski,5/16/2025,Monitor,Electronic,Morocco,Casablanca,111.75,284.39,230.87,0,4.92,Cash,Retail,S. Rossi,EUR
13590,3,2135.562,577.692,1565,Lucas Lopez,3/20/2023,Laptop,Tech,Morocco,Casablanca,369.15,749.32,388.82,0.05,22.26,Credit Card,Partner,Unknown,EUR
13591,7,1676.731,532.441,1629,Nora Silva,6/12/2025,Mouse,Electronic,France,Paris,0,252.14,160.29,0.05,22.26,Crypto,Retail,L. Martin,USD
13592,5,822.795,250.695,1192,Ahmed Rahmani,12/23/2024,Headphone,Tech,UAE,Dubai,140.67,173.22,85.19,0.05,5.48,Credit Card,Online,M. Lopez,USD
13593,5,1651.095,572.955,2221,Noah Benali,2/22/2023,Mouse,Electronic,Morocco,Casablanca,194.12,366.91,173.54,0.1,16.32,Credit Card,Online,A. Johnson,USD
13594,1,63.682,-42.488,2111,Mariam Garcia,2/2/2024,Headphone,Gadgets,Germany,Berlin,10.48,74.92,54.38,0.15,41.31,Credit Card,Retail,M. Lopez,MAD
13595,3,2207.892,-272.008,2018,Lucas Rossi,10/1/2024,Laptop,Electronic,Spain,Madrid,320.39,865.84,712.91,0.15,20.78,Credit Card,Retail,S. Rossi,MAD
13596,2,271.082,-47.408,2551,Sofia Rahmani,5/6/2025,Headphone,Tech,Germany,Berlin,33.32,159.46,119.22,0.15,46.73,PayPal,Direct,L. Martin,USD
13597,6,4691.52,-124.16,1469,Sofia Kowalski,3/21/2025,Keyboard,Tech,France,Paris,897.38,781.92,652.09,0,5.76,PayPal,Online,L. Martin,EUR
13598,5,5203.9575,585.6675,1327,Youssef Smith,2/19/2025,Mouse,Electronic,USA,New York,448.43,1095.57,826.37,0.05,38.01,Crypto,Partner,S. Rossi,EUR
13599,3,2942.0265,786.9165,1978,Noah Khan,4/7/2023,Keyboard,Gadgets,Morocco,Casablanca,426.61,1032.29,565.18,0.05,32.96,PayPal,Partner,Unknown,EUR
13600,1,277.23,51.21,2971,Sara Kowalski,7/9/2024,Laptop,Electronic,France,Paris,47.51,277.23,133.49,0,45.02,Crypto,Online,Unknown,USD
13601,5,4372.8,-619.05,2923,Youssef Silva,2/11/2023,Laptop,Electronic,USA,New York,439.89,1093.2,906.29,0.2,20.51,Credit Card,Direct,Unknown,MAD
13602,5,2141.08,261.57,2829,Ali Garcia,3/27/2024,Tablet,Electronic,Morocco,Casablanca,408.23,535.27,287.02,0.2,36.18,Credit Card,Online,A. Johnson,USD
13603,4,1655.356,400.876,1158,Leo Lopez,8/27/2023,Tablet,Electronic,UAE,Dubai,0,435.62,308.19,0.05,21.72,PayPal,Online,Unknown,USD
13604,7,2362.248,-83.442,1651,Mariam Rossi,2/10/2024,Monitor,Gadgets,USA,New York,0,421.83,343.19,0.2,43.36,Cash,Retail,M. Lopez,USD
13605,5,5991.735,2940.085,1193,Nora Silva,8/12/2023,Tablet,Electronic,UAE,Dubai,584.22,1409.82,491,0.15,12.43,Cash,Retail,A. Johnson,EUR
13606,4,1438.472,-247.418,1801,Luis Benali,7/6/2024,Laptop,Electronic,Morocco,Casablanca,157.66,423.08,379.23,0.15,11.31,Crypto,Online,Unknown,MAD
13607,2,643.416,195.256,1124,Noah Garcia,6/24/2023,Mouse,Gadgets,Morocco,Casablanca,51.18,338.64,192.37,0.05,12.24,Credit Card,Retail,Unknown,EUR
13608,1,481.284,124.484,2970,Nora Silva,9/28/2024,Smartphone,Gadgets,USA,New York,42.03,534.76,292.51,0.1,22.26,Credit Card,Online,K. Haddad,USD
13609,6,783.054,-84.276,1314,Sara Benali,10/12/2023,Monitor,Electronic,USA,New York,152.13,145.01,117.48,0.1,10.32,Bank Transfer,Online,S. Rossi,USD
13610,2,2083.367,65.937,1243,Leo Lopez,11/9/2023,Headphone,Tech,Spain,Madrid,230.67,1225.51,872.29,0.15,42.18,PayPal,Retail,S. Rossi,EUR
13611,6,2008.32,-566.79,1756,Noah Ibrahim,2/15/2025,Laptop,Gadgets,Morocco,Casablanca,395,418.4,361.05,0.2,13.81,Credit Card,Retail,M. Lopez,USD
13612,7,2479.4525,286.9925,1261,Leo Khan,1/18/2025,Phone,Electronic,UAE,Dubai,429,372.85,251.22,0.05,4.92,Crypto,Retail,M. Lopez,USD
13613,7,9025.506,4081.506,2212,Ali Dubois,7/28/2023,Smartphone,Gadgets,Morocco,Casablanca,530.53,1432.62,624.64,0.1,40.99,Bank Transfer,Retail,S. Rossi,USD
13614,2,2682.914,1026.524,1947,John Khan,2/1/2024,Smartphone,Tech,USA,New York,472.75,1412.06,586.45,0.05,10.74,Credit Card,Direct,S. Rossi,EUR
13615,6,7792.92,1073.06,1430,Lucas Silva,11/20/2024,Tablet,Electronic,USA,New York,637.69,1298.82,1010.2,0,20.97,Credit Card,Direct,A. Johnson,USD
13616,4,2664.546,411.506,2685,Sara Kowalski,10/3/2024,Laptop,Gadgets,Spain,Madrid,251.81,783.69,491,0.15,37.23,Crypto,Partner,L. Martin,EUR
13617,3,4461.81,857.65,2184,Ahmed Ibrahim,10/28/2024,Tablet,Electronic,Morocco,Casablanca,596.1,1487.27,986.55,0,48.41,Credit Card,Retail,M. Lopez,EUR
13618,7,7444.206,1236.726,1013,Lucas Rahmani,10/10/2023,Phone,Electronic,Morocco,Casablanca,1099.28,1181.62,728.85,0.1,6.25,Crypto,Online,Unknown,MAD
13619,5,1463.6175,292.0475,1744,Nora Rossi,5/30/2025,Mouse,Gadgets,Morocco,Casablanca,240.79,308.13,179.53,0.05,33.13,Crypto,Partner,Unknown,USD
13620,1,983.1265,163.2665,2466,Emma Kowalski,4/9/2023,Mouse,Gadgets,Germany,Berlin,89.26,1034.87,710.08,0.05,20.52,Credit Card,Partner,S. Rossi,EUR
13621,1,407.3455,33.4055,2542,Youssef Kowalski,1/16/2024,Smartphone,Electronic,Morocco,Casablanca,55.46,479.23,273.98,0.15,44.5,Credit Card,Retail,A. Johnson,EUR
13622,3,80.43,5.98,2910,Sara Silva,10/27/2023,Laptop,Tech,USA,New York,14.18,26.81,14.7,0,16.17,Credit Card,Retail,Unknown,MAD
13623,5,3277.3575,-211.6425,2975,Ali Haddad,8/10/2023,Mouse,Gadgets,Germany,Berlin,620.98,689.97,571.19,0.05,12.07,Credit Card,Direct,K. Haddad,USD
13624,2,1974.594,953.054,2706,Ahmed Smith,2/19/2024,Laptop,Tech,France,Paris,0,1039.26,488.53,0.05,44.48,Cash,Online,M. Lopez,MAD
13625,4,3848.04,1476.1,1508,Sara Rahmani,10/28/2023,Tablet,Gadgets,France,Paris,385.43,962.01,495.77,0,3.43,Crypto,Online,A. Johnson,EUR
13626,5,5902.83,2438.67,1841,Nora Rahmani,10/27/2023,Monitor,Tech,Spain,Madrid,421,1311.74,604.72,0.1,19.56,Bank Transfer,Partner,L. Martin,USD
13627,5,1264.45,134.05,2271,Noah Ibrahim,6/15/2023,Headphone,Gadgets,USA,New York,159.04,252.89,189.82,0,22.26,Cash,Online,A. Johnson,MAD
13628,4,106.784,-10.136,1644,Sara Kowalski,7/29/2024,Smartphone,Tech,USA,New York,0,33.37,24.52,0.2,18.84,Cash,Partner,Unknown,USD
13629,7,982.072,158.712,2163,Youssef Rahmani,3/18/2025,Mouse,Tech,USA,New York,185.08,147.68,85.57,0.05,39.29,Crypto,Online,Unknown,EUR
13630,5,204.5525,11.7625,2226,Nora Lopez,2/12/2024,Keyboard,Gadgets,UAE,Dubai,18.38,48.13,30.43,0.15,22.26,Cash,Online,L. Martin,EUR
13631,2,1363.266,227.876,2584,Fatima Kowalski,1/3/2024,Tablet,Tech,Morocco,Casablanca,239.52,757.37,434.42,0.1,27.03,Credit Card,Partner,M. Lopez,USD
13632,3,1635.417,183.737,2100,Luis Smith,3/26/2025,Keyboard,Gadgets,USA,New York,105.33,605.71,440.96,0.1,23.47,Crypto,Online,S. Rossi,USD
13633,1,180.909,28.679,1286,Mariam Chen,5/7/2024,Headphone,Tech,Germany,Berlin,27.77,201.01,102.2,0.1,22.26,Cash,Online,S. Rossi,MAD
13634,5,562.955,17.755,1130,Luis Garcia,6/6/2025,Keyboard,Tech,Morocco,Casablanca,88.16,132.46,88.54,0.15,14.34,Credit Card,Retail,M. Lopez,EUR
13635,2,514.008,162.968,2331,Luis Silva,5/22/2024,Keyboard,Tech,France,Paris,32.77,285.56,143.43,0.1,31.41,PayPal,Direct,K. Haddad,USD
13636,4,2251,1089.79,2828,Luis Benali,12/16/2024,Headphone,Electronic,Morocco,Casablanca,157.82,562.75,238.71,0,48.55,Credit Card,Online,L. Martin,MAD
13637,7,2245.096,-163.874,2098,Luis Rossi,1/23/2025,Keyboard,Gadgets,USA,New York,245.34,400.91,305.91,0.2,22.26,Cash,Direct,L. Martin,USD
13638,2,1808.511,741.241,1833,Emma Kowalski,2/19/2025,Keyboard,Tech,Spain,Madrid,122.81,1063.83,461.1,0.15,22.26,Bank Transfer,Online,A. Johnson,USD
13639,5,1392.92,207.9,2979,Luis Rahmani,11/5/2023,Headphone,Tech,France,Paris,121.48,348.23,209.52,0.2,15.94,PayPal,Online,K. Haddad,USD
13640,5,2619.4,-380.4,2946,John Silva,10/27/2023,Mouse,Tech,UAE,Dubai,500.99,654.85,492.09,0.2,38.36,PayPal,Retail,M. Lopez,USD
13641,4,959.14,-218.4,1180,Leo Khan,6/1/2025,Tablet,Tech,Morocco,Casablanca,149.82,282.1,245.32,0.15,46.44,PayPal,Partner,M. Lopez,USD
13642,6,8016.594,2008.314,1455,John Khan,4/2/2023,Phone,Tech,Morocco,Casablanca,0,1406.42,1000.93,0.05,2.7,Credit Card,Partner,Unknown,MAD
13643,7,2363.368,-171.562,2214,Ali Rahmani,2/16/2023,Headphone,Gadgets,France,Paris,226.16,422.03,325.12,0.2,32.93,Cash,Retail,L. Martin,EUR
13644,2,799.493,-44.037,2315,Fatima Rahmani,1/29/2023,Phone,Tech,Germany,Berlin,111.63,470.29,361.9,0.15,8.1,Crypto,Retail,Unknown,USD
13645,6,8827.2,4533.21,1450,Luis Rossi,9/24/2024,Keyboard,Tech,Spain,Madrid,1324.28,1471.2,491,0,23.71,Credit Card,Online,A. Johnson,USD
13646,2,2112.477,857.287,1096,Maria Rossi,2/18/2023,Monitor,Electronic,USA,New York,179.14,1111.83,532.4,0.05,11.25,Credit Card,Partner,M. Lopez,USD
13647,2,2086.656,413.796,1432,Youssef Kowalski,12/7/2024,Mouse,Tech,Morocco,Casablanca,120.87,1098.24,774.81,0.05,2.37,Cash,Online,K. Haddad,EUR
13648,3,1344.51,182.08,1457,Ahmed Rossi,4/30/2023,Laptop,Gadgets,Morocco,Casablanca,111.9,448.17,341.99,0,24.56,PayPal,Retail,L. Martin,EUR
13649,3,356.2095,-38.3905,2400,Sara Rossi,7/21/2024,Keyboard,Electronic,Spain,Madrid,49.13,139.69,106.83,0.15,24.98,Bank Transfer,Online,L. Martin,EUR
13650,6,1008.27,300.28,1900,Emma Ibrahim,5/11/2023,Headphone,Electronic,Morocco,Casablanca,70.46,197.7,103.53,0.15,16.35,Credit Card,Online,Unknown,EUR
13651,2,254.944,55.894,1132,Luis Garcia,12/3/2024,Keyboard,Electronic,France,Paris,34.37,159.34,81.29,0.2,2.1,Cash,Partner,Unknown,USD
13652,4,4008.278,1713.158,1288,Lucas Ibrahim,1/27/2023,Tablet,Electronic,Morocco,Casablanca,312.62,1054.81,491,0.05,18.5,PayPal,Direct,Unknown,USD
13653,7,8336.4855,-1659.0345,1734,John Garcia,3/3/2025,Phone,Electronic,Spain,Madrid,1318.77,1401.09,1233.87,0.15,39.66,Credit Card,Online,M. Lopez,MAD
13654,4,4550.08,-1364.52,2779,Ali Khan,2/12/2023,Headphone,Gadgets,Morocco,Casablanca,887.63,1421.9,1245.43,0.2,45.25,PayPal,Online,Unknown,USD
13655,6,1492.416,-456.014,1869,John Rahmani,6/16/2024,Mouse,Electronic,Morocco,Casablanca,278.8,310.92,276.51,0.2,10.57,Crypto,Partner,A. Johnson,MAD
13656,7,813.582,-118.508,2460,Nora Smith,10/28/2023,Laptop,Tech,USA,New York,150.68,129.14,108.45,0.1,22.26,Credit Card,Direct,K. Haddad,USD
13657,3,2837.1465,-39.0735,1809,Ali Ibrahim,9/25/2024,Monitor,Tech,Morocco,Casablanca,198.42,995.49,884.9,0.05,23.1,PayPal,Online,K. Haddad,USD
13658,3,584.19,138.41,2838,Fatima Kowalski,6/9/2024,Mouse,Electronic,France,Paris,94.36,194.73,101.24,0,47.7,Credit Card,Partner,K. Haddad,USD
13659,5,504.45,37.5,1240,Sara Chen,10/16/2024,Mouse,Electronic,UAE,Dubai,67.65,106.2,72.4,0.05,37.3,PayPal,Partner,S. Rossi,USD
13660,1,786.4795,222.7995,2399,Emma Dubois,1/10/2024,Phone,Tech,France,Paris,78.52,925.27,473.6,0.15,11.56,Crypto,Online,M. Lopez,EUR
13661,3,2241.9345,550.0445,2378,Ahmed Khan,10/27/2024,Laptop,Tech,France,Paris,431.08,879.19,405.88,0.15,43.17,Crypto,Retail,M. Lopez,USD
13662,7,7493.409,2400.199,1910,Sofia Chen,1/24/2025,Laptop,Electronic,USA,New York,1409.53,1189.43,523.06,0.1,22.26,PayPal,Retail,A. Johnson,EUR
13663,7,7008.568,2629.688,1051,Youssef Smith,10/17/2023,Headphone,Tech,France,Paris,0,1053.92,623.26,0.05,16.06,Credit Card,Direct,L. Martin,EUR
13664,3,3407.7735,449.6635,1928,John Smith,2/26/2024,Mouse,Gadgets,Morocco,Casablanca,675.45,1195.71,749.87,0.05,33.05,PayPal,Direct,Unknown,MAD
13665,3,306.78,19.96,1268,Noah Khan,11/20/2023,Tablet,Tech,UAE,Dubai,49.34,102.26,77.56,0,4.8,Credit Card,Direct,M. Lopez,USD
13666,1,841.5255,-10.9945,2136,Sofia Haddad,9/6/2024,Mouse,Tech,Morocco,Casablanca,154.37,990.03,670.99,0.15,27.16,Credit Card,Online,S. Rossi,USD
13667,2,2081.2,732.29,2819,Sara Garcia,7/18/2023,Headphone,Gadgets,Morocco,Casablanca,359.33,1040.6,483.66,0,22.26,Crypto,Retail,Unknown,MAD
13668,3,453.5175,-3.8425,1208,Luis Smith,9/2/2023,Headphone,Gadgets,France,Paris,69.63,177.85,120.74,0.15,25.51,Credit Card,Online,S. Rossi,MAD
13669,4,4556.846,955.486,1665,Luis Rossi,2/27/2025,Tablet,Tech,France,Paris,580.63,1199.17,748.7,0.05,25.93,Cash,Online,L. Martin,EUR
13670,5,3695.29,-625.47,1666,Sara Rahmani,1/23/2023,Mouse,Tech,Spain,Madrid,614.26,869.48,739.31,0.15,9.95,Credit Card,Online,Unknown,EUR
13671,4,1241.476,283.126,2146,Nora Garcia,6/29/2024,Headphone,Tech,Morocco,Casablanca,130,365.14,203.73,0.15,13.43,Credit Card,Partner,K. Haddad,USD
13672,3,386.88,-91.48,2093,Sara Khan,10/16/2023,Headphone,Electronic,USA,New York,19.44,161.2,136.36,0.2,49.84,Credit Card,Direct,L. Martin,USD
13673,1,761.391,-110.839,1035,Sofia Silva,5/13/2023,Monitor,Gadgets,USA,New York,149.06,845.99,694.83,0.1,28.34,Credit Card,Direct,S. Rossi,USD
13674,1,403.617,43.837,2541,Mariam Garcia,4/11/2024,Headphone,Tech,Morocco,Casablanca,57.23,424.86,252.87,0.05,49.68,Credit Card,Online,S. Rossi,USD
13675,2,1397.488,305.958,1240,Ahmed Dubois,6/19/2023,Monitor,Electronic,Spain,Madrid,183.09,735.52,435.05,0.05,38.34,Crypto,Retail,Unknown,EUR
13676,2,963.184,-237.936,2113,Emma Chen,2/8/2024,Smartphone,Electronic,UAE,Dubai,181.31,601.99,486.89,0.2,46.03,Credit Card,Retail,Unknown,USD
13677,2,2028.064,-499.456,1137,Sara Rahmani,10/13/2024,Laptop,Tech,USA,New York,249.74,1267.54,1119.65,0.2,38.48,Credit Card,Partner,M. Lopez,USD
13678,7,7290.262,-98.618,1387,Fatima Chen,1/20/2024,Laptop,Electronic,USA,New York,1079.88,1096.28,897.46,0.05,26.78,Bank Transfer,Direct,Unknown,EUR
13679,5,3548.63,1458.21,2832,Lucas Benali,6/19/2023,Laptop,Gadgets,Spain,Madrid,259.76,747.08,361.35,0.05,23.91,Bank Transfer,Online,L. Martin,USD
13680,1,667.811,144.681,1931,Sara Smith,5/24/2025,Headphone,Tech,USA,New York,95.36,785.66,404.92,0.15,22.85,Bank Transfer,Online,Unknown,USD
13681,2,451.193,129.373,2690,Youssef Garcia,6/30/2024,Smartphone,Electronic,Germany,Berlin,33.9,237.47,135.59,0.05,16.74,PayPal,Direct,Unknown,USD
13682,7,9063.558,1529.208,1128,Emma Chen,2/16/2024,Monitor,Tech,UAE,Dubai,1018.26,1438.66,927.85,0.1,21.14,Credit Card,Partner,Unknown,USD
13683,5,1481.45,129.61,1729,John Dubois,2/1/2024,Mouse,Tech,Morocco,Casablanca,126.6,296.29,243.04,0,10.04,Crypto,Online,K. Haddad,MAD
13684,2,1434.975,261.615,2802,Ali Rossi,12/16/2024,Tablet,Tech,Morocco,Casablanca,161.52,755.25,491,0.05,29.84,Cash,Retail,A. Johnson,USD
13685,1,723.51,10.88,1092,Maria Smith,10/10/2024,Keyboard,Gadgets,Germany,Berlin,136.65,723.51,556.27,0,19.71,PayPal,Retail,Unknown,EUR
13686,3,3857.07,640.84,2335,Leo Rossi,4/13/2024,Phone,Tech,USA,New York,557.49,1285.69,885.31,0,2.81,Credit Card,Online,A. Johnson,EUR
13687,3,76.77,-39.93,1573,Ali Rahmani,10/31/2024,Keyboard,Electronic,France,Paris,7.62,25.59,22.73,0,40.89,Bank Transfer,Online,K. Haddad,USD
13688,5,4933.9525,1543.4925,2303,Ahmed Chen,2/17/2023,Laptop,Electronic,USA,New York,928.84,1160.93,491,0.15,6.62,Crypto,Online,M. Lopez,USD
13689,7,6512.2155,1574.9555,2229,Noah Lopez,5/21/2024,Headphone,Electronic,UAE,Dubai,394.27,1094.49,645.74,0.15,22.81,Crypto,Partner,M. Lopez,EUR
13690,3,3955.95,593.71,1577,Ali Khan,4/27/2025,Monitor,Tech,Germany,Berlin,730.08,1318.65,873.36,0,12.08,PayPal,Online,Unknown,EUR
13691,1,644.727,-28.473,1957,Sofia Benali,6/28/2023,Mouse,Electronic,USA,New York,88.9,678.66,537.87,0.05,46.43,PayPal,Retail,L. Martin,EUR
13692,5,5462.12,-274.92,1398,Ali Dubois,12/3/2023,Tablet,Electronic,France,Paris,565.53,1365.53,1029.85,0.2,22.26,Credit Card,Online,K. Haddad,MAD
13693,4,4412.72,1161.98,1195,Emma Rossi,11/29/2023,Laptop,Tech,Germany,Berlin,505.88,1103.18,683.52,0,10.78,Credit Card,Partner,K. Haddad,MAD
13694,2,2397.456,411.656,1989,Ali Rossi,8/13/2024,Keyboard,Tech,USA,New York,291.33,1498.41,823.98,0.2,46.51,Cash,Retail,K. Haddad,MAD
13695,4,4440.756,1711.826,2889,Lucas Khan,5/11/2024,Tablet,Tech,Spain,Madrid,683.78,1168.62,506.7,0.05,18.35,Credit Card,Online,L. Martin,MAD
13696,3,3209.928,-801.452,2522,Youssef Khan,8/3/2024,Keyboard,Tech,Spain,Madrid,600.53,1337.47,1130.27,0.2,20.04,Credit Card,Online,K. Haddad,USD
13697,6,7023.408,-512.512,2027,Youssef Ibrahim,9/18/2024,Mouse,Electronic,Morocco,Casablanca,849.66,1463.21,1106.65,0.2,46.36,PayPal,Direct,M. Lopez,USD
13698,1,925.452,129.692,1723,Lucas Smith,9/3/2023,Monitor,Electronic,Spain,Madrid,127.91,974.16,651.53,0.05,16.32,Bank Transfer,Online,Unknown,MAD
13699,1,1184.1945,-93.7155,2061,Nora Rossi,5/5/2024,Smartphone,Electronic,USA,New York,100.43,1393.17,1155.22,0.15,22.26,Cash,Online,K. Haddad,USD
13700,1,432.038,-52.052,1088,Mariam Garcia,11/15/2023,Monitor,Tech,USA,New York,86.16,508.28,365.95,0.15,31.98,Bank Transfer,Online,Unknown,USD
13701,6,7514.697,633.027,1868,Leo Chen,7/14/2023,Keyboard,Gadgets,Germany,Berlin,1382.92,1473.47,911.68,0.15,28.67,Bank Transfer,Online,M. Lopez,USD
13702,2,554.344,134.954,2111,Luis Khan,5/22/2025,Laptop,Electronic,Morocco,Casablanca,58.63,291.76,175.15,0.05,10.46,Crypto,Retail,Unknown,USD
13703,2,1551.92,733.28,2737,Mariam Lopez,6/12/2025,Smartphone,Electronic,Spain,Madrid,0,775.96,400.06,0,18.52,Credit Card,Online,S. Rossi,USD
13704,7,-3743.397,-7961.847,2006,Mariam Khan,11/23/2024,Headphone,Gadgets,Morocco,Casablanca,634.54,-594.19,509.2,0.1,19.51,PayPal,Online,L. Martin,USD
13705,3,1323.702,-0.048,2145,Nora Rahmani,6/30/2024,Mouse,Electronic,UAE,Dubai,260.62,490.26,338.75,0.1,46.88,Crypto,Online,Unknown,USD
13706,3,1184.79,366.46,2976,Sofia Kowalski,11/24/2023,Monitor,Tech,Morocco,Casablanca,173.57,394.93,213.32,0,4.8,Bank Transfer,Online,Unknown,MAD
13707,2,2353.106,1203.436,2036,Ali Smith,1/1/2024,Headphone,Gadgets,France,Paris,0,1384.18,562.45,0.15,24.77,Credit Card,Online,M. Lopez,USD
13708,1,1199.736,65.656,2273,Fatima Silva,9/11/2023,Mouse,Gadgets,Morocco,Casablanca,134.55,1499.67,984.36,0.2,15.17,Bank Transfer,Retail,Unknown,MAD
13709,4,3072.2,712.25,2897,John Ibrahim,4/15/2023,Mouse,Electronic,USA,New York,197.65,768.05,538.26,0,9.26,PayPal,Direct,M. Lopez,MAD
13710,1,386.6565,58.7365,1408,Sofia Silva,3/11/2024,Mouse,Tech,Morocco,Casablanca,63.7,454.89,244.77,0.15,19.45,PayPal,Direct,S. Rossi,MAD
13711,5,4252.59,1539.51,1574,Nora Garcia,3/21/2023,Keyboard,Gadgets,France,Paris,234.35,945.02,491,0.1,23.73,Crypto,Partner,A. Johnson,MAD
13712,6,2710.692,-599.558,1080,Ahmed Ibrahim,9/6/2024,Smartphone,Tech,France,Paris,323.02,501.98,491,0.1,41.23,Credit Card,Partner,A. Johnson,USD
13713,5,2897.2675,-390.5225,1986,Ali Chen,2/23/2024,Laptop,Electronic,USA,New York,296.75,681.71,591.18,0.15,35.14,PayPal,Partner,S. Rossi,EUR
13714,2,1632.884,232.454,1006,Youssef Silva,5/8/2023,Keyboard,Electronic,France,Paris,213.71,960.52,581.83,0.15,23.06,Credit Card,Online,K. Haddad,EUR
13715,3,2574.6615,944.2715,2397,Lucas Silva,2/25/2024,Phone,Electronic,Germany,Berlin,507.25,903.39,370.34,0.05,12.12,Crypto,Online,Unknown,USD
13716,5,3417.56,-340.67,2223,Lucas Chen,4/29/2023,Mouse,Electronic,Morocco,Casablanca,182.12,854.39,710.77,0.2,22.26,Credit Card,Direct,M. Lopez,EUR
13717,5,4552.92,12.18,1732,John Ibrahim,5/10/2023,Headphone,Tech,Morocco,Casablanca,550.74,1011.76,789.06,0.1,44.7,Credit Card,Partner,Unknown,MAD
13718,6,5680.098,-500.612,2823,Lucas Haddad,9/8/2024,Monitor,Electronic,France,Paris,721.98,1051.87,907.86,0.1,11.57,Cash,Retail,Unknown,USD
13719,5,2654.2525,-175.3175,2262,Youssef Rahmani,5/6/2024,Smartphone,Electronic,France,Paris,487.44,624.53,459.23,0.15,45.98,Credit Card,Partner,A. Johnson,MAD
13720,4,3001.664,-385.116,1602,Lucas Lopez,3/6/2024,Headphone,Tech,Spain,Madrid,254.4,938.02,776.93,0.2,24.66,Credit Card,Partner,Unknown,MAD
13721,2,977.772,-51.638,1933,Ahmed Haddad,3/3/2024,Smartphone,Electronic,Morocco,Casablanca,123.73,575.16,445.67,0.15,14.34,Crypto,Retail,A. Johnson,USD
13722,6,1274.745,23.135,2036,Noah Ibrahim,9/28/2024,Laptop,Electronic,Morocco,Casablanca,170.4,249.95,178.67,0.15,9.19,Crypto,Partner,K. Haddad,USD
13723,2,630.198,154.228,2823,Luis Lopez,3/4/2024,Laptop,Electronic,France,Paris,79.34,350.11,188.45,0.1,19.73,Credit Card,Partner,K. Haddad,EUR
13724,5,2281.84,503.82,2696,Sofia Silva,1/18/2024,Headphone,Tech,Morocco,Casablanca,328.18,570.46,285.05,0.2,24.59,Crypto,Retail,A. Johnson,USD
13725,2,2222.94,-101.96,1930,Maria Smith,8/25/2023,Headphone,Electronic,Morocco,Casablanca,397.53,1111.47,940.16,0,47.05,Credit Card,Online,Unknown,EUR
13726,5,4292.76,53.85,1770,Mariam Dubois,1/10/2025,Smartphone,Electronic,USA,New York,308.32,1073.19,785.26,0.2,4.29,PayPal,Online,L. Martin,USD
13727,7,6188.112,-105.788,1522,Noah Kowalski,12/14/2023,Tablet,Electronic,Morocco,Casablanca,762.9,1105.02,783.06,0.2,49.58,Bank Transfer,Retail,Unknown,USD
13728,3,2830.464,646.034,1716,Noah Rahmani,3/22/2025,Laptop,Electronic,Spain,Madrid,357.58,1179.36,603.92,0.2,15.09,Credit Card,Online,L. Martin,EUR
13729,5,5671.2425,1520.1425,1191,Noah Haddad,1/14/2025,Headphone,Electronic,UAE,Dubai,382.37,1334.41,751.78,0.15,9.83,Credit Card,Online,L. Martin,USD
13730,7,3712.443,-425.387,2069,Sofia Smith,1/28/2024,Monitor,Tech,UAE,Dubai,396.81,623.94,529.01,0.15,37.95,Credit Card,Online,Unknown,MAD
13731,3,501.288,-65.532,1472,Noah Silva,2/17/2023,Tablet,Tech,Morocco,Casablanca,55.71,208.87,163.53,0.2,20.52,PayPal,Online,A. Johnson,EUR
13732,5,2107.44,-789.29,2028,Ahmed Rahmani,10/13/2023,Laptop,Electronic,France,Paris,395.18,468.32,491,0.1,46.55,Credit Card,Online,L. Martin,EUR
13733,2,2535.354,246.134,1007,Emma Lopez,9/4/2024,Keyboard,Electronic,UAE,Dubai,157.25,1408.53,1053.4,0.1,25.17,Cash,Retail,M. Lopez,USD
13734,6,481.479,133.579,1814,Sofia Lopez,1/15/2025,Smartphone,Tech,Spain,Madrid,65.33,84.47,46.85,0.05,1.47,Bank Transfer,Online,Unknown,USD
13735,6,2101.077,532.227,1081,Luis Smith,12/24/2023,Smartphone,Electronic,UAE,Dubai,375.89,368.61,191.53,0.05,43.78,PayPal,Retail,K. Haddad,USD
13736,6,1673.76,-63.48,2316,Leo Silva,6/22/2023,Keyboard,Electronic,Germany,Berlin,96.48,348.7,268.82,0.2,27.84,Credit Card,Partner,M. Lopez,EUR
13737,6,5075.856,1061.926,2466,Fatima Ibrahim,9/29/2023,Monitor,Tech,UAE,Dubai,332.57,1057.47,606.69,0.2,41.22,Credit Card,Retail,M. Lopez,USD
13738,1,1068.62,-108.9,1464,Sara Rossi,11/21/2024,Keyboard,Gadgets,Morocco,Casablanca,185.02,1257.2,956.63,0.15,35.87,Crypto,Online,S. Rossi,MAD
13739,7,1594.782,285.372,1294,Maria Lopez,8/1/2024,Tablet,Electronic,Morocco,Casablanca,117.8,253.14,168.75,0.1,10.36,Cash,Direct,M. Lopez,MAD
13740,5,1295.1025,-240.6575,1194,Mariam Rahmani,4/21/2025,Tablet,Electronic,Spain,Madrid,251.15,304.73,247.12,0.15,49.01,Credit Card,Partner,Unknown,EUR
13741,1,1130.653,352.023,1445,Maria Khan,3/21/2023,Headphone,Electronic,France,Paris,157.4,1330.18,584.95,0.15,36.28,PayPal,Retail,Unknown,USD
13742,1,204.0425,-0.2175,1685,John Rahmani,12/3/2024,Keyboard,Electronic,USA,New York,32.7,240.05,142.03,0.15,29.53,PayPal,Direct,A. Johnson,EUR
13743,7,7956.368,1756.258,2555,Youssef Lopez,9/22/2024,Laptop,Gadgets,Morocco,Casablanca,478.62,1420.78,811.87,0.2,38.4,Crypto,Online,Unknown,EUR
13744,7,6301.848,-1394.202,2058,John Ibrahim,1/18/2025,Phone,Tech,Germany,Berlin,1039.32,1125.33,947.38,0.2,25.07,Cash,Direct,K. Haddad,USD
13745,3,-2425.32,-5090.61,2311,Luis Rossi,11/17/2024,Tablet,Gadgets,Morocco,Casablanca,257.35,-1010.55,788.24,0.2,43.22,Crypto,Retail,L. Martin,EUR
13746,3,212.928,13.828,2650,Sofia Ibrahim,1/19/2023,Keyboard,Tech,USA,New York,19.08,88.72,48.54,0.2,34.4,Crypto,Retail,A. Johnson,MAD
13747,1,526.592,-49.668,2698,Lucas Silva,12/10/2023,Monitor,Electronic,USA,New York,92.69,619.52,467.47,0.15,16.1,Credit Card,Online,K. Haddad,USD
13748,3,2824.737,656.187,1230,Maria Chen,3/23/2023,Keyboard,Electronic,France,Paris,493.62,1107.74,550.89,0.15,22.26,PayPal,Online,L. Martin,USD
13749,6,1286.034,293.704,1593,Fatima Lopez,3/9/2025,Monitor,Tech,Germany,Berlin,99.89,225.62,143.13,0.05,33.66,PayPal,Partner,K. Haddad,MAD
13750,7,9190.944,2761.034,2538,Noah Rahmani,12/23/2024,Monitor,Gadgets,Spain,Madrid,1387.78,1458.88,714.54,0.1,40.35,Cash,Online,Unknown,USD
13751,1,241.009,-40.651,1587,Maria Lopez,9/17/2023,Tablet,Electronic,UAE,Dubai,14.25,283.54,225.58,0.15,41.83,Cash,Partner,M. Lopez,USD
13752,7,2437.12,310.07,1094,Fatima Chen,5/17/2025,Phone,Electronic,Morocco,Casablanca,411.59,409.6,239.89,0.15,36.23,Credit Card,Partner,Unknown,MAD
13753,3,1494.6825,82.5625,2440,Ahmed Lopez,11/29/2023,Headphone,Gadgets,USA,New York,209.79,524.45,400.12,0.05,1.97,Cash,Online,L. Martin,MAD
13754,4,2003.042,-156.928,1580,Youssef Rahmani,4/24/2023,Mouse,Electronic,Germany,Berlin,178,589.13,491.65,0.15,15.37,Credit Card,Partner,Unknown,MAD
13755,4,3450.552,1015.672,2705,Emma Garcia,4/27/2024,Monitor,Electronic,France,Paris,460.54,908.04,491,0.05,10.34,Credit Card,Online,S. Rossi,USD
13756,3,841.4745,52.0945,2375,Fatima Rossi,6/24/2024,Laptop,Electronic,UAE,Dubai,154.78,329.99,196.02,0.15,46.54,Credit Card,Online,Unknown,USD
13757,5,5214.05,51.85,2447,Emma Rahmani,12/17/2023,Laptop,Gadgets,USA,New York,631.9,1042.81,902.82,0,16.2,Crypto,Retail,L. Martin,USD
13758,6,4310.766,799.566,2485,Mariam Lopez,2/14/2023,Laptop,Gadgets,USA,New York,327.37,798.29,526.46,0.1,25.07,Bank Transfer,Online,K. Haddad,USD
13759,3,468.432,71.592,2774,Sofia Smith,4/12/2025,Tablet,Tech,France,Paris,35.85,195.18,111.11,0.2,27.66,PayPal,Retail,K. Haddad,EUR
13760,1,758.35,174.94,2575,Emma Smith,4/23/2024,Keyboard,Electronic,UAE,Dubai,65.23,758.35,495.05,0,23.13,Cash,Partner,M. Lopez,EUR
13761,2,962.082,229.232,2364,Emma Lopez,2/28/2023,Tablet,Tech,Germany,Berlin,158.06,534.49,281.59,0.1,11.61,Credit Card,Online,S. Rossi,USD
13762,6,2579.82,1162.76,2479,Lucas Rossi,8/9/2023,Mouse,Tech,USA,New York,248.3,452.6,191.38,0.05,20.48,Cash,Partner,K. Haddad,USD
13763,6,3017.64,1486.63,2893,Youssef Chen,7/7/2023,Headphone,Tech,Morocco,Casablanca,170.97,502.94,219.19,0,44.9,Bank Transfer,Retail,Unknown,USD
13764,3,3430.92,913.21,2934,Mariam Haddad,1/4/2024,Tablet,Tech,USA,New York,175.52,1143.64,773.31,0,22.26,Bank Transfer,Partner,M. Lopez,EUR
13765,3,3382.152,726.432,2589,Sara Rossi,6/24/2023,Headphone,Gadgets,Germany,Berlin,354.48,1186.72,756.65,0.05,31.29,Credit Card,Online,K. Haddad,EUR
13766,5,4951.6,1404.45,1228,Lucas Chen,2/17/2025,Tablet,Gadgets,Spain,Madrid,425.54,990.32,622.22,0,10.51,PayPal,Retail,L. Martin,USD
13767,6,3472.794,-69.486,2423,Emma Kowalski,7/3/2023,Monitor,Electronic,France,Paris,195.11,680.94,550.87,0.15,41.95,Credit Card,Partner,L. Martin,USD
13768,2,1538.772,364.152,2352,Lucas Haddad,3/5/2025,Laptop,Electronic,Morocco,Casablanca,289.41,809.88,440.97,0.05,3.27,Cash,Direct,S. Rossi,USD
13769,4,5040.874,-88.276,2843,Leo Rahmani,10/12/2024,Mouse,Gadgets,Morocco,Casablanca,939.33,1482.61,1041.64,0.15,23.26,PayPal,Online,A. Johnson,MAD
13770,6,5640.093,2355.653,1947,Leo Kowalski,2/17/2025,Phone,Gadgets,France,Paris,315.81,989.49,491.9,0.05,17.23,Bank Transfer,Partner,Unknown,EUR
13771,7,1792.5565,334.7065,2677,Emma Kowalski,8/17/2024,Phone,Gadgets,USA,New York,217.16,301.27,176.45,0.15,5.54,Crypto,Partner,S. Rossi,USD
13772,1,523.312,-66.018,1897,Emma Benali,6/2/2025,Tablet,Electronic,USA,New York,76.07,654.14,491,0.2,22.26,Cash,Online,A. Johnson,EUR
13773,2,582.064,-208.626,2142,Maria Rossi,2/13/2025,Headphone,Electronic,Morocco,Casablanca,114.69,363.79,322.66,0.2,30.68,Credit Card,Partner,S. Rossi,USD
13774,5,2233.71,814.04,1349,Ali Dubois,5/12/2023,Headphone,Electronic,Morocco,Casablanca,308.71,496.38,217.74,0.1,22.26,Credit Card,Retail,Unknown,MAD
13775,2,1498.584,-119.806,2905,Sofia Garcia,2/2/2023,Tablet,Tech,USA,New York,125.33,881.52,740.82,0.15,11.42,Bank Transfer,Online,K. Haddad,EUR
13776,6,3302.694,691.484,2925,Fatima Rahmani,3/2/2025,Mouse,Gadgets,Germany,Berlin,522.06,579.42,345.48,0.05,16.27,Bank Transfer,Direct,A. Johnson,USD
13777,1,278.545,-25.455,2492,Nora Lopez,6/28/2023,Phone,Tech,France,Paris,54.14,327.7,241,0.15,8.86,Crypto,Partner,A. Johnson,MAD
13778,5,5067.18,2342.16,1776,Luis Dubois,3/26/2024,Mouse,Tech,Morocco,Casablanca,376.86,1126.04,464.78,0.1,24.26,Bank Transfer,Online,L. Martin,USD
13779,1,261.632,-80.498,2570,Youssef Garcia,4/24/2023,Mouse,Electronic,USA,New York,52.25,327.04,271.12,0.2,18.76,Bank Transfer,Online,A. Johnson,EUR
13780,1,886.2015,40.6815,2836,Ali Lopez,3/26/2025,Mouse,Electronic,France,Paris,102.65,1042.59,734.84,0.15,8.03,Credit Card,Direct,K. Haddad,USD
13781,5,5229.285,778.985,1698,Ahmed Rahmani,4/23/2023,Keyboard,Electronic,Morocco,Casablanca,382.06,1230.42,808.22,0.15,27.14,Credit Card,Direct,K. Haddad,USD
13782,1,583.04,190.64,2573,Sofia Haddad,5/15/2023,Headphone,Tech,Spain,Madrid,31.94,583.04,316.78,0,43.68,Cash,Retail,S. Rossi,MAD
13783,7,998.7635,16.5235,1787,Nora Haddad,7/28/2023,Tablet,Electronic,Morocco,Casablanca,157.43,150.19,114.65,0.05,22.26,Crypto,Retail,Unknown,USD
13784,3,2178.141,-120.079,1420,Fatima Chen,11/4/2023,Phone,Gadgets,UAE,Dubai,239.58,764.26,675.39,0.05,32.47,Credit Card,Partner,L. Martin,USD
13785,3,409.47,137.46,1605,John Lopez,5/11/2025,Headphone,Gadgets,USA,New York,30,136.49,66.56,0,42.33,PayPal,Partner,L. Martin,USD
13786,3,3543.6,-895.06,1891,Noah Khan,3/18/2023,Monitor,Electronic,France,Paris,697.79,1476.5,1239.38,0.2,22.73,Bank Transfer,Direct,Unknown,USD
13787,2,880.498,316.878,1140,Maria Ibrahim,1/27/2023,Mouse,Gadgets,UAE,Dubai,130.25,517.94,207.23,0.15,18.91,Cash,Partner,Unknown,USD
13788,1,933.06,166.98,1653,Emma Benali,8/28/2024,Smartphone,Gadgets,USA,New York,80.29,933.06,654.73,0,31.06,Credit Card,Retail,Unknown,USD
13789,3,1709.19,134.89,1837,Luis Garcia,4/6/2025,Mouse,Electronic,Germany,Berlin,277.09,569.73,423.2,0,27.61,Credit Card,Direct,S. Rossi,MAD
13790,6,3947.364,1466.514,1605,Fatima Lopez,2/21/2023,Monitor,Tech,Spain,Madrid,344.79,692.52,352.3,0.05,22.26,PayPal,Partner,Unknown,MAD
13791,3,1176.0855,330.5355,2261,Youssef Khan,4/10/2024,Laptop,Tech,Spain,Madrid,127.87,461.21,235.94,0.15,9.86,Credit Card,Retail,K. Haddad,EUR
13792,3,2316.192,60.862,1090,Luis Rossi,7/2/2024,Mouse,Tech,Spain,Madrid,171.2,965.08,687.54,0.2,21.51,Credit Card,Online,A. Johnson,MAD
13793,5,6191.625,2554.315,1917,Ahmed Rossi,4/20/2023,Smartphone,Tech,USA,New York,634.4,1303.5,599.62,0.05,4.81,PayPal,Online,M. Lopez,EUR
13794,3,1752.489,591.079,1238,Mariam Garcia,3/9/2024,Mouse,Tech,USA,New York,237.68,649.07,300.49,0.1,22.26,Credit Card,Retail,A. Johnson,EUR
13795,1,1084.21,387.59,2679,Youssef Smith,4/26/2024,Smartphone,Gadgets,USA,New York,202.59,1084.21,482.77,0,11.26,Bank Transfer,Retail,L. Martin,USD
13796,3,1384.05,57.81,2183,Leo Garcia,3/28/2025,Keyboard,Tech,Morocco,Casablanca,78.03,461.35,414.3,0,5.31,Credit Card,Online,S. Rossi,USD
13797,7,7191.744,-142.876,2271,Youssef Ibrahim,6/15/2025,Headphone,Gadgets,Morocco,Casablanca,999.04,1284.24,902.71,0.2,16.61,Crypto,Online,M. Lopez,USD
13798,3,2249.13,399.81,1120,Nora Khan,5/6/2023,Mouse,Electronic,Spain,Madrid,0,749.71,600.13,0,48.93,Credit Card,Online,S. Rossi,USD
13799,1,-1194.12,-2471.85,2050,Sofia Kowalski,12/5/2024,Tablet,Electronic,France,Paris,75.26,-1326.8,1162.99,0.1,39.48,Cash,Retail,Unknown,USD
13800,3,2761.23,403.41,2240,Sofia Rahmani,9/17/2024,Phone,Tech,Morocco,Casablanca,484.43,920.41,608.47,0,47.98,PayPal,Online,Unknown,MAD
13801,3,3571.938,223.128,1486,Leo Rahmani,8/28/2023,Mouse,Electronic,USA,New York,398.49,1400.76,977.65,0.15,17.37,Cash,Direct,L. Martin,MAD
13802,1,266.85,2.31,2194,Luis Smith,5/12/2025,Tablet,Electronic,Morocco,Casablanca,46.85,266.85,213.28,0,4.41,PayPal,Direct,K. Haddad,USD
13803,5,4900.55,1042.94,2823,Lucas Kowalski,12/4/2023,Laptop,Electronic,USA,New York,453.24,980.11,671.25,0,48.12,Cash,Online,K. Haddad,EUR
13804,2,487.73,45.32,1923,Ali Chen,2/20/2023,Tablet,Tech,USA,New York,28.39,256.7,185.9,0.05,42.22,Credit Card,Direct,K. Haddad,USD
13805,3,3755.742,-329.058,1655,Mariam Garcia,3/17/2023,Mouse,Electronic,Morocco,Casablanca,641.69,1472.84,1131.8,0.15,47.71,Cash,Direct,L. Martin,MAD
13806,3,348.354,20.404,2513,Maria Dubois,8/27/2024,Phone,Tech,Germany,Berlin,49.87,129.02,86.76,0.1,17.8,Credit Card,Online,K. Haddad,MAD
13807,2,2536.253,465.503,2273,Mariam Lopez,2/19/2023,Mouse,Tech,Spain,Madrid,191.1,1334.87,916.55,0.05,46.55,Credit Card,Online,S. Rossi,USD
13808,5,1398.375,-144.845,1925,Emma Benali,1/6/2023,Laptop,Gadgets,UAE,Dubai,252.4,310.75,249.29,0.1,44.37,Credit Card,Partner,M. Lopez,USD
13809,6,2534.505,1129.715,2853,Mariam Chen,5/14/2024,Headphone,Electronic,Germany,Berlin,278.71,444.65,183.97,0.05,22.26,Cash,Online,S. Rossi,EUR
13810,4,3931.776,-488.904,2330,Sofia Khan,2/18/2025,Laptop,Electronic,Morocco,Casablanca,647.31,1228.68,942.27,0.2,4.29,Bank Transfer,Direct,Unknown,USD
13811,6,3747.978,750.498,1694,Lucas Chen,3/18/2024,Monitor,Electronic,USA,New York,334.38,694.07,440.14,0.1,22.26,PayPal,Direct,Unknown,USD
13812,6,4808.88,274.03,1951,Nora Kowalski,11/5/2024,Keyboard,Gadgets,USA,New York,757.49,801.48,625.85,0,22.26,PayPal,Partner,A. Johnson,USD
13813,2,2520.521,463.531,2914,Youssef Benali,2/11/2023,Keyboard,Electronic,Germany,Berlin,436.29,1326.59,799.22,0.05,22.26,Crypto,Partner,K. Haddad,EUR
13814,5,4547.25,-59.7,2761,Fatima Haddad,3/21/2025,Mouse,Tech,France,Paris,300.3,1010.5,858.03,0.1,16.5,PayPal,Partner,Unknown,USD
13815,7,7590.856,1068.516,1029,Nora Kowalski,9/23/2023,Mouse,Electronic,Morocco,Casablanca,900.54,1355.51,798.88,0.2,29.64,Bank Transfer,Online,L. Martin,USD
13816,7,4098.0625,53.4425,1208,Lucas Haddad,1/22/2023,Tablet,Tech,UAE,Dubai,475.1,616.25,508.76,0.05,8.2,PayPal,Direct,M. Lopez,USD
13817,6,6779.28,1656.44,1666,Fatima Lopez,3/10/2025,Smartphone,Gadgets,Spain,Madrid,833.68,1129.88,711.15,0,22.26,PayPal,Partner,M. Lopez,USD
13818,5,522.5375,63.6775,2065,Luis Smith,1/30/2025,Headphone,Electronic,Germany,Berlin,31,122.95,85.1,0.15,2.36,Bank Transfer,Retail,S. Rossi,USD
13819,1,676.36,85.6,2438,Nora Ibrahim,4/29/2025,Laptop,Tech,Morocco,Casablanca,75.38,845.45,484.42,0.2,30.96,Crypto,Online,K. Haddad,EUR
13820,7,7442.456,2422.596,2403,Fatima Rossi,4/27/2025,Headphone,Tech,USA,New York,987.45,1329.01,571.29,0.2,33.38,Bank Transfer,Partner,Unknown,EUR
13821,5,2055.36,719.21,2135,Noah Lopez,12/2/2024,Mouse,Electronic,Morocco,Casablanca,137.54,513.84,229.9,0.2,49.11,Credit Card,Retail,Unknown,EUR
13822,2,302.86,13.82,1923,Lucas Silva,12/30/2023,Tablet,Tech,Germany,Berlin,54.46,159.4,106.16,0.05,22.26,Crypto,Direct,A. Johnson,EUR
13823,1,707.541,83.381,1588,Luis Smith,8/8/2023,Monitor,Tech,Morocco,Casablanca,122,744.78,460.68,0.05,41.48,Cash,Online,L. Martin,USD
13824,7,1073.576,327.506,1625,Ali Khan,1/9/2023,Tablet,Gadgets,France,Paris,139.53,191.71,85.56,0.2,7.62,PayPal,Online,A. Johnson,MAD
13825,2,323.418,121.568,2366,Nora Chen,3/5/2024,Headphone,Tech,Morocco,Casablanca,63.07,170.22,68.28,0.05,2.22,Credit Card,Online,Unknown,EUR
13826,2,827.169,187.379,1213,Ali Khan,3/27/2025,Mouse,Electronic,Spain,Madrid,121.83,486.57,242.28,0.15,33.4,Bank Transfer,Retail,M. Lopez,MAD
13827,5,5876,1862.33,2445,Lucas Smith,12/7/2023,Headphone,Tech,USA,New York,854.89,1469,630.67,0.2,5.43,PayPal,Retail,K. Haddad,USD
13828,6,3625.938,372.288,1557,Maria Ibrahim,7/11/2024,Mouse,Electronic,USA,New York,278.82,671.47,491,0.1,28.83,Credit Card,Direct,K. Haddad,EUR
13829,6,7855.2,2411.8,2767,Maria Khan,2/11/2023,Monitor,Gadgets,France,Paris,578.28,1309.2,802.7,0,48.92,Credit Card,Online,A. Johnson,USD
13830,1,312.576,-55.974,1939,Ahmed Silva,12/9/2023,Keyboard,Electronic,Spain,Madrid,55.22,390.72,271.74,0.2,41.59,Bank Transfer,Direct,Unknown,USD
13831,2,1678.592,612.042,1037,Nora Khan,12/7/2023,Headphone,Gadgets,France,Paris,171.31,1049.12,436.49,0.2,22.26,Credit Card,Direct,M. Lopez,EUR
13832,3,2107.32,-294.2,1208,Luis Kowalski,7/20/2023,Smartphone,Tech,Morocco,Casablanca,199.59,878.05,720.18,0.2,41.39,Bank Transfer,Partner,L. Martin,MAD
13833,5,4325.64,-220.04,2238,Maria Garcia,1/27/2023,Mouse,Tech,UAE,Dubai,813.78,1081.41,745.33,0.2,5.25,Credit Card,Direct,S. Rossi,MAD
13834,6,7740.48,2373.33,2000,Ali Smith,8/16/2023,Mouse,Electronic,Morocco,Casablanca,419.07,1290.08,816.86,0,46.92,PayPal,Partner,M. Lopez,USD
13835,1,524.5,304.2,1314,Lucas Rossi,9/5/2024,Mouse,Electronic,Morocco,Casablanca,0,524.5,215.11,0,5.19,Bank Transfer,Direct,Unknown,MAD
13836,7,2394.63,589.24,1854,Emma Lopez,9/26/2024,Headphone,Tech,UAE,Dubai,277.5,342.09,211.83,0,45.08,PayPal,Retail,Unknown,USD
13837,4,642.924,212.304,2030,Sofia Rossi,8/13/2024,Keyboard,Tech,UAE,Dubai,88.67,178.59,83.79,0.1,6.79,Bank Transfer,Partner,L. Martin,USD
13838,3,1692.9,375.94,1453,Fatima Rahmani,3/9/2025,Laptop,Electronic,France,Paris,289.42,627,329.28,0.1,39.7,Cash,Online,S. Rossi,MAD
13839,3,2677.509,845.369,2334,Emma Dubois,4/21/2023,Monitor,Tech,USA,New York,512.65,991.67,424.22,0.1,46.83,Bank Transfer,Online,L. Martin,USD
13840,1,1101.72,136.2,2384,Lucas Dubois,5/3/2023,Laptop,Gadgets,Morocco,Casablanca,86.4,1101.72,874.14,0,4.98,Credit Card,Online,Unknown,MAD
13841,1,837.306,75.906,2714,Nora Dubois,4/8/2023,Mouse,Electronic,USA,New York,147.19,930.34,580.32,0.1,33.89,Bank Transfer,Direct,Unknown,EUR
13842,7,5628.168,2463.408,2893,Emma Benali,7/19/2023,Laptop,Gadgets,USA,New York,510.38,893.36,378.3,0.1,6.28,Credit Card,Retail,A. Johnson,USD
13843,6,7799.139,3228.099,2384,Emma Garcia,2/20/2025,Headphone,Tech,Spain,Madrid,904.11,1368.27,610.32,0.05,5.01,Credit Card,Retail,L. Martin,EUR
13844,2,1165.928,20.758,1114,Sofia Lopez,9/9/2023,Laptop,Tech,Germany,Berlin,0,685.84,558.7,0.15,27.77,Credit Card,Partner,Unknown,USD
13845,1,1165.0865,118.8565,2049,John Lopez,3/11/2023,Headphone,Tech,Morocco,Casablanca,59.95,1370.69,950.66,0.15,35.62,Credit Card,Retail,Unknown,EUR
13846,2,1996.121,-77.449,1517,Sara Khan,1/24/2023,Mouse,Gadgets,Morocco,Casablanca,215.73,1050.59,914.33,0.05,29.18,Crypto,Online,A. Johnson,USD
13847,1,314.7255,117.6255,2827,Youssef Silva,5/13/2024,Tablet,Electronic,Spain,Madrid,0,331.29,178.17,0.05,18.93,Cash,Partner,Unknown,USD
13848,5,2636.96,778.69,2066,Sara Rossi,4/28/2023,Keyboard,Tech,Morocco,Casablanca,453.86,659.24,276.89,0.2,19.96,Credit Card,Online,K. Haddad,USD
13849,2,2378.42,685.37,1773,Sofia Kowalski,8/13/2024,Keyboard,Gadgets,USA,New York,247.93,1189.21,699.09,0,46.94,Crypto,Online,Unknown,EUR
13850,1,873.1285,28.1985,1804,Ahmed Smith,8/12/2024,Monitor,Tech,Spain,Madrid,153.91,1027.21,668.76,0.15,22.26,Crypto,Online,A. Johnson,USD
13851,2,1933.68,751.74,2496,Nora Lopez,12/25/2023,Monitor,Gadgets,Spain,Madrid,331.22,966.84,423.58,0,3.56,Cash,Retail,K. Haddad,USD
13852,5,1626.2575,-164.9925,1665,Luis Benali,3/31/2024,Headphone,Tech,Germany,Berlin,317.83,342.37,289.77,0.05,24.57,Bank Transfer,Partner,A. Johnson,USD
13853,5,5138.42,-451.93,2099,Nora Haddad,1/22/2023,Keyboard,Tech,USA,New York,539.02,1209.04,1007.21,0.15,15.28,Bank Transfer,Online,A. Johnson,EUR
13854,4,5457.218,400.678,2439,Youssef Smith,12/6/2023,Monitor,Tech,Morocco,Casablanca,889.53,1436.11,1033.88,0.05,31.49,PayPal,Online,Unknown,USD
13855,3,-2280.72,-5226.15,2505,John Kowalski,8/23/2024,Laptop,Tech,UAE,Dubai,438.02,-950.3,832.28,0.2,10.57,Cash,Online,L. Martin,EUR
13856,6,1284.444,-238.226,1557,Noah Khan,4/18/2024,Keyboard,Electronic,UAE,Dubai,229.75,237.86,209.98,0.1,33.04,Bank Transfer,Partner,K. Haddad,USD
13857,4,1604.48,86,2281,Ali Khan,9/20/2023,Mouse,Electronic,France,Paris,121.5,401.12,344.69,0,18.22,PayPal,Direct,L. Martin,EUR
13858,5,4714.95,651.64,1849,Luis Chen,4/28/2023,Headphone,Electronic,USA,New York,443.2,942.99,720,0,20.11,Cash,Retail,Unknown,EUR
13859,3,3704.436,708.706,2969,Mariam Lopez,12/1/2023,Monitor,Tech,Spain,Madrid,333.91,1452.72,882.39,0.15,14.65,PayPal,Direct,A. Johnson,MAD
13860,3,676.896,-140.514,1885,Ahmed Lopez,1/5/2025,Headphone,Tech,USA,New York,128.6,282.04,219.83,0.2,29.32,Credit Card,Direct,S. Rossi,USD
13861,4,3818.656,-988.764,2239,Nora Garcia,4/10/2025,Smartphone,Tech,France,Paris,621.55,1193.33,1041.37,0.2,20.39,Credit Card,Online,Unknown,MAD
13862,5,5900.64,1328.77,2113,Sofia Kowalski,1/13/2025,Phone,Tech,Morocco,Casablanca,765.21,1475.16,754.71,0.2,33.11,Crypto,Direct,M. Lopez,USD
13863,6,4491.984,-932.396,1972,Lucas Silva,1/21/2023,Mouse,Electronic,Spain,Madrid,633.93,935.83,795.22,0.2,19.13,Bank Transfer,Online,M. Lopez,USD
13864,5,3255.4575,973.2175,2298,Emma Haddad,5/20/2023,Tablet,Electronic,Morocco,Casablanca,600.69,765.99,329.25,0.15,35.3,Bank Transfer,Retail,A. Johnson,USD
13865,2,2828.701,-14.729,2174,Sara Chen,6/6/2024,Keyboard,Electronic,Germany,Berlin,495.67,1488.79,1158.45,0.05,30.86,PayPal,Online,Unknown,MAD
13866,5,5052.1875,1274.1675,1559,Nora Silva,7/27/2023,Keyboard,Electronic,France,Paris,817.92,1188.75,590.74,0.15,6.4,Bank Transfer,Retail,L. Martin,USD
13867,5,842.7,263.88,1702,Nora Ibrahim,6/24/2024,Laptop,Tech,Morocco,Casablanca,100.53,168.54,95.32,0,1.69,Credit Card,Direct,A. Johnson,USD
13868,3,2347.44,425.98,1994,Ali Lopez,10/24/2023,Phone,Tech,Morocco,Casablanca,346.04,782.48,516.28,0,26.58,Credit Card,Online,M. Lopez,USD
13869,1,364.781,6.381,1058,Fatima Garcia,4/20/2023,Mouse,Tech,Germany,Berlin,27.96,383.98,313.55,0.05,16.89,Credit Card,Direct,K. Haddad,MAD
13870,3,1191.06,-410.69,2509,John Haddad,8/23/2024,Headphone,Gadgets,UAE,Dubai,121.03,397.02,491,0,7.72,Credit Card,Online,S. Rossi,USD
13871,3,2435.553,15.283,2605,Sofia Benali,8/17/2024,Laptop,Tech,USA,New York,464.24,854.58,644.59,0.05,22.26,Crypto,Partner,Unknown,EUR
13872,5,2184.705,686.155,2525,Emma Khan,2/4/2023,Smartphone,Gadgets,Spain,Madrid,139.75,485.49,266.78,0.1,24.9,Credit Card,Online,S. Rossi,USD
13873,5,6098.35,3170.7,2636,Nora Garcia,6/10/2024,Mouse,Tech,Morocco,Casablanca,349.98,1219.67,509.9,0,28.17,Bank Transfer,Online,Unknown,MAD
13874,6,2865.51,-13.39,2327,Youssef Garcia,1/29/2025,Mouse,Tech,Spain,Madrid,411.73,530.65,409.07,0.1,12.75,Bank Transfer,Online,Unknown,MAD
13875,1,456.1045,64.3745,1504,Leo Kowalski,2/15/2025,Phone,Electronic,USA,New York,36.13,480.11,342.07,0.05,13.53,Cash,Online,A. Johnson,USD
13876,3,417.333,77.153,2549,Luis Haddad,4/5/2024,Headphone,Electronic,Germany,Berlin,75.73,163.66,75.33,0.15,38.46,Credit Card,Online,S. Rossi,MAD
13877,5,3158.94,618.59,1653,Sara Silva,1/24/2023,Tablet,Tech,France,Paris,332.14,665.04,432.28,0.05,46.81,Crypto,Online,M. Lopez,MAD
13878,7,5162.1955,380.7755,2897,Nora Garcia,9/20/2024,Smartphone,Electronic,France,Paris,910.38,776.27,546.12,0.05,48.2,PayPal,Online,M. Lopez,EUR
13879,1,1106.6075,73.1175,2903,Maria Dubois,11/3/2023,Keyboard,Tech,France,Paris,88.8,1164.85,895.67,0.05,49.02,Credit Card,Online,M. Lopez,USD
13880,7,2053.254,451.404,1148,Emma Garcia,1/16/2023,Mouse,Tech,USA,New York,364.7,308.76,171.98,0.05,33.29,Credit Card,Direct,Unknown,EUR
13881,1,763.572,132.132,2217,Ali Kowalski,1/27/2024,Tablet,Tech,UAE,Dubai,116.54,898.32,486.55,0.15,28.35,Cash,Direct,L. Martin,MAD
13882,5,5486.265,1522.945,1997,Fatima Smith,2/10/2024,Keyboard,Gadgets,USA,New York,1061.24,1219.17,572.74,0.1,38.38,Credit Card,Online,Unknown,EUR
13883,4,2448.112,114.392,2527,John Ibrahim,8/4/2024,Laptop,Tech,USA,New York,322.19,644.24,493,0.05,39.53,Cash,Partner,Unknown,USD
13884,5,797.8,8.95,1863,Lucas Garcia,1/20/2024,Smartphone,Tech,Germany,Berlin,69.18,199.45,135.53,0.2,42.02,Credit Card,Online,Unknown,USD
13885,1,1176.021,471.301,1829,Emma Benali,2/27/2025,Headphone,Electronic,France,Paris,141.68,1306.69,539.16,0.1,23.88,PayPal,Online,S. Rossi,EUR
13886,3,2633.6565,526.1865,2130,Nora Benali,9/1/2023,Smartphone,Tech,USA,New York,432.83,924.09,550.85,0.05,22.09,Credit Card,Online,S. Rossi,EUR
13887,7,5362.0945,2282.8545,1593,Noah Kowalski,1/12/2024,Laptop,Electronic,USA,New York,676.21,806.33,340.11,0.05,22.26,Credit Card,Online,Unknown,USD
13888,2,339.354,10.934,1131,John Ibrahim,2/6/2025,Headphone,Tech,Morocco,Casablanca,66.43,188.53,123.8,0.1,14.39,Bank Transfer,Direct,Unknown,USD
13889,2,748.204,-64.926,1093,Luis Chen,6/2/2025,Keyboard,Tech,Germany,Berlin,114.93,440.12,348.08,0.15,2.04,Credit Card,Partner,M. Lopez,EUR
13890,5,1973.615,478.915,1732,Emma Garcia,8/8/2024,Tablet,Tech,Morocco,Casablanca,272.52,464.38,240.62,0.15,19.08,Crypto,Online,A. Johnson,EUR
13891,2,2318.976,862.566,1402,John Chen,2/1/2023,Laptop,Electronic,Spain,Madrid,185.74,1449.36,633.41,0.2,3.85,Crypto,Direct,A. Johnson,USD
13892,3,1142.28,11.33,2773,Leo Dubois,2/28/2025,Keyboard,Electronic,Morocco,Casablanca,127.99,475.95,319.81,0.2,43.53,Credit Card,Partner,M. Lopez,USD
13893,4,3729.204,712.894,1861,Leo Khan,3/31/2024,Headphone,Tech,USA,New York,617.82,1035.89,596.96,0.1,10.65,PayPal,Partner,Unknown,USD
13894,1,206.618,37.108,2751,Nora Chen,7/27/2024,Keyboard,Electronic,Spain,Madrid,33.03,243.08,102.64,0.15,33.84,Credit Card,Online,A. Johnson,MAD
13895,6,7789.68,1028.78,2284,Luis Smith,8/29/2024,Laptop,Tech,USA,New York,622.74,1298.28,1019.36,0,22,PayPal,Online,Unknown,MAD
13896,4,3954.176,521.136,1751,Lucas Rossi,8/23/2023,Tablet,Tech,UAE,Dubai,294.1,1235.68,782.05,0.2,10.74,PayPal,Online,A. Johnson,USD
13897,2,1104.656,20.726,1422,Luis Smith,7/9/2023,Keyboard,Electronic,UAE,Dubai,204.39,690.41,436.16,0.2,7.22,PayPal,Retail,A. Johnson,USD
13898,6,7011.576,1887.656,2112,Lucas Lopez,4/25/2025,Smartphone,Tech,Morocco,Casablanca,0,1298.44,849.14,0.1,29.08,Credit Card,Direct,L. Martin,MAD
13899,5,5866.15,1898.15,1744,Mariam Ibrahim,5/3/2024,Smartphone,Tech,Morocco,Casablanca,0,1173.23,787.75,0,29.25,Bank Transfer,Online,Unknown,EUR
13900,3,2417.553,389.383,1120,Emma Silva,9/16/2024,Keyboard,Tech,France,Paris,442.05,895.39,524.92,0.1,11.36,Credit Card,Online,K. Haddad,MAD
13901,3,1080.996,112.546,1646,Nora Smith,2/1/2025,Headphone,Electronic,Morocco,Casablanca,111.39,423.92,270.35,0.15,46.01,Cash,Online,L. Martin,USD
13902,6,5688.6,1638.68,1196,Luis Lopez,1/24/2024,Mouse,Electronic,UAE,Dubai,664.23,998,558.48,0.05,34.81,Credit Card,Partner,K. Haddad,USD
13903,3,167.61,31.24,2733,John Silva,5/12/2024,Monitor,Electronic,USA,New York,16.99,55.87,37.47,0,6.97,PayPal,Online,Unknown,MAD
13904,6,6578.484,1180.934,1510,Ali Khan,12/13/2024,Smartphone,Tech,USA,New York,602.25,1154.12,791.97,0.05,43.48,Cash,Direct,K. Haddad,USD
13905,1,335.096,-31.444,1387,Noah Benali,4/7/2025,Headphone,Tech,USA,New York,35.21,418.87,303.73,0.2,27.6,Crypto,Online,A. Johnson,MAD
13906,2,2333.624,-425.006,2005,Fatima Dubois,6/21/2024,Keyboard,Electronic,USA,New York,375.13,1372.72,1167.83,0.15,47.84,Credit Card,Online,K. Haddad,MAD
13907,1,1103.877,361.857,1680,Sara Rahmani,2/5/2023,Headphone,Tech,USA,New York,160.24,1226.53,555.8,0.1,25.98,Credit Card,Online,L. Martin,USD
13908,1,187.136,30.916,2082,Maria Dubois,2/14/2024,Tablet,Electronic,UAE,Dubai,25.34,220.16,120.01,0.15,10.87,Cash,Online,K. Haddad,MAD
13909,7,6309.737,-298.073,1264,Fatima Benali,6/7/2024,Laptop,Gadgets,France,Paris,654.06,1060.46,848.55,0.15,13.9,Cash,Online,A. Johnson,USD
13910,3,3533.544,1344.534,1394,Nora Silva,9/24/2024,Laptop,Electronic,Morocco,Casablanca,179.89,1472.31,666.42,0.2,9.86,Cash,Online,Unknown,USD
13911,7,1588.167,738.487,1632,Ali Dubois,12/21/2024,Tablet,Gadgets,Germany,Berlin,104.81,252.09,106.35,0.1,0.42,Credit Card,Direct,L. Martin,EUR
13912,2,1720.818,599.708,1875,Sara Lopez,5/18/2024,Keyboard,Electronic,Spain,Madrid,254.18,956.01,418.59,0.1,29.75,Credit Card,Online,S. Rossi,MAD
13913,5,4338.5075,1470.7575,1124,Sofia Benali,1/27/2024,Tablet,Electronic,UAE,Dubai,449.19,913.37,475.73,0.05,39.91,Crypto,Online,L. Martin,MAD
13914,1,265.863,-17.017,1431,Leo Benali,4/15/2023,Laptop,Electronic,USA,New York,48.89,312.78,199.89,0.15,34.1,Cash,Partner,A. Johnson,USD
13915,6,7517.274,2633.614,1508,Sofia Smith,11/23/2024,Headphone,Electronic,Spain,Madrid,1446.72,1318.82,569.03,0.05,22.76,Credit Card,Online,M. Lopez,USD
13916,7,4469.8185,291.6185,2327,Emma Chen,11/12/2023,Mouse,Electronic,Germany,Berlin,428.3,751.23,532.52,0.15,22.26,Credit Card,Partner,K. Haddad,USD
13917,2,-2680.434,-4191.954,1806,Noah Kowalski,3/22/2023,Headphone,Tech,Germany,Berlin,258.3,-1489.13,612.64,0.1,27.94,Credit Card,Partner,S. Rossi,USD
13918,1,844.15,-3.22,2814,Ali Khan,2/13/2024,Tablet,Electronic,France,Paris,149.15,844.15,656.77,0,41.45,Cash,Direct,L. Martin,USD
13919,2,2076.643,82.413,2868,Nora Smith,8/9/2023,Phone,Tech,Morocco,Casablanca,141.02,1092.97,913.28,0.05,26.65,Bank Transfer,Partner,Unknown,USD
13920,7,1824.494,5.054,2828,Lucas Khan,2/13/2025,Mouse,Tech,Morocco,Casablanca,101.68,274.36,244.1,0.05,9.06,PayPal,Direct,K. Haddad,EUR
13921,4,2282.488,-236.132,1812,Luis Chen,4/5/2023,Keyboard,Electronic,Spain,Madrid,182.87,671.32,577.8,0.15,24.55,Bank Transfer,Direct,Unknown,USD
13922,6,5863.818,1295.548,2182,Noah Lopez,11/1/2024,Mouse,Gadgets,Spain,Madrid,826.59,1028.74,622.88,0.05,4.4,Credit Card,Partner,L. Martin,MAD
13923,4,2213.44,-510.08,2451,Lucas Rossi,5/5/2023,Smartphone,Electronic,France,Paris,369.14,691.7,583.03,0.2,22.26,Cash,Retail,Unknown,MAD
13924,3,1151.0295,308.3795,2420,Emma Smith,10/2/2024,Headphone,Gadgets,Morocco,Casablanca,87.21,403.87,237.5,0.05,42.94,Bank Transfer,Retail,Unknown,MAD
13925,5,489.4725,-50.7675,2173,Lucas Garcia,9/6/2023,Smartphone,Electronic,Spain,Madrid,29.27,115.17,97.17,0.15,25.12,Credit Card,Online,Unknown,USD
13926,4,3307.026,1378.556,2061,Maria Haddad,7/16/2023,Smartphone,Tech,USA,New York,0,870.27,473.02,0.05,36.39,Credit Card,Retail,M. Lopez,MAD
13927,5,5811.15,1502.38,2967,Ahmed Khan,4/9/2024,Mouse,Tech,Germany,Berlin,758.53,1223.4,700.89,0.05,45.79,Cash,Online,A. Johnson,USD
13928,6,440.016,72.136,2143,John Rossi,1/29/2025,Smartphone,Electronic,Spain,Madrid,27.68,91.67,51.68,0.2,30.12,PayPal,Partner,K. Haddad,MAD
13929,3,423.117,109.177,1918,Maria Rossi,6/20/2024,Mouse,Electronic,France,Paris,82.47,156.71,67.44,0.1,29.15,Cash,Partner,S. Rossi,MAD
13930,4,1452.702,459.512,2225,Maria Dubois,11/20/2024,Tablet,Tech,UAE,Dubai,89.64,382.29,217.5,0.05,33.55,PayPal,Retail,A. Johnson,EUR
13931,5,3971.095,1239.115,1181,Emma Haddad,2/9/2025,Phone,Electronic,Germany,Berlin,727.09,836.02,392.2,0.05,43.89,PayPal,Online,S. Rossi,MAD
13932,6,787.248,-126.412,2655,Sara Khan,1/20/2024,Headphone,Electronic,USA,New York,117.03,164.01,130.35,0.2,14.53,Credit Card,Direct,K. Haddad,EUR
13933,6,272.901,95.061,2853,Youssef Garcia,12/14/2024,Mouse,Gadgets,USA,New York,17.88,53.51,22.18,0.15,26.88,Crypto,Direct,Unknown,USD
13934,3,3188.7,1014.96,2684,Leo Rahmani,5/15/2023,Monitor,Tech,Spain,Madrid,539.98,1181,541.01,0.1,10.73,Crypto,Online,S. Rossi,USD
13935,7,10008.46,2336.29,1011,Lucas Silva,4/21/2024,Tablet,Tech,Morocco,Casablanca,1409.37,1429.78,894.56,0,0.88,Credit Card,Direct,Unknown,MAD
13936,7,1493.688,634.098,2531,John Garcia,5/4/2023,Headphone,Tech,Spain,Madrid,108.54,251.04,107.29,0.15,0.02,Cash,Online,A. Johnson,USD
13937,1,766.734,5.734,1302,Sara Rossi,9/15/2023,Monitor,Tech,France,Paris,147.92,902.04,573.69,0.15,39.39,Credit Card,Online,L. Martin,USD
13938,6,3737.952,919.962,1091,Ali Kowalski,10/7/2023,Headphone,Tech,USA,New York,658.65,778.74,353.88,0.2,36.06,Crypto,Online,M. Lopez,USD
13939,6,4090.896,1061.206,2429,Lucas Khan,8/23/2024,Tablet,Electronic,France,Paris,268.48,852.27,459.65,0.2,3.31,PayPal,Online,A. Johnson,EUR
13940,2,595.84,159.62,2631,Fatima Silva,11/19/2023,Mouse,Tech,France,Paris,47.91,372.4,184.93,0.2,18.45,Bank Transfer,Partner,Unknown,USD
13941,5,2098.395,662.975,1622,Youssef Dubois,5/31/2025,Phone,Gadgets,Morocco,Casablanca,404.13,493.74,202.84,0.15,17.09,Crypto,Online,M. Lopez,USD
13942,4,4319.916,616.386,1778,Leo Khan,5/24/2024,Smartphone,Electronic,Morocco,Casablanca,594.33,1136.82,774.97,0.05,9.32,Bank Transfer,Partner,S. Rossi,MAD
13943,5,-3260.92,-6721.03,1659,Lucas Rossi,5/8/2024,Smartphone,Electronic,France,Paris,646.68,-815.23,555.36,0.2,36.63,PayPal,Online,L. Martin,EUR
13944,5,3788.15,163.68,2679,Noah Garcia,9/4/2023,Tablet,Electronic,Germany,Berlin,365.67,757.63,645.31,0,32.25,Crypto,Direct,Unknown,USD
13945,4,3278.34,1192.72,2820,Fatima Rossi,4/7/2024,Mouse,Gadgets,USA,New York,523.92,910.65,378.72,0.1,46.82,Credit Card,Direct,L. Martin,EUR
13946,7,9143.1515,5197.2815,1769,Emma Smith,11/3/2024,Mouse,Gadgets,Morocco,Casablanca,0,1374.91,556.63,0.05,49.46,Crypto,Online,Unknown,EUR
13947,1,98,4.1,1474,Ahmed Kowalski,1/25/2025,Keyboard,Electronic,Morocco,Casablanca,0,98,76.1,0,17.8,Crypto,Online,Unknown,USD
13948,2,1069.104,-82.276,2772,Mariam Ibrahim,8/15/2023,Headphone,Electronic,Morocco,Casablanca,193.57,668.19,456.8,0.2,44.21,Cash,Online,L. Martin,USD
13949,7,932.064,9.054,2203,Luis Silva,2/19/2024,Mouse,Gadgets,France,Paris,60.34,140.16,116.48,0.05,47.31,Credit Card,Direct,M. Lopez,USD
13950,4,262.224,8.764,2809,Ali Silva,7/7/2023,Headphone,Gadgets,Spain,Madrid,31.38,72.84,51.01,0.1,18.04,PayPal,Partner,Unknown,USD
13951,7,3481.9995,-133.1405,1101,Noah Dubois,9/24/2023,Headphone,Electronic,UAE,Dubai,487.8,585.21,442.98,0.15,26.48,Crypto,Partner,K. Haddad,EUR
13952,5,1380.56,-1304.09,2700,Luis Smith,6/14/2025,Tablet,Tech,Spain,Madrid,207.39,345.14,491,0.2,22.26,Crypto,Online,Unknown,USD
13953,6,230.061,5.711,2971,Leo Silva,9/28/2023,Laptop,Electronic,USA,New York,43.6,45.11,27.92,0.15,13.23,Cash,Partner,L. Martin,EUR
13954,3,2062.62,204.3,2616,Ahmed Ibrahim,2/29/2024,Laptop,Electronic,USA,New York,313.59,687.54,507.49,0,22.26,Credit Card,Direct,M. Lopez,MAD
13955,1,921.4765,-32.1635,1497,Luis Smith,3/28/2023,Keyboard,Tech,USA,New York,71.6,1084.09,880.33,0.15,1.71,Crypto,Online,Unknown,USD
13956,3,1383.399,300.499,1134,Sara Haddad,3/31/2023,Mouse,Tech,France,Paris,261.67,512.37,271.58,0.1,6.49,Bank Transfer,Online,K. Haddad,MAD
13957,2,2672.532,-10.388,2283,Youssef Khan,10/19/2024,Tablet,Electronic,Spain,Madrid,285.76,1484.74,1193.8,0.1,9.56,Crypto,Online,K. Haddad,EUR
13958,4,2390.464,-628.716,1245,Sara Garcia,10/5/2023,Smartphone,Tech,USA,New York,308.16,747.02,672.19,0.2,22.26,Credit Card,Retail,L. Martin,EUR
13959,3,545.697,36.667,2150,Fatima Ibrahim,1/6/2025,Headphone,Electronic,Germany,Berlin,101.76,202.11,131.97,0.1,11.36,Crypto,Direct,M. Lopez,EUR
13960,6,7269.846,2182.456,1139,Maria Dubois,3/19/2025,Mouse,Tech,USA,New York,389.91,1425.46,776.19,0.15,40.34,Cash,Online,Unknown,EUR
13961,3,3038.952,-192.948,1212,Nora Ibrahim,6/15/2025,Mouse,Tech,USA,New York,280.78,1266.23,981.01,0.2,8.09,Credit Card,Direct,A. Johnson,USD
13962,1,615.2555,125.8755,2284,Nora Rossi,4/20/2024,Headphone,Gadgets,Morocco,Casablanca,49.28,723.83,411.15,0.15,28.95,PayPal,Partner,K. Haddad,USD
13963,7,2340.492,-30.958,2745,Luis Kowalski,8/27/2024,Mouse,Electronic,France,Paris,351.39,393.36,281.91,0.15,46.69,Crypto,Online,A. Johnson,EUR
13964,1,396.712,-24.748,2526,Youssef Lopez,4/15/2023,Mouse,Tech,France,Paris,64.58,495.89,319.77,0.2,37.11,Crypto,Retail,A. Johnson,MAD
13965,6,2871.318,569.258,1663,Sofia Kowalski,11/20/2024,Laptop,Electronic,UAE,Dubai,477.23,503.74,301.42,0.05,16.31,PayPal,Online,Unknown,MAD
13966,5,3105.855,-223.715,2138,Nora Benali,12/22/2024,Tablet,Tech,UAE,Dubai,594.91,690.19,542.48,0.1,22.26,PayPal,Partner,L. Martin,EUR
13967,6,2088.144,-277.766,2613,John Kowalski,1/15/2024,Headphone,Electronic,France,Paris,354.41,435.03,333.85,0.2,8.4,Bank Transfer,Online,A. Johnson,EUR
13968,6,8976.42,1979.39,1152,Ahmed Ibrahim,6/19/2024,Laptop,Gadgets,UAE,Dubai,0,1496.07,1164.25,0,11.53,Credit Card,Online,K. Haddad,MAD
13969,4,2106.454,366.584,2700,Sofia Kowalski,8/5/2024,Mouse,Electronic,Germany,Berlin,207.57,554.33,379.85,0.05,12.9,PayPal,Online,Unknown,EUR
13970,3,1386.8685,-247.0515,1520,Emma Chen,5/20/2023,Laptop,Electronic,Morocco,Casablanca,193.85,543.87,475.14,0.15,14.65,Cash,Retail,S. Rossi,USD
13971,1,488.817,195.267,1760,Maria Rossi,6/24/2023,Keyboard,Electronic,Spain,Madrid,26.87,543.13,258.16,0.1,8.52,Cash,Online,Unknown,USD
13972,5,6100.74,-632.04,1451,Noah Rossi,9/15/2024,Phone,Tech,Spain,Madrid,708.49,1355.72,1196.15,0.1,43.54,PayPal,Retail,L. Martin,MAD
13973,6,2924.262,-131.248,2909,Lucas Dubois,6/16/2024,Tablet,Electronic,Spain,Madrid,520.06,541.53,417.06,0.1,33.09,Credit Card,Retail,K. Haddad,EUR
13974,6,-6382.98,-10761.95,2340,Leo Kowalski,5/25/2025,Laptop,Electronic,USA,New York,989.42,-1063.83,562.59,0,14.01,PayPal,Online,Unknown,USD
13975,4,1213.63,423.25,1660,Youssef Haddad,10/1/2024,Laptop,Tech,Germany,Berlin,202.53,356.95,144.39,0.15,10.29,Credit Card,Partner,A. Johnson,USD
13976,7,6797.231,538.241,1329,Fatima Khan,4/19/2025,Smartphone,Electronic,France,Paris,680.56,1022.14,792.91,0.05,28.06,PayPal,Online,L. Martin,USD
13977,1,1021.664,302.864,1118,Ahmed Khan,1/6/2024,Headphone,Tech,France,Paris,164.7,1277.08,523.31,0.2,30.79,Bank Transfer,Online,M. Lopez,EUR
13978,5,4012.0425,700.5325,1175,John Khan,4/16/2023,Laptop,Tech,France,Paris,694.32,944.01,516.38,0.15,35.29,Credit Card,Direct,K. Haddad,MAD
13979,2,997.578,28.118,1860,Fatima Garcia,5/7/2023,Smartphone,Gadgets,USA,New York,76.28,554.21,426.96,0.1,39.26,Cash,Partner,K. Haddad,MAD
13980,2,246.32,92.13,1758,Fatima Ibrahim,5/29/2023,Headphone,Gadgets,France,Paris,23.6,123.16,63.02,0,4.55,Credit Card,Direct,Unknown,EUR
13981,4,341.62,157.77,1805,Nora Dubois,1/29/2023,Headphone,Gadgets,USA,New York,21.35,89.9,39.58,0.05,4.18,PayPal,Online,S. Rossi,USD
13982,4,5076.108,569.898,1626,Sofia Rossi,5/16/2024,Monitor,Electronic,Morocco,Casablanca,848.12,1410.03,906.93,0.1,30.37,PayPal,Online,S. Rossi,MAD
13983,3,1212.66,198.84,1626,Leo Chen,11/10/2024,Keyboard,Tech,USA,New York,129.77,404.22,290.36,0,12.97,Crypto,Retail,M. Lopez,USD
13984,7,2934.981,84.921,1224,Noah Rahmani,10/23/2024,Keyboard,Tech,Germany,Berlin,298.3,465.87,357.84,0.1,46.88,Crypto,Online,Unknown,EUR
13985,4,3666.096,33.056,1165,Noah Dubois,5/21/2024,Headphone,Gadgets,Morocco,Casablanca,279.75,1018.36,828.85,0.1,37.89,Cash,Online,Unknown,EUR
13986,4,1108.608,74.868,1215,Noah Haddad,4/23/2023,Tablet,Tech,Spain,Madrid,119.45,346.44,219.34,0.2,36.93,Crypto,Direct,K. Haddad,USD
13987,3,3249.3705,11.6105,1229,Emma Haddad,6/14/2025,Keyboard,Electronic,Spain,Madrid,476.71,1140.13,910.69,0.05,28.98,PayPal,Partner,Unknown,USD
13988,7,3551.17,56.39,1707,Ali Garcia,10/18/2023,Tablet,Electronic,UAE,Dubai,702.65,507.31,392.67,0,43.44,Crypto,Retail,S. Rossi,USD
13989,7,4883.76,-226.68,1661,Lucas Garcia,6/23/2024,Phone,Gadgets,UAE,Dubai,530.27,872.1,653.16,0.2,8.05,Bank Transfer,Online,Unknown,MAD
13990,2,1092.981,0.031,2491,Youssef Benali,10/3/2024,Tablet,Tech,Spain,Madrid,146.84,642.93,466.66,0.15,12.79,Credit Card,Retail,M. Lopez,USD
13991,3,1446.546,363.756,1476,Sara Silva,9/6/2024,Phone,Electronic,Morocco,Casablanca,93.48,507.56,313.88,0.05,47.67,PayPal,Direct,A. Johnson,EUR
13992,2,1216.798,-159.772,2919,Lucas Rahmani,12/2/2023,Headphone,Electronic,USA,New York,206.49,640.42,560.76,0.05,48.56,PayPal,Online,L. Martin,USD
13993,6,5983.176,612.606,1830,Nora Kowalski,1/22/2023,Keyboard,Gadgets,UAE,Dubai,622.64,1049.68,791.04,0.05,1.69,Bank Transfer,Partner,Unknown,USD
13994,3,2814.3465,829.0465,2610,Noah Chen,10/2/2023,Headphone,Tech,Germany,Berlin,485.73,987.49,491,0.05,26.57,Cash,Partner,M. Lopez,USD
13995,1,-509.168,-1137.058,1914,Ali Rossi,6/17/2025,Smartphone,Electronic,UAE,Dubai,44.64,-636.46,549.79,0.2,33.46,Credit Card,Retail,M. Lopez,USD
13996,5,124.3,-7.86,1375,Youssef Khan,8/3/2024,Headphone,Tech,USA,New York,6.96,24.86,21.55,0,17.45,Credit Card,Partner,Unknown,USD
13997,2,2450.411,136.971,1740,Leo Rossi,9/20/2024,Headphone,Gadgets,USA,New York,297.66,1289.69,996.76,0.05,22.26,Crypto,Online,M. Lopez,USD
13998,1,1027.256,-214.594,2183,John Haddad,5/30/2024,Tablet,Gadgets,Morocco,Casablanca,90.8,1284.07,1121.09,0.2,29.96,Credit Card,Online,M. Lopez,USD
13999,6,2916.972,823.772,1220,Ahmed Silva,11/28/2024,Monitor,Tech,USA,New York,571.32,540.18,246.83,0.1,40.9,Credit Card,Online,M. Lopez,MAD
14000,7,168.028,-53.492,2705,Noah Haddad,2/13/2023,Mouse,Gadgets,Morocco,Casablanca,25.95,28.24,25.32,0.15,18.33,Cash,Direct,K. Haddad,USD
14001,7,2625.686,947.386,2274,Emma Smith,9/22/2023,Tablet,Tech,Germany,Berlin,484.37,394.84,164.94,0.05,39.35,Credit Card,Retail,Unknown,MAD
14002,5,6488.975,1299.155,2176,Leo Khan,8/31/2024,Keyboard,Tech,Morocco,Casablanca,735.94,1366.1,882.4,0.05,41.88,Cash,Retail,A. Johnson,USD
14003,2,1413.66,239.08,1540,Noah Rahmani,11/18/2023,Smartphone,Gadgets,UAE,Dubai,136.5,706.83,509.89,0,18.3,PayPal,Online,K. Haddad,EUR
14004,2,835.397,164.837,1158,Sara Chen,7/25/2024,Laptop,Gadgets,USA,New York,52.96,491.41,301.02,0.15,15.56,Crypto,Retail,S. Rossi,USD
14005,5,1328.805,208.635,1403,John Dubois,3/28/2025,Mouse,Electronic,USA,New York,129.93,312.66,193.83,0.15,21.09,Bank Transfer,Online,A. Johnson,MAD
14006,1,1192.907,247.267,2974,John Ibrahim,4/23/2023,Mouse,Electronic,Germany,Berlin,0,1403.42,923.76,0.15,21.88,Cash,Direct,Unknown,EUR
14007,1,178.7805,-29.9295,2944,Luis Dubois,5/14/2024,Laptop,Tech,UAE,Dubai,10.92,210.33,176.7,0.15,21.09,Credit Card,Online,A. Johnson,MAD
14008,1,733.89,163.86,1592,Noah Kowalski,3/19/2024,Phone,Tech,UAE,Dubai,110.43,863.4,438.56,0.15,21.04,Cash,Retail,Unknown,USD
14009,7,2980.6,731.25,1183,Ali Kowalski,2/1/2023,Headphone,Tech,USA,New York,177.04,425.8,293.31,0,19.14,Credit Card,Direct,K. Haddad,USD
14010,1,1159.0665,435.1665,2638,Mariam Benali,12/5/2024,Keyboard,Tech,Germany,Berlin,179.99,1220.07,496,0.05,47.91,Cash,Online,K. Haddad,USD
14011,3,1883.787,538.947,1736,John Ibrahim,1/3/2025,Mouse,Electronic,France,Paris,175.01,738.74,383.33,0.15,19.84,PayPal,Partner,Unknown,MAD
14012,6,665.64,185.16,2130,Noah Dubois,11/29/2024,Laptop,Electronic,Spain,Madrid,121.69,110.94,56.5,0,19.79,Credit Card,Direct,A. Johnson,USD
14013,3,2337.534,355.634,1937,Maria Smith,2/3/2025,Headphone,Tech,USA,New York,321.11,916.68,542.26,0.15,34.01,Credit Card,Retail,K. Haddad,USD
14014,1,84.47,-6.83,2663,Lucas Rahmani,7/6/2023,Mouse,Tech,Spain,Madrid,0,84.47,58.56,0,32.74,Crypto,Retail,S. Rossi,MAD
14015,3,751.92,191.98,1048,Sofia Khan,5/28/2025,Laptop,Tech,USA,New York,136.22,250.64,126.65,0,43.77,Credit Card,Direct,L. Martin,USD
14016,5,1572.16,355.63,2000,Emma Rossi,2/26/2023,Phone,Electronic,Morocco,Casablanca,289.12,393.04,179.01,0.2,32.36,Crypto,Retail,A. Johnson,MAD
14017,3,1273.6485,-29.7915,1257,John Ibrahim,5/9/2025,Tablet,Electronic,Morocco,Casablanca,110.38,499.47,384.37,0.15,39.95,Credit Card,Direct,Unknown,USD
14018,7,3448.13,947.97,2728,John Chen,1/25/2023,Phone,Tech,France,Paris,504.55,492.59,278.25,0,47.86,Credit Card,Retail,K. Haddad,MAD
14019,2,1552.406,-57.454,1596,Lucas Lopez,12/9/2023,Laptop,Electronic,Morocco,Casablanca,267.91,913.18,663.71,0.15,14.53,Credit Card,Retail,L. Martin,USD
14020,4,4655.798,-557.862,2683,Maria Garcia,4/13/2023,Monitor,Gadgets,Morocco,Casablanca,929.85,1225.21,1065.68,0.05,21.09,Bank Transfer,Online,K. Haddad,MAD
14021,7,2843.8025,-183.6975,2308,Sara Smith,8/13/2023,Headphone,Electronic,UAE,Dubai,416.54,477.95,372.18,0.15,5.7,Crypto,Partner,S. Rossi,EUR
14022,7,4651.192,1028.532,1215,John Rossi,2/7/2024,Mouse,Electronic,Morocco,Casablanca,731.35,830.57,408.3,0.2,33.21,Credit Card,Retail,L. Martin,USD
14023,4,2192.544,565.504,2244,Leo Ibrahim,1/20/2024,Tablet,Electronic,USA,New York,324.6,685.17,325.35,0.2,1.04,Credit Card,Online,M. Lopez,USD
14024,4,3685.64,501.46,1466,Mariam Lopez,5/28/2025,Headphone,Tech,USA,New York,586.3,921.41,648.25,0,4.88,Cash,Direct,L. Martin,EUR
14025,1,997.5175,-77.1725,1660,Youssef Benali,10/15/2024,Smartphone,Electronic,Germany,Berlin,161.07,1173.55,911.32,0.15,2.3,Credit Card,Online,Unknown,MAD
14026,5,2070.675,405.135,2787,Ali Haddad,12/16/2024,Headphone,Electronic,Germany,Berlin,190.25,460.15,293.09,0.1,9.84,Credit Card,Partner,Unknown,USD
14027,6,6395.145,634.765,1767,John Benali,7/26/2024,Smartphone,Tech,USA,New York,688.39,1253.95,844.11,0.15,7.33,Credit Card,Online,M. Lopez,USD
14028,7,5285.07,1200.97,2861,Mariam Chen,4/2/2025,Monitor,Electronic,UAE,Dubai,582.88,838.9,496,0.1,29.22,Cash,Direct,A. Johnson,USD
14029,7,3851.6135,327.4635,1774,Ahmed Lopez,11/16/2024,Phone,Electronic,Morocco,Casablanca,465.43,647.33,434.54,0.15,16.94,Crypto,Partner,Unknown,USD
14030,3,580.635,185.885,1518,Nora Dubois,7/8/2023,Tablet,Electronic,Germany,Berlin,67.52,227.7,100.73,0.15,25.04,Bank Transfer,Online,A. Johnson,MAD
14031,4,197.744,-5.516,2393,Sara Lopez,8/10/2024,Keyboard,Electronic,Germany,Berlin,35.19,58.16,36.35,0.15,22.67,Cash,Retail,A. Johnson,EUR
14032,2,2332.272,23.482,2310,Ali Garcia,9/9/2024,Tablet,Electronic,USA,New York,351.31,1457.67,953.88,0.2,49.72,Crypto,Partner,M. Lopez,USD
14033,6,4992.624,788.094,2057,Sofia Lopez,1/7/2023,Tablet,Electronic,France,Paris,714.72,1040.13,578.12,0.2,21.09,Cash,Partner,M. Lopez,MAD
14034,2,-2405.602,-4853.592,1378,Mariam Benali,11/12/2024,Tablet,Electronic,UAE,Dubai,292.06,-1415.06,1065.65,0.15,24.63,Crypto,Direct,Unknown,EUR
14035,4,4512.132,1428.022,2614,Emma Ibrahim,1/20/2023,Tablet,Electronic,Germany,Berlin,347.1,1253.37,678.98,0.1,21.09,Credit Card,Online,S. Rossi,USD
14036,4,1659.384,-203.296,2434,Maria Silva,10/15/2023,Keyboard,Electronic,Morocco,Casablanca,326.34,460.94,380.84,0.1,12.98,Credit Card,Online,K. Haddad,USD
14037,6,6292.971,2897.131,1714,Leo Smith,9/19/2024,Smartphone,Tech,Germany,Berlin,714.76,1104.03,444.57,0.05,13.66,PayPal,Retail,Unknown,USD
14038,2,916.592,229.242,1366,Mariam Garcia,6/7/2025,Phone,Tech,Spain,Madrid,114.35,572.87,273.91,0.2,25.18,Crypto,Direct,M. Lopez,EUR
14039,6,3026.16,406.62,2146,Sara Benali,6/7/2023,Keyboard,Electronic,Morocco,Casablanca,394.78,560.4,364.5,0.1,37.76,Bank Transfer,Online,S. Rossi,MAD
14040,3,2934.981,199.791,1677,Ahmed Smith,5/12/2025,Tablet,Electronic,UAE,Dubai,381.27,1087.03,775.68,0.1,26.88,Cash,Online,Unknown,USD
14041,3,3739.311,1213.771,2693,Leo Lopez,5/11/2025,Mouse,Tech,UAE,Dubai,375.19,1384.93,715.26,0.1,4.57,PayPal,Direct,Unknown,MAD
14042,7,7538.454,982.304,2452,Maria Lopez,3/3/2023,Laptop,Electronic,USA,New York,1388.38,1196.58,735.28,0.1,20.81,Bank Transfer,Online,M. Lopez,EUR
14043,6,5724.189,1811.469,1841,Maria Chen,5/29/2025,Keyboard,Electronic,Spain,Madrid,288.13,1122.39,603.71,0.15,2.33,Credit Card,Retail,Unknown,USD
14044,1,807.92,389.41,2796,Maria Benali,6/24/2023,Mouse,Tech,Morocco,Casablanca,55.5,807.92,338.22,0,24.79,Cash,Online,L. Martin,EUR
14045,3,1301.1375,110.8975,1279,Nora Benali,9/1/2023,Smartphone,Electronic,Spain,Madrid,133.07,510.25,345.36,0.15,21.09,Crypto,Direct,L. Martin,USD
14046,3,691.182,57.612,1116,Nora Silva,4/16/2024,Phone,Gadgets,USA,New York,115.72,242.52,171.85,0.05,2.3,PayPal,Direct,S. Rossi,EUR
14047,3,1367.7945,128.9145,2684,Noah Smith,12/7/2024,Headphone,Gadgets,Morocco,Casablanca,91.53,536.39,378.29,0.15,12.48,Credit Card,Partner,S. Rossi,USD
14048,1,273.809,-246.101,1481,Ahmed Benali,1/16/2025,Keyboard,Tech,USA,New York,20.92,288.22,496,0.05,2.99,Cash,Retail,Unknown,USD
14049,2,1281.51,-122.88,2585,Sofia Lopez,5/1/2024,Phone,Electronic,Germany,Berlin,123.52,711.95,625.6,0.1,29.67,Cash,Retail,Unknown,USD
14050,4,2436.768,-237.542,2431,Lucas Dubois,2/5/2024,Headphone,Gadgets,USA,New York,454.93,676.88,550.49,0.1,17.42,Credit Card,Retail,Unknown,MAD
14051,1,582.59,28.21,1218,Fatima Dubois,12/3/2023,Tablet,Gadgets,France,Paris,84.77,685.4,468.19,0.15,1.42,Crypto,Partner,A. Johnson,USD
14052,6,3766.14,587.97,2053,Ali Dubois,7/4/2023,Mouse,Electronic,Germany,Berlin,399,627.69,457.58,0,33.69,PayPal,Direct,A. Johnson,MAD
14053,2,2276.368,939.718,1873,Luis Smith,3/18/2023,Phone,Electronic,France,Paris,171.57,1422.73,580.74,0.2,3.6,Bank Transfer,Online,L. Martin,MAD
14054,7,8197.875,3209.665,2348,Sara Khan,10/7/2023,Laptop,Gadgets,Germany,Berlin,1473.87,1301.25,496,0.1,42.34,Cash,Direct,Unknown,MAD
14055,6,5306.976,773.026,2309,Maria Silva,2/22/2023,Laptop,Tech,Germany,Berlin,827.89,1105.62,613.53,0.2,24.88,Credit Card,Partner,Unknown,EUR
14056,6,2249.7,682.92,1851,Nora Silva,5/9/2025,Keyboard,Tech,France,Paris,375.05,374.95,192.06,0,39.37,Credit Card,Partner,S. Rossi,MAD
14057,5,6655.4,613.72,1993,Nora Smith,9/13/2023,Keyboard,Tech,USA,New York,1077.4,1331.08,989.8,0,15.28,Crypto,Retail,M. Lopez,EUR
14058,2,1146.251,47.291,1857,Fatima Ibrahim,4/9/2023,Laptop,Tech,Morocco,Casablanca,145,603.29,455.39,0.05,43.18,Credit Card,Online,L. Martin,MAD
14059,4,2857.106,86.586,2005,Maria Rahmani,1/2/2024,Laptop,Electronic,UAE,Dubai,481.24,751.87,562.75,0.05,38.28,Credit Card,Retail,A. Johnson,USD
14060,3,3403.23,1609.57,1282,Nora Khan,10/19/2023,Tablet,Tech,Germany,Berlin,274.37,1134.41,496,0,31.29,Credit Card,Online,Unknown,USD
14061,2,64.809,-21.791,2918,Ahmed Dubois,4/18/2024,Smartphone,Tech,USA,New York,10.61,34.11,20.32,0.05,35.35,Bank Transfer,Partner,Unknown,MAD
14062,2,1358.944,-330.836,1557,Ahmed Rossi,8/29/2024,Laptop,Tech,Spain,Madrid,260.29,849.34,701.89,0.2,25.71,Crypto,Direct,L. Martin,EUR
14063,2,1816.46,865.61,2574,Luis Dubois,6/6/2023,Smartphone,Tech,Morocco,Casablanca,159.99,908.23,373.82,0,43.22,Crypto,Direct,Unknown,EUR
14064,6,4934.34,197.01,2318,Luis Khan,6/11/2024,Tablet,Electronic,Germany,Berlin,848.64,822.39,644.05,0,24.39,Bank Transfer,Direct,M. Lopez,USD
14065,4,4944.708,-326.372,1308,Maria Haddad,7/8/2023,Smartphone,Electronic,USA,New York,731.66,1373.53,1134.02,0.1,3.34,PayPal,Online,K. Haddad,EUR
14066,2,687.384,218.674,1173,Emma Rahmani,7/15/2023,Mouse,Electronic,Germany,Berlin,61.37,381.88,181.84,0.1,43.66,Cash,Direct,S. Rossi,USD
14067,4,1450.2,261.28,1121,Sara Smith,4/2/2024,Tablet,Electronic,Morocco,Casablanca,247.9,362.55,233.05,0,8.82,Crypto,Direct,K. Haddad,USD
14068,6,2885.76,203.56,2998,Sara Rahmani,1/19/2025,Keyboard,Gadgets,Morocco,Casablanca,527.99,534.4,355.52,0.1,21.09,Cash,Partner,Unknown,USD
14069,4,511.2,22.07,1934,Leo Kowalski,6/7/2025,Keyboard,Electronic,Morocco,Casablanca,48.26,142,108.66,0.1,6.23,Crypto,Partner,L. Martin,USD
14070,7,2974.762,-235.718,2003,Lucas Rahmani,5/1/2024,Phone,Electronic,Morocco,Casablanca,385.87,499.96,403.42,0.15,0.67,Credit Card,Online,Unknown,EUR
14071,1,1338.09,342.85,2230,Maria Kowalski,8/17/2023,Headphone,Electronic,USA,New York,74.72,1338.09,904.39,0,16.13,PayPal,Partner,Unknown,EUR
14072,6,2436.912,405.832,1270,Youssef Khan,12/11/2024,Laptop,Tech,Germany,Berlin,356.2,451.28,276.71,0.1,14.62,Crypto,Online,L. Martin,USD
14073,7,4787.244,1243.364,1211,Luis Haddad,7/11/2024,Laptop,Electronic,Morocco,Casablanca,815.17,759.88,384.76,0.1,35.39,Bank Transfer,Online,K. Haddad,EUR
14074,4,4624.704,1436.024,2754,John Chen,2/21/2023,Laptop,Electronic,Morocco,Casablanca,604.82,1445.22,640.1,0.2,23.46,PayPal,Online,Unknown,USD
14075,3,3893.499,1520.049,2681,Nora Khan,12/2/2023,Smartphone,Tech,UAE,Dubai,237.94,1366.14,706.42,0.05,16.25,Credit Card,Online,Unknown,USD
14076,1,1264.511,380.381,2876,Emma Rahmani,11/11/2024,Laptop,Electronic,Morocco,Casablanca,88.31,1487.66,759.44,0.15,36.38,Bank Transfer,Direct,A. Johnson,USD
14077,4,1676.988,8.398,2222,Ahmed Kowalski,8/5/2024,Smartphone,Gadgets,UAE,Dubai,126.91,465.83,379.98,0.1,21.76,Credit Card,Online,A. Johnson,EUR
14078,4,2222.712,-213.918,2199,Youssef Kowalski,5/25/2024,Laptop,Electronic,USA,New York,407.46,617.42,496,0.1,45.17,Crypto,Partner,A. Johnson,MAD
14079,3,558.4245,67.2145,2321,Nora Dubois,11/29/2023,Headphone,Electronic,UAE,Dubai,75.91,218.99,134.17,0.15,12.79,Credit Card,Online,A. Johnson,EUR
14080,1,406.79,113.05,2718,John Garcia,8/21/2024,Laptop,Electronic,France,Paris,58.82,406.79,232.51,0,2.41,Credit Card,Retail,L. Martin,EUR
14081,7,7435.288,1326.648,1737,Nora Garcia,2/16/2025,Headphone,Electronic,Morocco,Casablanca,436.03,1327.73,807.36,0.2,21.09,PayPal,Direct,A. Johnson,USD
14082,2,2480.922,1330.952,1355,Leo Kowalski,12/2/2024,Headphone,Electronic,Morocco,Casablanca,0,1378.29,560.37,0.1,29.23,PayPal,Retail,Unknown,USD
14083,5,2313.25,303.48,1410,Leo Garcia,2/21/2023,Mouse,Gadgets,Germany,Berlin,351.5,462.65,322.82,0,44.17,Cash,Online,S. Rossi,USD
14084,6,6827.916,1020.296,1458,Leo Chen,3/30/2025,Laptop,Electronic,UAE,Dubai,1328.65,1197.88,740.27,0.05,37.35,Bank Transfer,Partner,A. Johnson,USD
14085,5,4976.19,76.37,2095,Luis Rahmani,5/16/2025,Monitor,Gadgets,Morocco,Casablanca,298.48,1105.82,916.08,0.1,20.94,Credit Card,Online,Unknown,USD
14086,4,4360.652,-553.008,1990,Ali Chen,3/20/2025,Headphone,Electronic,France,Paris,840.75,1147.54,1008.79,0.05,37.75,Credit Card,Online,Unknown,MAD
14087,5,3203.685,-157.905,2696,Maria Chen,4/5/2023,Tablet,Tech,Spain,Madrid,396.26,674.46,589.15,0.05,19.58,PayPal,Online,Unknown,USD
14088,2,70.941,-13.139,2046,Sofia Chen,4/8/2023,Smartphone,Electronic,Morocco,Casablanca,4.21,41.73,30.47,0.15,18.93,Bank Transfer,Retail,A. Johnson,USD
14089,2,469.18,66.22,1847,Leo Dubois,10/31/2024,Laptop,Gadgets,Morocco,Casablanca,39.61,234.59,158.89,0,45.57,Crypto,Retail,L. Martin,MAD
14090,5,6361.2,-268.76,1459,Ali Dubois,10/11/2024,Mouse,Gadgets,Germany,Berlin,883.13,1339.2,1148.46,0.05,4.53,Crypto,Retail,M. Lopez,MAD
14091,1,390.681,52.231,2178,Ali Smith,4/21/2025,Headphone,Tech,Morocco,Casablanca,46.15,434.09,247.77,0.1,44.53,Credit Card,Online,Unknown,USD
14092,3,822.12,285.45,1393,Ahmed Kowalski,4/26/2025,Laptop,Electronic,USA,New York,89.23,342.55,145.91,0.2,9.71,PayPal,Retail,M. Lopez,MAD
14093,1,338.215,100.475,1653,Emma Silva,10/2/2024,Monitor,Electronic,France,Paris,23.77,397.9,179.86,0.15,34.11,Credit Card,Direct,K. Haddad,EUR
14094,2,1612.229,325.419,1415,John Benali,3/31/2024,Headphone,Tech,USA,New York,213.39,948.37,523.67,0.15,26.08,Cash,Online,A. Johnson,USD
14095,4,4267.328,1331.248,1372,John Lopez,9/9/2024,Headphone,Tech,Morocco,Casablanca,329.86,1333.54,648.81,0.2,10.98,Cash,Online,M. Lopez,EUR
14096,3,1283.592,-212.348,1461,Leo Lopez,12/9/2023,Keyboard,Tech,Germany,Berlin,65.94,534.83,475.72,0.2,2.84,Crypto,Direct,K. Haddad,USD
14097,3,605.421,-102.929,2189,Nora Kowalski,6/16/2025,Tablet,Electronic,USA,New York,110.84,237.42,182.88,0.15,48.87,Credit Card,Direct,Unknown,MAD
14098,6,2300.178,209.098,1284,Maria Dubois,3/11/2025,Smartphone,Gadgets,Morocco,Casablanca,0,403.54,348.26,0.05,1.52,Cash,Retail,K. Haddad,USD
14099,3,3473.604,604.434,1212,Nora Lopez,9/5/2024,Tablet,Electronic,France,Paris,184.78,1286.52,879.93,0.1,44.6,PayPal,Online,S. Rossi,EUR
14100,6,3120.24,1478.24,1878,Mariam Lopez,9/8/2023,Keyboard,Electronic,France,Paris,217.69,520.04,233.87,0,21.09,Bank Transfer,Online,A. Johnson,USD
14101,4,859.136,114.516,1783,Youssef Dubois,3/4/2024,Keyboard,Tech,Spain,Madrid,79.56,268.48,164.74,0.2,6.1,Credit Card,Online,L. Martin,EUR
14102,5,2745.09,668.48,2753,Sara Haddad,7/21/2024,Headphone,Tech,Morocco,Casablanca,488.4,610.02,314.1,0.1,17.71,Bank Transfer,Online,S. Rossi,USD
14103,7,5125.211,372.791,2967,Fatima Benali,6/4/2024,Tablet,Tech,UAE,Dubai,471.97,861.38,608.48,0.15,21.09,Cash,Partner,S. Rossi,USD
14104,3,3911.112,-381.048,1138,Lucas Rahmani,8/30/2023,Tablet,Electronic,France,Paris,717.9,1448.56,1190.46,0.1,2.88,Cash,Online,A. Johnson,MAD
14105,5,5664.6,1714.29,1399,Sara Lopez,1/9/2024,Tablet,Tech,Germany,Berlin,527.03,1416.15,681.07,0.2,17.93,Bank Transfer,Online,A. Johnson,USD
14106,3,505.272,33.502,1310,Sara Rahmani,11/4/2023,Laptop,Tech,France,Paris,94.89,210.53,110.3,0.2,45.98,Cash,Online,S. Rossi,MAD
14107,7,5705.406,2110.826,1235,Mariam Smith,1/24/2024,Keyboard,Tech,Spain,Madrid,983.78,905.62,372.12,0.1,5.96,Bank Transfer,Online,L. Martin,MAD
14108,7,1596.8015,187.3415,2752,John Benali,8/26/2023,Tablet,Electronic,Morocco,Casablanca,250.83,268.37,162.46,0.15,21.41,Credit Card,Partner,A. Johnson,EUR
14109,7,6576.003,348.883,2628,Ali Dubois,7/26/2023,Tablet,Electronic,USA,New York,606.31,1043.81,799.96,0.1,21.09,Bank Transfer,Retail,S. Rossi,USD
14110,6,2141.133,772.403,1977,Youssef Rossi,10/11/2023,Tablet,Electronic,Germany,Berlin,233.98,419.83,187.71,0.15,8.49,Crypto,Partner,Unknown,USD
14111,1,226.8395,31.1495,1005,Youssef Rahmani,2/18/2025,Mouse,Electronic,France,Paris,27.18,266.87,129.84,0.15,38.67,PayPal,Partner,M. Lopez,MAD
14112,7,5277.307,930.957,1206,Noah Ibrahim,7/24/2023,Phone,Tech,Spain,Madrid,591.53,793.58,533.39,0.05,21.09,Cash,Online,Unknown,USD
14113,7,2839.256,399.926,1132,Mariam Chen,4/25/2023,Laptop,Tech,USA,New York,531.67,507.01,270.02,0.2,17.52,Bank Transfer,Partner,A. Johnson,MAD
14114,3,1728.702,-283.498,2150,Noah Chen,11/4/2023,Headphone,Electronic,France,Paris,270.27,640.26,571.26,0.1,28.15,PayPal,Direct,L. Martin,MAD
14115,5,3265.5,-97.42,2702,John Silva,12/1/2024,Keyboard,Tech,UAE,Dubai,525.55,653.1,560.16,0,36.57,PayPal,Online,Unknown,MAD
14116,1,1209.2015,-107.0985,1010,Mariam Rahmani,3/23/2024,Keyboard,Electronic,France,Paris,212.6,1422.59,1071.55,0.15,32.15,Credit Card,Direct,S. Rossi,USD
14117,1,924.069,193.229,1572,Sara Silva,4/25/2025,Mouse,Electronic,USA,New York,66.82,1087.14,641.1,0.15,22.92,Crypto,Direct,L. Martin,USD
14118,3,3528.129,723.349,1370,John Haddad,5/15/2025,Headphone,Gadgets,France,Paris,605.71,1383.58,725.57,0.15,22.36,Credit Card,Partner,L. Martin,EUR
14119,4,968.72,209.51,1147,Luis Khan,8/29/2024,Mouse,Gadgets,USA,New York,167.92,242.18,139.13,0,34.77,Crypto,Online,A. Johnson,MAD
14120,4,3603.932,695.802,1433,Mariam Rossi,2/3/2023,Keyboard,Gadgets,Morocco,Casablanca,611.1,1059.98,569.79,0.15,17.87,Bank Transfer,Retail,A. Johnson,MAD
14121,2,1288.821,-92.349,1957,Emma Kowalski,6/7/2024,Keyboard,Tech,France,Paris,213.27,758.13,569.55,0.15,28.8,Credit Card,Direct,Unknown,MAD
14122,6,2756.64,1100.05,1080,Sofia Rossi,3/4/2025,Laptop,Electronic,Spain,Madrid,417.82,459.44,205.97,0,2.95,Credit Card,Online,Unknown,USD
14123,6,4668.138,-322.782,2732,Maria Benali,4/26/2023,Headphone,Electronic,France,Paris,915.82,864.47,672.05,0.1,42.8,Credit Card,Online,S. Rossi,MAD
14124,6,5831.76,923.88,2235,John Dubois,2/23/2023,Monitor,Electronic,Morocco,Casablanca,1036.18,971.96,640.2,0,30.5,Credit Card,Online,K. Haddad,USD
14125,3,2027.7,366.43,2358,Maria Rahmani,5/16/2023,Laptop,Tech,USA,New York,160.63,751,496,0.1,12.64,Cash,Partner,A. Johnson,USD
14126,1,965.941,-131.809,1636,Sara Kowalski,11/28/2023,Mouse,Electronic,Germany,Berlin,174.7,1016.78,899.32,0.05,23.73,Bank Transfer,Online,Unknown,MAD
14127,5,1494.3,33.53,1289,John Dubois,7/21/2023,Keyboard,Electronic,USA,New York,246.93,351.6,239.36,0.15,17.04,Credit Card,Retail,A. Johnson,EUR
14128,2,1564.98,423.19,1881,Fatima Smith,4/27/2023,Monitor,Electronic,USA,New York,142.09,782.49,496,0,7.7,PayPal,Retail,A. Johnson,USD
14129,4,801.618,-28.842,1754,John Lopez,4/8/2023,Phone,Tech,UAE,Dubai,81.23,235.77,181.36,0.15,23.79,Cash,Retail,L. Martin,EUR
14130,4,5712.8,41.33,1255,Ali Rossi,11/6/2024,Monitor,Tech,Morocco,Casablanca,931.38,1428.2,1179.64,0,21.53,PayPal,Partner,S. Rossi,USD
14131,1,904.293,92.303,1823,John Smith,8/19/2024,Mouse,Tech,France,Paris,0,1004.77,783.06,0.1,28.93,Bank Transfer,Online,Unknown,USD
14132,7,3646.02,1507.66,2000,Noah Silva,1/30/2025,Phone,Tech,Morocco,Casablanca,344.35,520.86,251.26,0,35.19,PayPal,Online,M. Lopez,EUR
14133,5,1902.95,704.69,1618,Ahmed Garcia,7/26/2023,Laptop,Gadgets,Germany,Berlin,118.52,380.59,211.03,0,24.59,Crypto,Partner,Unknown,MAD
14134,3,3296.64,1350.98,1330,Noah Chen,3/9/2023,Tablet,Electronic,USA,New York,313.64,1292.8,532.13,0.15,35.63,Cash,Retail,Unknown,MAD
14135,2,2965.88,1329.58,2099,John Smith,5/31/2023,Mouse,Tech,Morocco,Casablanca,0,1482.94,793.54,0,49.22,Bank Transfer,Online,K. Haddad,MAD
14136,4,1693.248,163.688,2263,Mariam Smith,6/5/2025,Mouse,Tech,France,Paris,235.33,529.14,318.05,0.2,22.03,Credit Card,Partner,S. Rossi,USD
14137,4,875.52,70.93,2507,Mariam Chen,2/12/2023,Monitor,Electronic,UAE,Dubai,77.7,273.6,171.34,0.2,41.53,PayPal,Direct,M. Lopez,MAD
14138,7,3470.1695,-315.4605,2148,Sofia Kowalski,4/15/2023,Phone,Electronic,France,Paris,293.17,521.83,496,0.05,20.46,Bank Transfer,Partner,Unknown,USD
14139,5,2838.6,638.5,1852,Nora Lopez,4/27/2023,Laptop,Tech,UAE,Dubai,489.63,567.72,339.74,0,11.77,Cash,Partner,Unknown,MAD
14140,4,4374.78,476.24,1654,Ali Dubois,4/24/2025,Smartphone,Electronic,USA,New York,746.45,1286.7,777.63,0.15,41.57,Credit Card,Retail,Unknown,MAD
14141,1,258.345,49.975,1127,Youssef Dubois,8/5/2023,Headphone,Electronic,UAE,Dubai,37.2,287.05,142.96,0.1,28.21,Credit Card,Partner,Unknown,USD
14142,7,8194.5955,1139.9355,2997,Youssef Haddad,7/10/2024,Headphone,Tech,USA,New York,619.01,1232.27,919.14,0.05,1.67,Cash,Online,K. Haddad,USD
14143,4,4843.504,1414.624,2130,Fatima Ibrahim,2/19/2025,Phone,Tech,USA,New York,841.16,1424.56,642.11,0.15,19.28,Cash,Online,L. Martin,EUR
14144,5,6218.9,668.75,1234,John Haddad,11/23/2023,Smartphone,Electronic,USA,New York,413.49,1243.78,1025.99,0,6.71,Bank Transfer,Retail,M. Lopez,MAD
14145,4,2597.528,812.868,1810,Noah Ibrahim,5/7/2024,Mouse,Electronic,Spain,Madrid,404.19,683.56,337.36,0.05,31.03,Cash,Partner,A. Johnson,MAD
14146,1,1175.416,323.756,1802,Emma Garcia,12/15/2023,Tablet,Electronic,Spain,Madrid,188.51,1469.27,642.06,0.2,21.09,Bank Transfer,Retail,Unknown,USD
14147,3,3142.071,931.401,1081,Youssef Kowalski,4/6/2025,Laptop,Gadgets,Morocco,Casablanca,359.43,1163.73,601.01,0.1,48.21,Crypto,Online,A. Johnson,EUR
14148,5,3816.5425,1354.8025,1718,Nora Benali,3/6/2023,Headphone,Gadgets,Morocco,Casablanca,592.83,898.01,370.52,0.15,16.31,Credit Card,Direct,Unknown,MAD
14149,7,3287.466,388.526,1154,Lucas Chen,7/25/2023,Headphone,Tech,Morocco,Casablanca,481.23,521.82,342.61,0.1,19.44,Bank Transfer,Online,M. Lopez,USD
14150,7,4771.809,589.199,1527,Mariam Benali,7/10/2024,Mouse,Gadgets,Morocco,Casablanca,874.19,757.43,467.47,0.1,36.13,Credit Card,Retail,S. Rossi,EUR
14151,2,2193.88,740.73,2535,John Silva,2/13/2023,Laptop,Gadgets,Germany,Berlin,118.54,1096.94,656.76,0,21.09,Credit Card,Online,L. Martin,MAD
14152,5,6149.1125,-10.1375,1270,Lucas Haddad,7/31/2023,Laptop,Tech,Morocco,Casablanca,673.4,1294.55,1093.15,0.05,20.1,Cash,Retail,L. Martin,USD
14153,2,677.952,147.692,2319,Mariam Silva,8/1/2023,Tablet,Electronic,USA,New York,61.3,423.72,223.82,0.2,21.32,Bank Transfer,Online,M. Lopez,USD
14154,6,2790.192,-637.218,1397,Ahmed Lopez,4/12/2025,Headphone,Electronic,Morocco,Casablanca,327.14,581.29,515.48,0.2,7.39,Crypto,Online,S. Rossi,USD
14155,3,1125.738,427.588,2376,Nora Rahmani,1/6/2024,Tablet,Tech,USA,New York,158.93,416.94,172.71,0.1,21.09,Credit Card,Direct,K. Haddad,MAD
14156,7,6664.84,2012.64,2320,Noah Ibrahim,12/18/2023,Phone,Tech,Morocco,Casablanca,1241,952.12,484.95,0,16.55,Bank Transfer,Online,Unknown,MAD
14157,3,1685.367,503.527,1869,Maria Ibrahim,3/24/2024,Mouse,Tech,Spain,Madrid,245.58,624.21,310.1,0.1,5.96,Credit Card,Online,L. Martin,USD
14158,5,-3580.92,-6675.86,2247,Emma Silva,5/31/2024,Headphone,Electronic,Morocco,Casablanca,313.45,-795.76,555.42,0.1,4.39,Bank Transfer,Retail,Unknown,USD
14159,1,1075.92,192.93,2207,Youssef Chen,12/25/2024,Laptop,Gadgets,Germany,Berlin,130.8,1075.92,703.4,0,48.79,PayPal,Direct,A. Johnson,USD
14160,5,1709.095,319.315,1834,Ali Garcia,11/16/2024,Headphone,Tech,France,Paris,341.6,402.14,205.58,0.15,20.28,PayPal,Retail,M. Lopez,USD
14161,2,911.54,111.29,2256,Ahmed Benali,5/28/2024,Laptop,Tech,Morocco,Casablanca,168.41,536.2,310.22,0.15,11.4,Credit Card,Online,S. Rossi,EUR
14162,7,2890.755,49.215,1337,Fatima Dubois,3/28/2025,Phone,Electronic,Spain,Madrid,462.64,434.7,337.2,0.05,18.5,Cash,Partner,S. Rossi,EUR
14163,5,1718.775,155.005,2703,Noah Garcia,5/21/2025,Laptop,Gadgets,USA,New York,208.76,381.95,266.43,0.1,22.86,PayPal,Retail,K. Haddad,USD
14164,1,1419.49,134.87,1109,Fatima Rossi,2/10/2024,Mouse,Tech,Morocco,Casablanca,87.29,1419.49,1167.76,0,29.57,Cash,Direct,S. Rossi,USD
14165,4,2221.518,842.458,1812,Fatima Chen,6/5/2025,Phone,Gadgets,Morocco,Casablanca,286.48,584.61,271.18,0.05,7.86,PayPal,Online,A. Johnson,EUR
14166,1,610.688,-138.422,1912,Sara Lopez,11/11/2024,Laptop,Tech,Germany,Berlin,92.04,763.36,624.61,0.2,32.46,Credit Card,Retail,S. Rossi,USD
14167,7,5793.8125,2953.4025,1771,Luis Kowalski,3/29/2023,Keyboard,Electronic,Germany,Berlin,0,973.75,402.76,0.15,21.09,Cash,Partner,L. Martin,USD
14168,7,7374.85,1199.66,1780,John Smith,11/22/2023,Headphone,Tech,Germany,Berlin,532.19,1109,801.61,0.05,31.73,PayPal,Retail,S. Rossi,EUR
14169,3,2524.3725,288.2325,2272,Lucas Khan,12/10/2024,Smartphone,Tech,Morocco,Casablanca,135.94,989.95,694.39,0.15,17.03,Credit Card,Retail,M. Lopez,USD
14170,1,1225.458,453.258,2670,Mariam Benali,3/28/2025,Tablet,Gadgets,Morocco,Casablanca,122.76,1361.62,647.78,0.1,1.66,PayPal,Direct,K. Haddad,EUR
14171,7,8324.12,2013.81,2017,Nora Smith,4/6/2023,Monitor,Gadgets,UAE,Dubai,892.38,1189.16,772.35,0,11.48,Credit Card,Partner,Unknown,MAD
14172,5,-4728.24,-10018.77,1883,Lucas Dubois,3/24/2023,Tablet,Gadgets,Morocco,Casablanca,848.36,-1182.06,886.14,0.2,11.47,Credit Card,Online,S. Rossi,USD
14173,1,984.8185,-127.6615,1599,Fatima Garcia,3/24/2023,Monitor,Electronic,Germany,Berlin,166.21,1158.61,945.1,0.15,1.17,PayPal,Online,Unknown,MAD
14174,1,263.709,-280.901,1743,Sara Smith,6/5/2025,Smartphone,Tech,USA,New York,47.53,293.01,496,0.1,1.08,Credit Card,Online,A. Johnson,USD
14175,5,3657.96,-697.83,2982,Nora Kowalski,10/9/2023,Keyboard,Tech,France,Paris,525.69,914.49,761.46,0.2,22.8,Crypto,Online,A. Johnson,MAD
14176,3,3359.5515,881.8715,2613,Mariam Ibrahim,1/30/2023,Laptop,Tech,Germany,Berlin,323.71,1178.79,715.84,0.05,6.45,Credit Card,Retail,Unknown,EUR
14177,7,8021.6115,-769.6885,2433,John Smith,2/18/2023,Keyboard,Tech,Germany,Berlin,616.93,1348.17,1165.45,0.15,16.22,Credit Card,Direct,Unknown,USD
14178,2,1465.366,268.386,1027,Noah Silva,9/16/2023,Tablet,Electronic,France,Paris,107.51,861.98,542.24,0.15,4.99,Bank Transfer,Direct,S. Rossi,USD
14179,7,5855.724,396.804,1115,Fatima Smith,2/16/2023,Laptop,Gadgets,France,Paris,1013.23,880.56,634.34,0.05,5.31,Credit Card,Partner,Unknown,USD
14180,5,3401.4,350.58,1799,Maria Kowalski,1/2/2023,Keyboard,Tech,Spain,Madrid,541.94,680.28,499.57,0,11.03,Credit Card,Direct,S. Rossi,EUR
14181,2,1090.805,-109.385,1915,Sara Kowalski,8/16/2023,Keyboard,Electronic,USA,New York,82.91,641.65,551.36,0.15,14.56,Credit Card,Partner,K. Haddad,USD
14182,7,6985.552,2504.912,1979,Mariam Haddad,3/25/2023,Headphone,Tech,France,Paris,498.8,1247.42,564.38,0.2,31.18,Credit Card,Online,K. Haddad,EUR
14183,7,992.698,252.228,1586,Mariam Garcia,5/8/2023,Monitor,Electronic,Morocco,Casablanca,133.81,166.84,83.09,0.15,25.03,Cash,Online,Unknown,USD
14184,2,2789.903,855.693,1211,Youssef Chen,6/9/2024,Mouse,Tech,UAE,Dubai,380.72,1468.37,766.2,0.05,21.09,Bank Transfer,Online,K. Haddad,EUR
14185,6,737.568,-2363.792,2898,Lucas Kowalski,1/16/2023,Laptop,Electronic,Morocco,Casablanca,81.56,153.66,496,0.2,43.8,Crypto,Online,A. Johnson,USD
14186,2,425.568,112.518,1977,Youssef Lopez,5/28/2025,Laptop,Electronic,Morocco,Casablanca,39.87,265.98,120.83,0.2,31.52,Cash,Partner,Unknown,MAD
14187,1,443.016,118.676,2183,Fatima Kowalski,3/28/2023,Laptop,Gadgets,Morocco,Casablanca,65.94,492.24,240.45,0.1,17.95,PayPal,Direct,M. Lopez,USD
14188,1,80.563,-15.507,2273,Sofia Garcia,10/27/2024,Headphone,Electronic,Germany,Berlin,15.64,94.78,74.98,0.15,5.45,Bank Transfer,Online,Unknown,USD
14189,5,6207.75,2561,1318,Luis Silva,3/23/2023,Mouse,Electronic,UAE,Dubai,566.8,1241.55,609.27,0,33.6,Bank Transfer,Retail,K. Haddad,USD
14190,4,3971.124,2076.244,2736,Fatima Rahmani,12/29/2023,Smartphone,Tech,Morocco,Casablanca,0,1103.09,464.91,0.1,35.24,Credit Card,Partner,L. Martin,EUR
14191,6,2257.104,-571.136,1646,Leo Lopez,5/13/2025,Laptop,Tech,UAE,Dubai,447.61,470.23,394.27,0.2,15.01,Credit Card,Partner,A. Johnson,USD
14192,6,3264.255,86.845,1792,Nora Haddad,4/18/2023,Tablet,Electronic,USA,New York,180.01,640.05,496,0.15,21.4,Credit Card,Retail,A. Johnson,USD
14193,1,27.774,-474.586,2932,Noah Haddad,12/28/2023,Monitor,Electronic,UAE,Dubai,4.57,30.86,496,0.1,1.79,Crypto,Direct,S. Rossi,USD
14194,1,234.82,31.1,2059,Sofia Benali,5/9/2024,Headphone,Tech,UAE,Dubai,25.16,234.82,150.16,0,28.4,Credit Card,Online,K. Haddad,MAD
14195,4,2071.114,-40.636,1240,Ahmed Dubois,2/11/2025,Tablet,Electronic,USA,New York,227.67,545.03,470.37,0.05,2.6,Crypto,Direct,A. Johnson,EUR
14196,1,1210.83,154.13,2172,Leo Kowalski,5/30/2023,Keyboard,Tech,Spain,Madrid,213.67,1210.83,834.49,0,8.54,Cash,Retail,S. Rossi,USD
14197,6,2152.035,406.585,1013,Lucas Kowalski,10/27/2023,Keyboard,Tech,Spain,Madrid,0,377.55,287.86,0.05,18.29,Credit Card,Partner,L. Martin,USD
14198,7,285.838,19.548,2918,Emma Rahmani,11/29/2023,Mouse,Gadgets,Morocco,Casablanca,27.95,48.04,29.27,0.15,33.45,Bank Transfer,Retail,Unknown,MAD
14199,7,8060.157,-289.913,2804,John Dubois,3/1/2025,Phone,Tech,USA,New York,1133.82,1279.39,1028.3,0.1,18.15,PayPal,Online,S. Rossi,USD
14200,2,1344.384,170.144,2701,Youssef Haddad,6/6/2023,Monitor,Gadgets,Morocco,Casablanca,240.97,746.88,456.09,0.1,21.09,Crypto,Online,K. Haddad,USD
14201,2,692.733,-75.747,2159,Mariam Chen,9/9/2023,Laptop,Tech,Morocco,Casablanca,83.49,407.49,328.36,0.15,28.27,Credit Card,Online,L. Martin,USD
14202,6,4244.544,631.334,2325,Maria Rahmani,4/16/2024,Keyboard,Electronic,UAE,Dubai,248.57,884.28,559.74,0.2,6.2,Bank Transfer,Online,K. Haddad,MAD
14203,7,9183.699,526.649,2210,Sara Rossi,7/31/2023,Mouse,Tech,Germany,Berlin,1411.52,1457.73,1033.82,0.1,8.79,Credit Card,Retail,Unknown,USD
14204,2,2239,461.58,1521,Emma Lopez,12/25/2024,Monitor,Gadgets,France,Paris,302.05,1119.5,727.14,0,21.09,Credit Card,Online,M. Lopez,USD
14205,1,430.806,150.826,1835,John Rossi,5/3/2024,Keyboard,Tech,Morocco,Casablanca,44.1,453.48,202.28,0.05,33.6,Credit Card,Direct,S. Rossi,USD
14206,6,625.104,-16.376,2371,Emma Benali,6/2/2023,Tablet,Tech,Morocco,Casablanca,102.61,130.23,85.08,0.2,28.39,Credit Card,Online,Unknown,MAD
14207,2,650.56,27.55,1754,Maria Chen,7/18/2024,Tablet,Gadgets,France,Paris,66.07,406.6,274.28,0.2,8.38,Cash,Online,L. Martin,EUR
14208,7,148.82,-13.58,2636,Ali Khan,8/21/2024,Monitor,Gadgets,Spain,Madrid,28.82,21.26,18.63,0,3.17,Bank Transfer,Online,Unknown,USD
14209,4,916.848,27.348,2548,Emma Khan,8/11/2023,Monitor,Tech,France,Paris,165.59,254.68,175.69,0.1,21.15,Bank Transfer,Online,A. Johnson,EUR
14210,7,2829.9075,211.0575,2519,Ahmed Silva,9/2/2023,Monitor,Tech,UAE,Dubai,158.64,425.55,350.59,0.05,6.08,PayPal,Partner,S. Rossi,EUR
14211,1,1050.0305,336.5705,1896,Noah Garcia,10/22/2023,Monitor,Tech,France,Paris,101.15,1235.33,579.77,0.15,32.54,Cash,Partner,K. Haddad,MAD
14212,4,3301.162,690.792,2876,Sara Kowalski,1/2/2023,Keyboard,Electronic,Morocco,Casablanca,392.45,970.93,542.06,0.15,49.68,Credit Card,Direct,Unknown,EUR
14213,1,1117.523,-21.537,1042,John Garcia,5/18/2023,Smartphone,Electronic,USA,New York,159.35,1176.34,958.62,0.05,21.09,Credit Card,Online,Unknown,USD
14214,5,7185.8,3237.26,2221,Ahmed Rossi,7/21/2023,Laptop,Electronic,USA,New York,423.97,1437.16,699.1,0,29.07,PayPal,Partner,K. Haddad,MAD
14215,2,442.458,23.348,1467,Maria Rahmani,5/22/2024,Laptop,Electronic,Morocco,Casablanca,75.63,245.81,155.32,0.1,32.84,PayPal,Partner,S. Rossi,USD
14216,6,1744.884,420.214,1536,Youssef Rossi,7/31/2024,Tablet,Tech,Spain,Madrid,160.63,306.12,186.38,0.05,45.76,Crypto,Retail,A. Johnson,EUR
14217,3,1025.202,403.602,1630,Fatima Kowalski,6/14/2023,Tablet,Gadgets,France,Paris,70.76,359.72,169.41,0.05,42.61,Bank Transfer,Partner,S. Rossi,EUR
14218,1,1145.1285,-246.5315,2568,Nora Rahmani,10/26/2023,Laptop,Electronic,UAE,Dubai,165.65,1347.21,1206.38,0.15,19.63,Bank Transfer,Direct,Unknown,MAD
14219,3,1236.357,-46.803,1543,Ali Rossi,5/5/2024,Tablet,Tech,Germany,Berlin,69.98,457.91,403.62,0.1,2.32,Credit Card,Direct,K. Haddad,MAD
14220,5,970.6,416.72,2945,Ahmed Rossi,12/13/2024,Keyboard,Tech,USA,New York,61.78,194.12,91.58,0,34.2,Credit Card,Partner,S. Rossi,USD
14221,2,1907.942,568.322,2362,Leo Lopez,9/20/2024,Headphone,Tech,Morocco,Casablanca,319.36,1004.18,507.02,0.05,6.22,PayPal,Partner,A. Johnson,USD
14222,6,6915.96,3555.36,2277,Sofia Ibrahim,7/22/2023,Mouse,Tech,Morocco,Casablanca,346.05,1152.66,496,0,38.55,Credit Card,Partner,L. Martin,USD
14223,5,633.365,73.545,2311,Fatima Kowalski,10/14/2024,Keyboard,Gadgets,Morocco,Casablanca,68.69,133.34,92.35,0.05,29.38,Credit Card,Direct,L. Martin,EUR
14224,1,226.6225,-32.9075,1500,Lucas Smith,10/15/2024,Headphone,Gadgets,Germany,Berlin,33.19,238.55,193.84,0.05,32.5,Cash,Retail,K. Haddad,USD
14225,5,2334.3,854.11,1497,Leo Silva,5/12/2024,Monitor,Electronic,France,Paris,333.45,466.86,225.13,0,21.09,Credit Card,Partner,L. Martin,EUR
14226,2,1708.109,441.749,1979,Sara Ibrahim,9/26/2024,Tablet,Electronic,Morocco,Casablanca,201.13,1004.77,522.07,0.15,21.09,PayPal,Online,L. Martin,EUR
14227,7,4689.58,206.49,2344,Luis Dubois,12/9/2023,Headphone,Gadgets,UAE,Dubai,259.35,705.2,602.81,0.05,4.07,PayPal,Online,Unknown,USD
14228,1,181.7045,-13.6455,1170,Fatima Khan,1/28/2025,Tablet,Gadgets,Spain,Madrid,29.45,213.77,153.58,0.15,12.32,Credit Card,Online,Unknown,MAD
14229,4,1422.758,234.398,2611,Ahmed Rahmani,3/5/2025,Monitor,Electronic,Morocco,Casablanca,139.08,374.41,261.31,0.05,4.04,Credit Card,Online,Unknown,USD
14230,3,3735.03,91.05,1370,Luis Benali,10/26/2024,Mouse,Electronic,USA,New York,508.99,1245.01,1036.37,0,25.88,Credit Card,Retail,Unknown,USD
14231,3,2005.152,524.842,1087,Ali Rossi,4/7/2024,Phone,Gadgets,Germany,Berlin,329.02,835.48,380.59,0.2,9.52,Credit Card,Retail,S. Rossi,MAD
14232,1,846.528,-56.972,1186,Fatima Lopez,12/13/2024,Mouse,Electronic,Morocco,Casablanca,0,1058.16,877.67,0.2,25.83,Credit Card,Retail,M. Lopez,EUR
14233,5,4794.525,-137.735,2435,Nora Khan,9/2/2024,Monitor,Electronic,Germany,Berlin,507.65,1065.45,881.56,0.1,16.81,Credit Card,Direct,Unknown,USD
14234,1,903.992,-30.428,2990,Youssef Haddad,12/29/2024,Headphone,Electronic,Germany,Berlin,109.51,1063.52,816.57,0.15,8.34,Credit Card,Online,Unknown,USD
14235,2,394.308,-688.182,1930,John Chen,10/26/2024,Keyboard,Electronic,Morocco,Casablanca,69.4,219.06,496,0.1,21.09,Cash,Retail,L. Martin,EUR
14236,5,536.32,198.17,1585,Sofia Khan,6/20/2023,Headphone,Gadgets,Germany,Berlin,26.84,134.08,56.64,0.2,28.11,Cash,Partner,M. Lopez,USD
14237,4,4403.44,262.11,1005,Sara Lopez,4/22/2025,Monitor,Electronic,France,Paris,681.56,1100.86,861.97,0,11.89,Crypto,Retail,S. Rossi,MAD
14238,1,208.8365,-22.1835,2269,Maria Dubois,8/27/2023,Headphone,Electronic,Spain,Madrid,23.16,245.69,197.16,0.15,10.7,Bank Transfer,Direct,S. Rossi,USD
14239,1,790.785,198.045,1508,Leo Rossi,9/17/2023,Laptop,Tech,Spain,Madrid,81.31,878.65,501,0.1,10.43,PayPal,Partner,M. Lopez,MAD
14240,5,5883.3025,-599.9175,1479,Maria Chen,11/21/2023,Mouse,Electronic,France,Paris,944.87,1238.59,1102.44,0.05,26.15,Crypto,Retail,A. Johnson,EUR
14241,6,-7921.86,-11635.93,2399,Leo Silva,8/14/2023,Phone,Electronic,USA,New York,453.91,-1320.31,542.52,0,5.04,Cash,Partner,S. Rossi,EUR
14242,2,2030.157,17.977,2950,Sara Lopez,4/30/2025,Monitor,Gadgets,USA,New York,125.09,1194.21,920.75,0.15,45.59,Bank Transfer,Online,S. Rossi,USD
14243,5,4416.2,508.85,2972,Maria Garcia,12/11/2023,Laptop,Electronic,Germany,Berlin,633.61,1104.05,650.53,0.2,21.09,Cash,Retail,M. Lopez,USD
14244,3,1927.32,150.87,1293,Leo Silva,6/24/2024,Mouse,Tech,France,Paris,359.73,803.05,463.77,0.2,25.41,Crypto,Online,Unknown,USD
14245,1,1083.076,408.606,2892,Youssef Dubois,1/10/2025,Keyboard,Electronic,Spain,Madrid,165.15,1140.08,493.91,0.05,15.41,Credit Card,Online,A. Johnson,USD
14246,6,4574.544,-240.736,2304,Ali Chen,4/13/2025,Headphone,Gadgets,Morocco,Casablanca,711.16,953.03,682.75,0.2,7.62,Cash,Partner,L. Martin,EUR
14247,3,3769.497,2232.927,2370,Emma Smith,5/12/2025,Smartphone,Electronic,Morocco,Casablanca,0,1396.11,496,0.1,48.57,Cash,Online,Unknown,EUR
14248,1,698.4115,-39.5985,2475,Emma Benali,8/17/2024,Laptop,Electronic,UAE,Dubai,98.3,735.17,636.38,0.05,3.33,Credit Card,Online,Unknown,EUR
14249,3,1587.84,586.32,2623,Ahmed Silva,2/14/2024,Phone,Electronic,USA,New York,195.84,529.28,261.53,0,21.09,Cash,Partner,M. Lopez,EUR
14250,1,371.52,-59.89,1260,Mariam Garcia,11/20/2024,Laptop,Electronic,UAE,Dubai,0,464.4,410.32,0.2,21.09,Crypto,Direct,S. Rossi,MAD
14251,6,7017.957,-660.393,1839,Ahmed Ibrahim,12/1/2023,Laptop,Gadgets,Morocco,Casablanca,389.67,1376.07,1208.33,0.15,38.7,Crypto,Retail,A. Johnson,USD
14252,4,1475.124,298.784,2115,Youssef Chen,12/27/2023,Mouse,Tech,Morocco,Casablanca,161.52,433.86,250.56,0.15,12.58,Credit Card,Retail,S. Rossi,USD
14253,5,5991.95,2006.14,2939,Mariam Khan,5/2/2025,Laptop,Tech,USA,New York,560.12,1198.39,680.09,0,25.24,Bank Transfer,Online,A. Johnson,MAD
14254,2,1495.206,541.726,2241,Maria Rossi,12/2/2024,Mouse,Tech,France,Paris,0,830.67,458.27,0.1,36.94,Bank Transfer,Direct,S. Rossi,USD
14255,2,1529.28,-135.43,1152,Ahmed Rahmani,6/27/2024,Headphone,Tech,UAE,Dubai,288.58,849.6,681.2,0.1,13.73,Bank Transfer,Online,A. Johnson,EUR
14256,5,2660.31,276.9,2427,Lucas Khan,12/2/2024,Tablet,Gadgets,Morocco,Casablanca,234.36,591.18,421.17,0.1,43.2,Crypto,Online,L. Martin,USD
14257,3,3558.546,1447.376,1966,Fatima Lopez,8/9/2023,Mouse,Electronic,Morocco,Casablanca,595.03,1317.98,496,0.1,28.14,PayPal,Retail,M. Lopez,USD
14258,4,769.5,170.09,2136,Emma Dubois,8/5/2024,Laptop,Tech,Spain,Madrid,133.57,202.5,107.09,0.05,37.48,PayPal,Retail,A. Johnson,USD
14259,5,6095.1375,-43.1725,1934,Nora Kowalski,2/7/2025,Smartphone,Gadgets,USA,New York,1067.3,1434.15,1013.6,0.15,3.01,Bank Transfer,Partner,L. Martin,USD
14260,1,1180.8115,-262.9585,1425,Youssef Silva,3/13/2023,Tablet,Tech,UAE,Dubai,173.72,1389.19,1237.54,0.15,32.51,Bank Transfer,Partner,A. Johnson,EUR
14261,3,3295.485,303.835,1947,Mariam Silva,2/9/2025,Headphone,Gadgets,Morocco,Casablanca,321.72,1220.55,887.74,0.1,6.71,Bank Transfer,Online,L. Martin,USD
14262,6,6964.458,-802.352,1501,Youssef Lopez,11/3/2023,Tablet,Gadgets,Germany,Berlin,775.71,1365.58,1163.57,0.15,9.68,Bank Transfer,Retail,K. Haddad,MAD
14263,1,982.2515,206.2415,1389,Maria Benali,11/30/2023,Tablet,Tech,France,Paris,132.42,1155.59,596.8,0.15,46.79,Crypto,Direct,A. Johnson,EUR
14264,5,4710.1,411.74,1780,Luis Dubois,11/25/2023,Mouse,Tech,France,Paris,421.79,942.02,766.05,0,46.32,PayPal,Partner,M. Lopez,USD
14265,1,817.258,182.378,2982,Sara Smith,7/8/2023,Phone,Electronic,France,Paris,108.98,961.48,503.16,0.15,22.74,Bank Transfer,Partner,L. Martin,USD
14266,6,5685.876,193.716,2992,Sofia Benali,6/18/2024,Phone,Electronic,Germany,Berlin,840.52,1052.94,772.24,0.1,18.2,Credit Card,Partner,Unknown,EUR
14267,4,493.44,175.3,1304,Lucas Silva,7/4/2023,Headphone,Tech,Germany,Berlin,83.96,123.36,57.56,0,3.94,PayPal,Partner,M. Lopez,USD
14268,6,7557.003,-24.467,1340,Ali Khan,8/26/2024,Laptop,Electronic,USA,New York,513.72,1325.79,1174.87,0.05,18.53,Credit Card,Partner,A. Johnson,MAD
14269,1,373.689,-40.181,2732,Ahmed Benali,12/12/2024,Monitor,Tech,Morocco,Casablanca,57.76,415.21,335.02,0.1,21.09,Cash,Online,K. Haddad,MAD
14270,2,452.115,-76.435,1614,Emma Dubois,5/2/2024,Smartphone,Electronic,Spain,Madrid,51.1,265.95,235.36,0.15,6.73,Crypto,Retail,Unknown,EUR
14271,2,1644.56,-257.69,2339,Ali Smith,12/5/2024,Phone,Electronic,Morocco,Casablanca,103.3,1027.85,899.33,0.2,0.29,Bank Transfer,Direct,A. Johnson,EUR
14272,6,4205.184,958.524,1858,Emma Ibrahim,3/17/2024,Keyboard,Electronic,Germany,Berlin,256.78,876.08,496,0.2,13.88,Cash,Retail,Unknown,USD
14273,4,3170.682,1455.542,1441,Luis Kowalski,3/5/2025,Mouse,Gadgets,Spain,Madrid,300.78,834.39,341.75,0.05,47.36,Cash,Partner,L. Martin,EUR
14274,7,2155.041,673.491,1367,Sofia Rossi,4/30/2024,Headphone,Electronic,Germany,Berlin,239.24,342.07,174.46,0.1,21.09,Crypto,Direct,A. Johnson,USD
14275,3,3005.097,904.337,2910,Mariam Garcia,2/9/2025,Mouse,Tech,Spain,Madrid,177.95,1054.42,636.35,0.05,13.76,Credit Card,Retail,S. Rossi,EUR
14276,3,2224.152,-489.388,1564,Mariam Benali,3/22/2025,Smartphone,Electronic,USA,New York,284.03,926.73,796.93,0.2,38.72,Credit Card,Partner,K. Haddad,MAD
14277,6,288.738,31.708,2087,Noah Dubois,3/3/2024,Monitor,Electronic,UAE,Dubai,21.4,53.47,33.8,0.1,32.83,Credit Card,Partner,Unknown,MAD
14278,6,8459.427,668.487,1011,Youssef Smith,4/10/2024,Tablet,Electronic,Spain,Madrid,998.39,1484.11,1126.03,0.05,36.37,Credit Card,Direct,L. Martin,EUR
14279,2,151.938,20.798,2062,Emma Garcia,6/26/2024,Headphone,Tech,USA,New York,19.24,84.41,34.33,0.1,43.24,Credit Card,Online,Unknown,USD
14280,7,775.11,275.09,2506,Emma Chen,2/20/2024,Mouse,Tech,Germany,Berlin,0,110.73,68.25,0,22.27,Crypto,Online,A. Johnson,USD
14281,7,7900.928,604.048,2435,Sofia Dubois,7/27/2024,Keyboard,Tech,Spain,Madrid,1390.08,1410.88,843.59,0.2,1.67,Credit Card,Direct,Unknown,USD
14282,6,1153.71,132.56,1172,Luis Haddad,2/20/2024,Phone,Gadgets,Germany,Berlin,81.65,213.65,150.08,0.1,39.02,Credit Card,Retail,S. Rossi,USD
14283,1,935.784,-50.266,1069,Luis Ibrahim,11/23/2024,Tablet,Electronic,UAE,Dubai,79.99,1169.73,860.69,0.2,45.37,Bank Transfer,Retail,L. Martin,USD
14284,1,802.59,219.72,2266,Ahmed Kowalski,3/24/2025,Laptop,Tech,Germany,Berlin,81.81,802.59,495.11,0,5.95,Crypto,Retail,S. Rossi,EUR
14285,1,205.39,50.74,1332,Ali Smith,6/23/2023,Tablet,Gadgets,Spain,Madrid,13.63,205.39,107.32,0,33.7,Credit Card,Direct,Unknown,EUR
14286,2,539.568,-58.672,2089,Fatima Garcia,4/11/2023,Laptop,Tech,Morocco,Casablanca,71.92,337.23,249.95,0.2,26.42,Bank Transfer,Direct,Unknown,USD
14287,6,2929.2,764.32,1642,Youssef Rahmani,5/4/2024,Keyboard,Gadgets,France,Paris,349.45,488.2,294.36,0,49.27,Bank Transfer,Online,K. Haddad,EUR
14288,1,1234.6865,459.7465,1808,Ahmed Silva,6/28/2023,Headphone,Tech,Spain,Madrid,224.28,1299.67,522.97,0.05,27.69,Cash,Partner,Unknown,MAD
14289,3,1277.964,-429.126,1403,Luis Silva,4/12/2024,Tablet,Tech,Germany,Berlin,198,473.32,496,0.1,21.09,Credit Card,Online,Unknown,USD
14290,7,8222.193,-103.157,1987,Mariam Kowalski,3/23/2025,Mouse,Gadgets,France,Paris,544.83,1236.42,1104.69,0.05,47.69,Credit Card,Online,S. Rossi,EUR
14291,6,5614.692,519.882,2611,Sara Smith,6/24/2023,Tablet,Electronic,Morocco,Casablanca,1041.17,1100.92,668.12,0.15,44.92,Crypto,Online,S. Rossi,USD
14292,4,1678.12,190.54,1042,John Dubois,4/5/2024,Tablet,Tech,USA,New York,117.2,419.53,342.3,0,1.18,Credit Card,Online,Unknown,EUR
14293,1,316.236,14.426,1065,Ahmed Chen,1/23/2024,Tablet,Tech,UAE,Dubai,53.45,332.88,241.25,0.05,7.11,PayPal,Retail,Unknown,USD
14294,5,5392.0575,-195.9525,1891,Noah Dubois,1/20/2023,Keyboard,Gadgets,Spain,Madrid,504.64,1135.17,1012.52,0.05,20.77,Credit Card,Direct,K. Haddad,EUR
14295,3,3739.1415,1046.4115,2308,Mariam Lopez,7/1/2024,Keyboard,Electronic,Morocco,Casablanca,746.39,1466.33,638.01,0.15,32.31,Bank Transfer,Online,S. Rossi,USD
14296,5,4368.48,1319.98,1645,John Garcia,10/17/2024,Laptop,Gadgets,Morocco,Casablanca,740.25,1092.12,459.77,0.2,9.4,Cash,Partner,S. Rossi,MAD
14297,5,5533.96,-316.61,1448,Sofia Khan,9/23/2023,Tablet,Electronic,USA,New York,945.43,1383.49,980.35,0.2,3.39,PayPal,Online,S. Rossi,USD
14298,2,1456.38,346.71,2579,Mariam Ibrahim,6/2/2025,Keyboard,Electronic,Morocco,Casablanca,227.44,809.1,437,0.1,8.23,Crypto,Online,S. Rossi,EUR
14299,5,5639.9,503.23,1800,Youssef Khan,6/29/2023,Laptop,Electronic,USA,New York,828.71,1127.98,860.13,0,7.31,Crypto,Online,L. Martin,USD
14300,3,1334.0565,466.3065,2317,Sofia Silva,1/28/2024,Laptop,Tech,Morocco,Casablanca,196.99,468.09,218.14,0.05,16.34,Crypto,Online,Unknown,MAD
14301,2,745.144,-29.566,2507,Lucas Dubois,1/27/2023,Smartphone,Gadgets,Germany,Berlin,121.01,438.32,304.41,0.15,44.88,Cash,Online,L. Martin,USD
14302,7,869.8865,221.7265,1856,John Smith,3/21/2024,Smartphone,Tech,France,Paris,98.54,130.81,77.69,0.05,5.79,PayPal,Partner,Unknown,USD
14303,1,1020.31,87.36,1651,Youssef Smith,8/27/2024,Mouse,Tech,Morocco,Casablanca,59.31,1020.31,842.58,0,31.06,Credit Card,Online,Unknown,MAD
14304,2,212.466,-29.904,2488,Emma Khan,5/12/2023,Smartphone,Electronic,USA,New York,38.44,124.98,88.12,0.15,27.69,Cash,Direct,Unknown,USD
14305,6,5187.888,406.738,2979,Maria Lopez,1/29/2023,Monitor,Gadgets,Spain,Madrid,515.72,960.72,703.34,0.1,45.39,Crypto,Partner,K. Haddad,EUR
14306,1,1170.657,-2.213,2548,Luis Smith,4/9/2024,Laptop,Tech,USA,New York,219.77,1300.73,940.34,0.1,12.76,Credit Card,Partner,Unknown,EUR
14307,4,3469.72,1405.6,2806,Fatima Chen,3/28/2025,Mouse,Electronic,Germany,Berlin,581.23,867.43,365.45,0,21.09,Cash,Direct,Unknown,USD
14308,4,2767.192,378.862,2684,Lucas Rossi,4/16/2023,Laptop,Tech,USA,New York,0,813.88,589.66,0.15,29.69,Cash,Online,A. Johnson,MAD
14309,1,760.646,104.316,2708,Lucas Lopez,2/24/2024,Laptop,Electronic,Morocco,Casablanca,110.43,800.68,541.37,0.05,4.53,Credit Card,Direct,M. Lopez,EUR
14310,3,3047.5305,-24.6895,1394,Lucas Ibrahim,2/11/2025,Tablet,Tech,USA,New York,462.13,1195.11,863,0.15,21.09,Bank Transfer,Direct,Unknown,EUR
14311,2,2418.947,146.427,2737,Emma Dubois,3/15/2023,Phone,Gadgets,Morocco,Casablanca,230.32,1273.13,1002.14,0.05,37.92,Credit Card,Partner,M. Lopez,USD
14312,6,8854.56,2911.79,1358,Maria Rahmani,8/30/2023,Keyboard,Electronic,Morocco,Casablanca,985.78,1475.76,823.7,0,14.79,Crypto,Online,Unknown,USD
14313,1,1185.872,-278.978,1328,Mariam Rossi,4/8/2023,Tablet,Electronic,UAE,Dubai,175.19,1482.34,1279.56,0.2,10.1,PayPal,Online,Unknown,EUR
14314,5,3504.69,884.27,1773,Nora Lopez,12/24/2024,Headphone,Electronic,Spain,Madrid,342.58,778.82,452.54,0.1,15.14,PayPal,Partner,A. Johnson,EUR
14315,2,2102.58,364.94,2951,Youssef Haddad,6/27/2023,Keyboard,Electronic,Germany,Berlin,0,1051.29,851.91,0,33.82,Crypto,Partner,K. Haddad,USD
14316,3,1900.05,35,1135,Leo Smith,9/1/2024,Mouse,Electronic,Morocco,Casablanca,259.47,633.35,523.31,0,35.65,Credit Card,Direct,Unknown,MAD
14317,3,167.016,-2.234,1100,Emma Ibrahim,5/27/2023,Laptop,Electronic,UAE,Dubai,28.66,69.59,46.18,0.2,2.05,Crypto,Retail,Unknown,USD
14318,6,3231.462,1122.652,1928,John Chen,12/23/2024,Tablet,Electronic,Morocco,Casablanca,426.26,633.62,273.76,0.15,39.99,Credit Card,Direct,Unknown,USD
14319,1,237.6235,64.2035,1294,Maria Benali,12/20/2024,Laptop,Tech,France,Paris,43.26,250.13,116.96,0.05,13.2,Crypto,Partner,S. Rossi,USD
14320,3,2495.634,241.044,1889,Lucas Rossi,3/28/2023,Monitor,Electronic,USA,New York,255.01,978.68,664.09,0.15,7.31,Credit Card,Partner,Unknown,EUR
14321,3,195.864,-24.176,2528,Emma Benali,10/20/2023,Phone,Electronic,Morocco,Casablanca,37.46,81.61,50.46,0.2,31.2,PayPal,Online,Unknown,USD
14322,6,3915.648,-641.212,2047,Ahmed Rossi,2/28/2023,Smartphone,Electronic,USA,New York,547.41,815.76,660.55,0.2,46.15,Credit Card,Direct,Unknown,MAD
14323,7,2507.1165,523.7065,1052,Emma Silva,3/5/2023,Headphone,Electronic,UAE,Dubai,161.48,377.01,257.37,0.05,20.34,Credit Card,Online,S. Rossi,USD
14324,6,2704.5,602.36,1141,Emma Smith,2/1/2024,Laptop,Tech,Germany,Berlin,189.75,450.75,313.79,0,29.65,Cash,Direct,Unknown,EUR
14325,2,1188.416,124.036,1285,Maria Ibrahim,1/5/2023,Phone,Tech,France,Paris,97.33,742.76,459.66,0.2,47.73,Cash,Partner,Unknown,EUR
14326,7,3536.904,1047.614,1649,Sofia Garcia,6/6/2023,Laptop,Electronic,USA,New York,558.81,631.59,272.77,0.2,21.09,Credit Card,Direct,Unknown,EUR
14327,7,7201.95,501.25,2146,Lucas Kowalski,12/3/2024,Mouse,Gadgets,France,Paris,925.26,1083,822.89,0.05,15.21,Credit Card,Partner,Unknown,MAD
14328,5,3350.44,-188.94,2996,Emma Benali,11/14/2023,Laptop,Electronic,Germany,Berlin,649.33,837.61,577.96,0.2,0.25,Crypto,Direct,Unknown,MAD
14329,1,46.5595,-21.1205,2041,Youssef Ibrahim,6/10/2024,Tablet,Electronic,Morocco,Casablanca,5.34,49.01,37.15,0.05,25.19,Crypto,Online,L. Martin,USD
14330,6,5315.169,1746.029,2332,Fatima Garcia,6/16/2025,Mouse,Electronic,USA,New York,941.22,1042.19,435.83,0.15,12.94,Cash,Partner,M. Lopez,MAD
14331,2,2406.882,976.232,2095,John Kowalski,11/13/2023,Keyboard,Electronic,Spain,Madrid,436.86,1266.78,496,0.05,1.79,Credit Card,Partner,Unknown,MAD
14332,1,44.778,-33.282,2544,Fatima Rahmani,7/4/2023,Tablet,Electronic,Morocco,Casablanca,8.18,52.68,37.4,0.15,32.48,PayPal,Online,M. Lopez,EUR
14333,4,5318.56,33.99,2179,Noah Lopez,1/2/2025,Tablet,Electronic,Germany,Berlin,1010.45,1329.64,1056.29,0,48.96,Bank Transfer,Online,L. Martin,MAD
14334,5,4745.3375,-94.2025,1526,Ahmed Benali,3/1/2025,Mouse,Electronic,Morocco,Casablanca,0,1116.55,958.88,0.15,45.14,Crypto,Online,S. Rossi,USD
14335,3,2452.1055,7.8055,2650,Sofia Rahmani,6/7/2023,Phone,Tech,USA,New York,185.07,961.61,737.1,0.15,47.93,Crypto,Online,A. Johnson,USD
14336,3,952.344,378.414,2625,Mariam Benali,1/30/2023,Mouse,Gadgets,Morocco,Casablanca,116.34,352.72,144.49,0.1,24.12,PayPal,Retail,Unknown,MAD
14337,3,2390.637,55.717,2179,Sofia Lopez,11/19/2023,Mouse,Tech,Spain,Madrid,432.11,838.82,627.24,0.05,21.09,Crypto,Retail,Unknown,EUR
14338,5,5039.28,228.6,2594,Ali Rossi,4/12/2025,Keyboard,Gadgets,Morocco,Casablanca,850.4,1259.82,788.96,0.2,15.48,Crypto,Online,S. Rossi,USD
14339,2,1047.147,434.627,2961,Youssef Dubois,4/17/2024,Headphone,Gadgets,USA,New York,129.95,551.13,230.34,0.05,21.89,Credit Card,Online,Unknown,EUR
14340,4,1425.216,87.256,1623,Luis Garcia,1/24/2023,Phone,Electronic,Morocco,Casablanca,102.3,445.38,304.99,0.2,15.7,Bank Transfer,Online,L. Martin,USD
14341,4,1458.804,458.094,2801,Luis Smith,1/11/2023,Monitor,Electronic,USA,New York,155.34,429.06,202.17,0.15,36.69,Credit Card,Online,Unknown,MAD
14342,4,1537.488,-191.622,2001,Fatima Garcia,6/2/2024,Keyboard,Electronic,Morocco,Casablanca,228.64,427.08,372.37,0.1,10.99,PayPal,Retail,K. Haddad,EUR
14343,1,456.7,198.07,1089,Ali Dubois,3/14/2024,Tablet,Electronic,USA,New York,23.57,456.7,209.42,0,25.64,Credit Card,Direct,A. Johnson,EUR
14344,1,1003.689,139.159,2070,Maria Ibrahim,3/8/2024,Laptop,Electronic,USA,New York,88.97,1115.21,732.55,0.1,43.01,Credit Card,Online,K. Haddad,MAD
14345,2,217.14,35.14,1487,Nora Garcia,3/21/2025,Keyboard,Tech,Spain,Madrid,20.84,108.57,63.55,0,34.06,Cash,Partner,S. Rossi,MAD
14346,7,6697.341,1356.251,2620,Leo Kowalski,6/16/2024,Laptop,Tech,UAE,Dubai,959.53,1063.07,624.52,0.1,9.92,Crypto,Direct,K. Haddad,MAD
14347,4,1524.888,402.478,2225,Emma Haddad,2/9/2023,Mouse,Gadgets,Spain,Madrid,232.42,423.58,213.55,0.1,35.79,Cash,Direct,S. Rossi,EUR
14348,2,2477.43,1049.7,1497,Luis Silva,2/23/2024,Headphone,Gadgets,Morocco,Casablanca,227.24,1376.35,590.72,0.1,19.05,PayPal,Partner,A. Johnson,USD
14349,1,309.2725,82.8425,1520,Fatima Chen,7/15/2024,Mouse,Electronic,USA,New York,26.84,325.55,154.56,0.05,45.03,Cash,Partner,M. Lopez,EUR
14350,4,1623.024,-513.486,2567,Ali Garcia,2/29/2024,Smartphone,Tech,Spain,Madrid,115.11,450.84,496,0.1,37.4,Credit Card,Partner,K. Haddad,EUR
14351,7,3480.89,1242.35,2064,Lucas Silva,3/4/2025,Mouse,Tech,USA,New York,296.3,497.27,276.1,0,9.54,PayPal,Partner,A. Johnson,MAD
14352,7,6655.054,2787.714,1988,Fatima Kowalski,3/4/2024,Keyboard,Tech,Morocco,Casablanca,503.77,1000.76,474.59,0.05,41.44,Cash,Online,Unknown,MAD
14353,6,6008.598,539.318,1149,Youssef Rahmani,4/1/2024,Mouse,Electronic,UAE,Dubai,1201.06,1054.14,710.17,0.05,7.2,Cash,Online,L. Martin,USD
14354,3,3135.786,-183.254,1843,Leo Dubois,2/7/2024,Mouse,Electronic,UAE,Dubai,557.88,1229.72,917.21,0.15,9.53,Credit Card,Direct,S. Rossi,USD
14355,3,-1923.84,-3975.98,1057,Emma Rossi,6/26/2023,Tablet,Gadgets,USA,New York,315.1,-801.6,569.18,0.2,29.5,Credit Card,Direct,A. Johnson,USD
14356,7,490.707,163.107,2980,Ali Rossi,1/5/2024,Phone,Electronic,Germany,Berlin,64.65,77.89,31.7,0.1,41.05,Credit Card,Retail,K. Haddad,EUR
14357,2,571.408,-95.112,1661,Maria Rahmani,3/27/2023,Laptop,Electronic,France,Paris,56.55,357.13,294.44,0.2,21.09,Cash,Retail,Unknown,EUR
14358,2,2012.171,65.371,1850,Luis Benali,1/6/2025,Keyboard,Tech,Germany,Berlin,366.29,1183.63,788.26,0.15,3.99,Cash,Online,M. Lopez,EUR
14359,7,7815.801,-505.459,2455,Mariam Benali,6/9/2024,Headphone,Electronic,Spain,Madrid,1239.68,1313.58,1010.23,0.15,9.97,Crypto,Partner,K. Haddad,USD
14360,7,7283.0975,-759.0625,1137,John Khan,4/9/2023,Headphone,Electronic,USA,New York,633.77,1224.05,1058.31,0.15,0.22,Cash,Retail,S. Rossi,EUR
14361,4,4981.6,1358.99,1472,Lucas Benali,3/18/2023,Laptop,Electronic,Morocco,Casablanca,384.64,1245.4,804.22,0,21.09,Bank Transfer,Online,K. Haddad,MAD
14362,6,5917.989,-243.231,1845,Emma Chen,1/7/2023,Headphone,Electronic,Spain,Madrid,937.54,1160.39,867.71,0.15,17.42,Cash,Retail,Unknown,USD
14363,5,3126.04,-938.65,1280,Emma Smith,11/5/2023,Tablet,Electronic,UAE,Dubai,544.32,781.51,700.23,0.2,19.22,Crypto,Direct,L. Martin,USD
14364,5,4021.965,-263.655,2867,Lucas Lopez,2/9/2025,Laptop,Electronic,France,Paris,537.2,893.77,741.57,0.1,40.57,Bank Transfer,Online,K. Haddad,EUR
14365,7,4180.428,426.148,2741,Ahmed Haddad,4/28/2024,Headphone,Tech,France,Paris,244.51,663.56,496,0.1,37.77,Credit Card,Online,Unknown,USD
14366,1,86.264,-23.206,2432,Luis Khan,10/3/2023,Headphone,Electronic,France,Paris,10.47,107.83,68.34,0.2,30.66,Bank Transfer,Online,M. Lopez,EUR
14367,5,6073.9675,311.2675,1833,Nora Kowalski,12/21/2023,Phone,Electronic,Morocco,Casablanca,1147.37,1278.73,921.74,0.05,6.63,Cash,Partner,M. Lopez,USD
14368,5,1213.1625,225.9225,1405,Luis Khan,2/2/2023,Smartphone,Gadgets,Spain,Madrid,232.8,285.45,147.95,0.15,14.69,Bank Transfer,Partner,Unknown,USD
14369,5,986.68,-206.05,1004,Sara Chen,9/26/2023,Laptop,Gadgets,France,Paris,178.29,246.67,198.67,0.2,21.09,Credit Card,Online,K. Haddad,USD
14370,3,2642.472,368.342,1799,Emma Chen,12/24/2023,Headphone,Tech,USA,New York,469.13,1101.03,598.9,0.2,8.3,Crypto,Online,Unknown,EUR
14371,5,4193.28,1157.69,2762,Ahmed Benali,8/6/2024,Phone,Tech,Morocco,Casablanca,760.68,931.84,445.83,0.1,45.76,PayPal,Online,M. Lopez,EUR
14372,6,2765.04,1068.33,1895,Sofia Haddad,1/29/2025,Mouse,Electronic,Morocco,Casablanca,457.61,460.84,201.51,0,30.04,Credit Card,Retail,Unknown,USD
14373,5,6129.36,-1.96,1517,Sara Khan,1/11/2025,Laptop,Tech,UAE,Dubai,412.41,1362.08,1138.71,0.1,25.36,PayPal,Online,M. Lopez,MAD
14374,7,8017.3065,-501.7935,2205,Lucas Garcia,6/18/2023,Mouse,Gadgets,USA,New York,1249.71,1205.61,1033.55,0.05,34.54,PayPal,Online,Unknown,MAD
14375,7,6928.635,2568.195,2325,Sara Chen,5/27/2025,Laptop,Electronic,Spain,Madrid,1086.26,1041.9,464.33,0.05,23.87,Credit Card,Online,M. Lopez,USD
14376,5,3667,978.63,2153,Sara Chen,9/5/2023,Keyboard,Tech,USA,New York,672.15,916.75,399.2,0.2,20.22,Bank Transfer,Retail,Unknown,USD
14377,5,794,157.54,2564,Mariam Benali,3/21/2023,Smartphone,Electronic,Morocco,Casablanca,135.37,198.5,95.83,0.2,21.94,Credit Card,Online,A. Johnson,USD
14378,6,1012.23,-78.06,2925,Mariam Rahmani,7/13/2023,Monitor,Tech,Spain,Madrid,124.38,187.45,157.47,0.1,21.09,Credit Card,Direct,A. Johnson,USD
14379,7,5515.44,1948.99,1478,Mariam Garcia,10/4/2023,Headphone,Electronic,France,Paris,323.96,787.92,460.11,0,21.72,Credit Card,Direct,M. Lopez,USD
14380,6,4450.617,1801.427,2111,Luis Dubois,5/14/2024,Headphone,Gadgets,Morocco,Casablanca,349.16,780.81,377.57,0.05,34.61,Credit Card,Partner,M. Lopez,EUR
14381,5,5621.9575,1993.1075,2610,Lucas Rahmani,9/4/2024,Laptop,Tech,Morocco,Casablanca,433.01,1183.57,635.08,0.05,20.44,Credit Card,Online,L. Martin,USD
14382,7,5048.547,1264.627,1394,Sara Smith,6/5/2023,Tablet,Electronic,Spain,Madrid,297.51,759.18,496,0.05,14.41,Credit Card,Partner,K. Haddad,EUR
14383,2,992.664,-166.656,1546,Lucas Kowalski,3/25/2024,Smartphone,Electronic,Morocco,Casablanca,195.5,583.92,472.53,0.15,18.76,Bank Transfer,Retail,K. Haddad,USD
14384,6,1133.28,-177.07,2294,Youssef Dubois,7/9/2024,Tablet,Tech,USA,New York,68.22,236.1,200.09,0.2,41.59,Bank Transfer,Direct,Unknown,USD
14385,7,5569.8405,-37.7395,1723,Ali Rossi,2/22/2024,Laptop,Gadgets,Germany,Berlin,344.96,837.57,748.79,0.05,21.09,Credit Card,Online,S. Rossi,EUR
14386,2,1602.25,35.53,2065,Lucas Ibrahim,12/15/2023,Tablet,Electronic,France,Paris,0,942.5,764.71,0.15,37.3,PayPal,Retail,S. Rossi,MAD
14387,6,1128.6,99.57,1441,Emma Rahmani,6/16/2023,Headphone,Tech,Germany,Berlin,200.4,188.1,129.94,0,48.99,Crypto,Online,L. Martin,USD
14388,6,463.212,-84.328,1269,Luis Lopez,8/7/2023,Mouse,Gadgets,Spain,Madrid,87.8,85.78,72.7,0.1,23.54,Credit Card,Online,Unknown,EUR
14389,2,1691.34,536.44,2259,Sofia Khan,4/13/2025,Phone,Tech,USA,New York,286.84,845.67,432.54,0,2.98,Crypto,Partner,M. Lopez,USD
14390,6,6153.354,1737.124,2789,Emma Smith,3/1/2024,Smartphone,Electronic,Morocco,Casablanca,788.75,1139.51,601.29,0.1,19.74,Credit Card,Partner,M. Lopez,USD
14391,2,2309.808,-117.162,1840,Noah Ibrahim,2/27/2024,Tablet,Tech,Germany,Berlin,311.6,1443.63,1054.58,0.2,6.21,Crypto,Direct,L. Martin,EUR
14392,6,1187.22,-2004.98,2946,Nora Rossi,11/6/2023,Mouse,Tech,USA,New York,169.66,197.87,496,0,46.54,Crypto,Partner,A. Johnson,USD
14393,7,6697.95,1223.73,1032,Maria Benali,7/11/2024,Laptop,Gadgets,Spain,Madrid,1329.37,956.85,586.35,0,40.4,Credit Card,Partner,K. Haddad,USD
14394,1,752.981,89.301,2981,Ali Lopez,4/2/2023,Tablet,Electronic,USA,New York,92.35,885.86,535.14,0.15,36.19,Bank Transfer,Direct,K. Haddad,USD
14395,6,6466.65,-625.18,2678,Nora Kowalski,1/21/2025,Monitor,Gadgets,Morocco,Casablanca,1188.66,1134.5,976.69,0.05,43.03,Bank Transfer,Online,K. Haddad,USD
14396,5,2301.1375,-198.3225,2065,Sofia Dubois,1/10/2023,Phone,Electronic,France,Paris,346.62,484.45,424.39,0.05,30.89,Bank Transfer,Partner,M. Lopez,USD
14397,1,1055.785,85.605,2233,Mariam Rossi,5/19/2023,Laptop,Gadgets,Germany,Berlin,146.51,1242.1,780.68,0.15,42.99,Credit Card,Online,S. Rossi,MAD
14398,6,6961.464,1759.614,1658,Fatima Khan,12/25/2023,Keyboard,Electronic,USA,New York,1231.77,1289.16,654.89,0.1,40.74,Cash,Retail,L. Martin,EUR
14399,7,6293.84,1629.75,1838,Fatima Smith,3/10/2025,Tablet,Gadgets,France,Paris,476.92,1123.9,596.83,0.2,9.36,Credit Card,Direct,K. Haddad,USD
14400,1,555.822,-80.488,1933,Lucas Silva,6/21/2024,Keyboard,Electronic,Morocco,Casablanca,59.56,617.58,539.56,0.1,37.19,Credit Card,Retail,A. Johnson,EUR
14401,7,5891.76,-1043.58,2068,Maria Garcia,5/7/2024,Headphone,Electronic,Morocco,Casablanca,549.4,1052.1,906.94,0.2,37.36,Credit Card,Online,A. Johnson,EUR
14402,7,4591.72,-383.56,1322,Maria Haddad,8/13/2024,Mouse,Gadgets,France,Paris,849.11,655.96,586.02,0,24.03,Credit Card,Retail,Unknown,EUR
14403,3,3078.666,822.146,1641,Maria Dubois,6/2/2024,Phone,Electronic,Germany,Berlin,316.93,1207.32,629.88,0.15,49.95,Bank Transfer,Online,S. Rossi,USD
14404,6,7281.036,-418.674,2732,Leo Khan,12/1/2024,Laptop,Electronic,Spain,Madrid,652.07,1348.34,1167.2,0.1,44.44,Credit Card,Online,Unknown,MAD
14405,3,2194.89,244.84,1817,Luis Khan,3/16/2023,Headphone,Gadgets,Morocco,Casablanca,0,731.63,638.12,0,35.69,Crypto,Retail,Unknown,MAD
14406,7,8348.032,1213.692,1700,Leo Dubois,6/23/2024,Headphone,Electronic,Morocco,Casablanca,626.5,1490.72,927.98,0.2,11.98,Bank Transfer,Direct,Unknown,EUR
14407,2,262.219,-28.581,1101,Leo Benali,7/7/2024,Mouse,Tech,Morocco,Casablanca,41.45,138.01,109.6,0.05,30.15,PayPal,Retail,Unknown,MAD
14408,3,2888.1555,461.6455,2395,Maria Benali,10/23/2024,Mouse,Tech,Spain,Madrid,255.66,1132.61,723.29,0.15,0.98,PayPal,Retail,K. Haddad,EUR
14409,7,6090.0035,552.4235,1922,John Chen,9/4/2023,Laptop,Tech,Spain,Madrid,780.43,1023.53,674.38,0.15,36.49,Credit Card,Retail,Unknown,USD
14410,3,3468.867,334.927,2780,Mariam Smith,4/30/2024,Tablet,Electronic,USA,New York,433.11,1360.34,891.53,0.15,26.24,PayPal,Partner,Unknown,USD
14411,6,7357.275,1872.925,2233,Maria Dubois,11/14/2024,Mouse,Electronic,France,Paris,1088.56,1290.75,728.23,0.05,26.41,Cash,Online,L. Martin,MAD
14412,3,3257.6505,-289.6995,1908,Maria Khan,5/4/2023,Headphone,Tech,Germany,Berlin,217.03,1277.51,1096.1,0.15,42.02,Bank Transfer,Direct,S. Rossi,EUR
14413,6,3786.18,1417.9,2906,Noah Kowalski,4/12/2025,Keyboard,Tech,USA,New York,677.36,631.03,280.52,0,7.8,Credit Card,Online,M. Lopez,USD
14414,2,851.56,273.67,1761,Ahmed Lopez,3/26/2024,Laptop,Electronic,UAE,Dubai,115.97,425.78,217.59,0,26.74,Credit Card,Online,Unknown,USD
14415,6,3476.64,-128.62,2754,Emma Garcia,5/26/2025,Headphone,Electronic,UAE,Dubai,497.48,724.3,514.58,0.2,20.3,Credit Card,Retail,A. Johnson,USD
14416,4,4382.96,1755.26,1882,Noah Chen,2/14/2024,Mouse,Gadgets,UAE,Dubai,0,1095.74,645.08,0,47.38,Credit Card,Online,L. Martin,USD
14417,1,242.93,-47.67,2545,Youssef Benali,9/16/2024,Headphone,Tech,USA,New York,46.18,242.93,211.16,0,33.26,Credit Card,Online,K. Haddad,MAD
14418,6,1542.078,490.628,2535,Emma Smith,8/18/2023,Keyboard,Tech,UAE,Dubai,157.15,270.54,147.5,0.05,9.3,Credit Card,Online,Unknown,MAD
14419,7,7656.264,2938.194,2471,Sara Kowalski,1/26/2025,Laptop,Gadgets,USA,New York,768.95,1215.28,560.75,0.1,23.87,Credit Card,Direct,M. Lopez,USD
14420,6,6027.486,-846.244,1499,Ahmed Chen,4/18/2023,Keyboard,Tech,Germany,Berlin,856.15,1181.86,1002.05,0.15,5.28,Cash,Online,M. Lopez,USD
14421,1,551.836,3.276,1295,Ahmed Smith,5/27/2024,Tablet,Electronic,Morocco,Casablanca,92.49,580.88,410.3,0.05,45.77,Credit Card,Direct,L. Martin,USD
14422,2,97.392,-23.678,2364,Fatima Kowalski,11/25/2023,Phone,Tech,Morocco,Casablanca,7.99,60.87,53.66,0.2,5.76,Crypto,Partner,K. Haddad,USD
14423,3,1883.9655,664.5355,2319,Leo Smith,5/27/2024,Laptop,Tech,USA,New York,161.2,738.81,344.42,0.15,24.97,Crypto,Online,A. Johnson,USD
14424,7,210.511,-49.969,2920,Noah Rossi,1/14/2023,Phone,Tech,USA,New York,36.86,35.38,27.54,0.15,30.84,Credit Card,Online,L. Martin,EUR
14425,1,1277.7785,368.3585,2843,Ahmed Benali,8/2/2024,Mouse,Electronic,USA,New York,125.21,1345.03,736.75,0.05,47.46,Bank Transfer,Direct,A. Johnson,USD
14426,7,10076.15,2684.81,1140,Fatima Kowalski,6/13/2024,Keyboard,Tech,Germany,Berlin,1775.87,1439.45,800.87,0,9.38,Crypto,Online,M. Lopez,MAD
14427,7,767.529,-149.151,2561,Leo Khan,5/23/2024,Monitor,Gadgets,Morocco,Casablanca,142.34,121.83,109.16,0.1,10.22,Credit Card,Direct,M. Lopez,USD
14428,4,3665.736,-1.044,2983,Sofia Garcia,3/3/2025,Keyboard,Tech,USA,New York,243.04,1018.26,851.73,0.1,16.82,PayPal,Online,Unknown,MAD
14429,6,8483.025,3653.775,1368,Youssef Rahmani,6/22/2024,Smartphone,Gadgets,France,Paris,861.5,1488.25,661.11,0.05,1.09,Bank Transfer,Retail,Unknown,EUR
14430,3,2623.98,110.61,1463,Ahmed Kowalski,1/11/2023,Keyboard,Gadgets,UAE,Dubai,324.6,874.66,722.56,0,21.09,Cash,Online,A. Johnson,MAD
14431,4,4754.12,1800.76,1229,Nora Haddad,1/11/2023,Tablet,Electronic,USA,New York,427.14,1188.53,629.62,0,7.74,PayPal,Direct,S. Rossi,USD
14432,1,1019.6255,174.3755,2721,Luis Rahmani,12/19/2024,Monitor,Gadgets,Spain,Madrid,69.15,1073.29,774.22,0.05,1.88,Bank Transfer,Retail,M. Lopez,USD
14433,1,309.57,-238.34,2923,Nora Lopez,8/10/2024,Mouse,Tech,USA,New York,22.01,309.57,496,0,29.9,Bank Transfer,Online,K. Haddad,USD
14434,1,1292.62,398.61,2654,John Chen,1/2/2023,Headphone,Tech,Morocco,Casablanca,156.07,1292.62,729.84,0,8.1,Bank Transfer,Online,M. Lopez,USD
14435,2,433.755,109.315,1352,Noah Lopez,11/18/2024,Laptop,Gadgets,USA,New York,34.2,255.15,138.51,0.15,13.22,Crypto,Direct,L. Martin,USD
14436,6,6389.82,2319.9,2477,Leo Smith,1/26/2023,Tablet,Electronic,Germany,Berlin,894.1,1183.3,528.92,0.1,2.3,Bank Transfer,Retail,Unknown,MAD
14437,3,3901.77,1755.67,1549,Mariam Rahmani,1/15/2024,Headphone,Tech,France,Paris,391.41,1300.59,568.47,0,49.28,Crypto,Online,K. Haddad,EUR
14438,4,592.056,-6.984,2095,Leo Lopez,3/22/2024,Keyboard,Electronic,France,Paris,43.31,164.46,133.66,0.1,21.09,Crypto,Direct,L. Martin,EUR
14439,2,1145.826,426.886,2380,Mariam Smith,6/6/2023,Tablet,Electronic,USA,New York,94.21,636.57,299.59,0.1,25.55,Credit Card,Retail,L. Martin,USD
14440,6,4194.912,1531.042,2395,Leo Silva,5/12/2025,Laptop,Electronic,Morocco,Casablanca,253.99,873.94,399.99,0.2,9.94,Bank Transfer,Retail,Unknown,EUR
14441,4,3040.8,233.92,1444,Ali Garcia,7/26/2023,Tablet,Electronic,USA,New York,284.89,760.2,619.94,0,42.23,PayPal,Direct,A. Johnson,USD
14442,5,5647.8925,397.6025,1481,Sofia Smith,5/31/2024,Smartphone,Tech,Morocco,Casablanca,447.72,1189.03,959.57,0.05,4.72,Crypto,Retail,Unknown,MAD
14443,6,5070.828,786.348,1497,Luis Smith,6/20/2024,Laptop,Tech,Morocco,Casablanca,747.27,994.28,586.02,0.15,21.09,PayPal,Retail,M. Lopez,USD
14444,7,7474.4495,1307.1995,2317,Luis Dubois,12/14/2024,Headphone,Tech,USA,New York,476.37,1256.21,809.97,0.15,21.09,Crypto,Online,A. Johnson,USD
14445,6,3700.998,1207.358,1696,Ahmed Smith,5/2/2024,Headphone,Electronic,USA,New York,364.12,685.37,352.61,0.1,13.86,Credit Card,Online,M. Lopez,MAD
14446,4,3228.742,-390.588,1897,Emma Haddad,5/10/2025,Headphone,Tech,USA,New York,278.12,949.63,830.03,0.15,21.09,PayPal,Direct,Unknown,USD
14447,7,7476.14,934.34,2696,Lucas Lopez,5/13/2023,Headphone,Tech,Germany,Berlin,1141.26,1068.02,769.13,0,16.63,Credit Card,Online,L. Martin,USD
14448,2,1798.128,746.268,2245,Emma Garcia,11/8/2023,Keyboard,Tech,USA,New York,0,1123.83,505.84,0.2,40.18,Cash,Direct,S. Rossi,EUR
14449,3,126.036,3.726,1750,Emma Lopez,4/16/2023,Phone,Tech,USA,New York,24.41,46.68,32.56,0.1,0.22,PayPal,Online,S. Rossi,MAD
14450,6,5210.313,295.083,2234,Sara Ibrahim,8/16/2023,Mouse,Gadgets,Spain,Madrid,832.32,1021.63,672.8,0.15,46.11,Credit Card,Direct,Unknown,USD
14451,6,2796.288,871.318,2940,John Silva,5/4/2024,Keyboard,Electronic,Morocco,Casablanca,408.98,582.56,251.8,0.2,5.19,Cash,Online,K. Haddad,MAD
14452,6,1047.504,-175.486,2233,John Benali,10/24/2023,Mouse,Tech,Morocco,Casablanca,131.14,218.23,178.46,0.2,21.09,Credit Card,Direct,Unknown,USD
14453,2,562.887,19.357,1195,John Ibrahim,12/29/2024,Mouse,Tech,USA,New York,92.23,331.11,222.85,0.15,5.6,Cash,Online,M. Lopez,EUR
14454,2,1569.117,243.717,1205,Luis Benali,5/29/2025,Keyboard,Tech,USA,New York,183.24,923.01,564.49,0.15,13.18,Credit Card,Online,Unknown,MAD
14455,7,2102.24,523.29,2293,Lucas Kowalski,3/30/2025,Headphone,Tech,Morocco,Casablanca,402.63,300.32,164.24,0,26.64,PayPal,Online,S. Rossi,MAD
14456,7,4371.01,544.15,1018,John Rossi,2/29/2024,Keyboard,Tech,Germany,Berlin,381.32,624.43,491.09,0,7.91,Credit Card,Retail,Unknown,EUR
14457,7,2622.403,823.643,2948,Emma Rahmani,8/2/2024,Laptop,Electronic,Morocco,Casablanca,506.51,440.74,180.33,0.15,29.94,Bank Transfer,Online,Unknown,EUR
14458,6,2768.832,-485.018,2738,Ahmed Smith,1/14/2025,Tablet,Electronic,USA,New York,269.54,576.84,496,0.2,8.31,Cash,Partner,S. Rossi,USD
14459,2,973.066,303.206,1226,Mariam Rahmani,1/22/2025,Tablet,Tech,France,Paris,72.7,512.14,295.28,0.05,6.6,PayPal,Partner,M. Lopez,EUR
14460,3,3532.704,-731.966,2410,Youssef Ibrahim,10/30/2024,Smartphone,Tech,Spain,Madrid,273.87,1471.96,1318.29,0.2,35.93,Crypto,Retail,L. Martin,USD
14461,6,1910.298,285.268,2204,Lucas Garcia,6/26/2024,Monitor,Electronic,Spain,Madrid,123.85,335.14,249.58,0.05,3.7,Bank Transfer,Online,Unknown,EUR
14462,6,6749.595,1031.915,2602,Nora Smith,12/4/2024,Phone,Electronic,France,Paris,1326.59,1323.45,725.24,0.15,39.65,Credit Card,Online,S. Rossi,EUR
14463,6,1337.391,590.231,2151,Fatima Rahmani,12/17/2024,Mouse,Electronic,France,Paris,67.1,234.63,105.54,0.05,46.82,Bank Transfer,Online,S. Rossi,USD
14464,4,3830.324,496.554,1574,Fatima Garcia,6/6/2025,Keyboard,Electronic,Spain,Madrid,215.62,1007.98,769.43,0.05,40.43,PayPal,Online,K. Haddad,USD
14465,3,3176.9235,954.8235,1303,Fatima Silva,4/4/2024,Laptop,Tech,Spain,Madrid,469.19,1114.71,582.68,0.05,4.87,Credit Card,Partner,L. Martin,EUR
14466,5,1149.6425,255.3125,1406,Fatima Dubois,4/13/2024,Phone,Electronic,USA,New York,209.4,242.03,132.05,0.05,24.68,Crypto,Online,Unknown,USD
14467,5,6031.4,2657.69,2403,Maria Silva,1/13/2025,Mouse,Tech,UAE,Dubai,342.92,1206.28,601.27,0,24.44,Bank Transfer,Retail,K. Haddad,EUR
14468,5,4948.36,617.05,1010,Mariam Silva,3/18/2025,Tablet,Tech,Morocco,Casablanca,509.32,1041.76,757.3,0.05,35.49,Cash,Retail,Unknown,MAD
14469,6,4575,1568.05,1841,Fatima Lopez,12/17/2024,Headphone,Tech,France,Paris,785.96,762.5,364.58,0,33.51,PayPal,Online,Unknown,USD
14470,2,633.862,-149.668,1783,Nora Haddad,2/29/2024,Monitor,Tech,Morocco,Casablanca,110.87,372.86,324.04,0.15,24.58,Credit Card,Partner,M. Lopez,MAD
14471,1,491.2915,136.5115,1267,John Rossi,6/10/2025,Laptop,Tech,USA,New York,56.58,577.99,277.11,0.15,21.09,Bank Transfer,Online,S. Rossi,EUR
14472,1,355.167,-14.623,2888,Sara Haddad,3/23/2025,Laptop,Electronic,USA,New York,50.07,394.63,296.26,0.1,23.46,Bank Transfer,Partner,K. Haddad,USD
14473,6,889.2,409.85,1838,Emma Rossi,1/21/2025,Mouse,Tech,Morocco,Casablanca,73.51,148.2,59.54,0,48.6,Crypto,Retail,S. Rossi,USD
14474,3,1610.7,530.96,2680,Sofia Kowalski,2/7/2023,Tablet,Tech,USA,New York,256.93,536.9,261.59,0,38.04,Credit Card,Online,L. Martin,MAD
14475,7,1570.072,109.492,1387,Lucas Haddad,6/5/2025,Headphone,Electronic,Spain,Madrid,216.09,280.37,177.32,0.2,3.25,Credit Card,Direct,Unknown,EUR
14476,4,228.31,52.48,2671,Luis Rahmani,3/5/2025,Monitor,Electronic,Germany,Berlin,15.85,67.15,36.04,0.15,15.82,Credit Card,Direct,M. Lopez,MAD
14477,3,2456.8425,603.5625,1128,Ali Rahmani,2/8/2024,Phone,Tech,France,Paris,227.76,862.05,539.97,0.05,5.61,Credit Card,Retail,Unknown,USD
14478,4,3796.678,835.548,2044,Ahmed Smith,4/16/2023,Laptop,Electronic,USA,New York,638.56,1116.67,572.19,0.15,33.81,Cash,Online,M. Lopez,EUR
14479,4,-3464.668,-5720.428,2268,Emma Dubois,7/28/2024,Laptop,Electronic,UAE,Dubai,384.15,-1019.02,465.37,0.15,10.13,Bank Transfer,Retail,L. Martin,MAD
14480,5,5731.56,658.51,1524,Leo Haddad,6/23/2023,Laptop,Electronic,Germany,Berlin,620.6,1273.68,886.78,0.1,18.55,Bank Transfer,Direct,S. Rossi,USD
14481,1,361.743,73.303,2485,Fatima Benali,5/7/2023,Monitor,Electronic,Morocco,Casablanca,33.9,425.58,221.08,0.15,33.46,Crypto,Online,S. Rossi,USD
14482,2,2034.957,570.747,2102,Fatima Rahmani,6/4/2025,Headphone,Electronic,France,Paris,378.85,1071.03,538.51,0.05,8.34,Credit Card,Partner,Unknown,MAD
14483,4,1611.712,-180.408,1611,Emma Chen,3/13/2024,Phone,Electronic,France,Paris,199.12,503.66,391.89,0.2,25.44,Cash,Direct,S. Rossi,MAD
14484,4,2076.686,963.796,1403,John Smith,12/9/2023,Headphone,Tech,UAE,Dubai,0,610.79,274.83,0.15,13.57,Crypto,Direct,A. Johnson,USD
14485,7,6147.897,1363.887,1932,Ali Benali,11/16/2024,Monitor,Tech,Spain,Madrid,355.65,1033.26,629.61,0.15,21.09,PayPal,Retail,K. Haddad,EUR
14486,1,990.712,-74.828,1903,Youssef Khan,6/3/2023,Tablet,Electronic,USA,New York,188.74,1238.39,836.29,0.2,40.51,Credit Card,Direct,S. Rossi,EUR
14487,2,1438.047,220.697,1412,Luis Rossi,1/14/2023,Headphone,Tech,USA,New York,85.49,845.91,549.2,0.15,33.46,Crypto,Online,Unknown,EUR
14488,2,489.328,-48.302,1413,Sofia Benali,8/16/2023,Monitor,Gadgets,France,Paris,92.43,305.83,222.06,0.2,1.08,Cash,Online,A. Johnson,USD
14489,7,1960.056,69.746,2977,Lucas Haddad,6/30/2023,Tablet,Gadgets,USA,New York,313.77,350.01,221.76,0.2,24.22,Bank Transfer,Partner,Unknown,EUR
14490,5,1900.35,237.77,1323,Noah Silva,2/12/2023,Mouse,Electronic,UAE,Dubai,328.9,422.3,266.33,0.1,2.03,Credit Card,Online,L. Martin,USD
14491,7,2546.53,321.15,1179,Nora Silva,5/3/2025,Laptop,Electronic,USA,New York,346.91,363.79,263.73,0,32.36,Credit Card,Partner,K. Haddad,USD
14492,6,3702,145.68,2391,Noah Benali,5/5/2023,Headphone,Gadgets,UAE,Dubai,475.19,617,512.33,0,7.15,Credit Card,Online,M. Lopez,USD
14493,5,1941.75,216.35,2665,Mariam Silva,9/24/2024,Phone,Tech,USA,New York,300.86,388.35,280.69,0,21.09,Credit Card,Online,A. Johnson,USD
14494,3,809.421,41.601,2721,Ali Garcia,6/24/2023,Laptop,Gadgets,USA,New York,65.9,317.42,228.11,0.15,17.59,Crypto,Direct,L. Martin,EUR
14495,1,301.768,-49.682,1223,Youssef Benali,9/9/2023,Tablet,Tech,Germany,Berlin,16.53,377.21,294.62,0.2,40.3,Credit Card,Online,A. Johnson,USD
14496,3,2426.631,574.511,1074,Ahmed Haddad,3/17/2024,Laptop,Tech,France,Paris,149.17,951.62,553.7,0.15,41.85,Cash,Direct,Unknown,EUR
14497,4,4558.024,517.514,2477,Luis Smith,4/9/2025,Keyboard,Tech,USA,New York,842.94,1199.48,798.39,0.05,4.01,Credit Card,Partner,Unknown,USD
14498,4,540.736,-43.724,1992,Youssef Dubois,1/5/2025,Tablet,Electronic,USA,New York,63.75,168.98,121.35,0.2,35.31,Credit Card,Direct,Unknown,USD
14499,3,1586.928,380.918,1372,Leo Benali,2/24/2023,Keyboard,Tech,USA,New York,0,661.22,391.04,0.2,32.89,Crypto,Retail,A. Johnson,MAD
14500,4,1874.752,-321.568,2187,Maria Haddad,9/6/2024,Smartphone,Gadgets,France,Paris,278.73,585.86,477.03,0.2,9.47,Crypto,Online,Unknown,USD
14501,6,3524.31,-61.74,2143,Ahmed Benali,1/20/2024,Mouse,Gadgets,UAE,Dubai,580.55,652.65,496,0.1,29.5,Bank Transfer,Partner,Unknown,USD
14502,5,426.445,-46.935,2517,Leo Ibrahim,7/1/2023,Mouse,Electronic,USA,New York,80.05,100.34,76.47,0.15,10.98,PayPal,Retail,L. Martin,USD
14503,4,4234.802,-954.168,1654,Nora Khan,9/6/2024,Monitor,Electronic,France,Paris,772.48,1245.53,1098.85,0.15,21.09,Cash,Online,A. Johnson,EUR
14504,7,3866.786,529.646,2200,Lucas Benali,6/18/2025,Keyboard,Tech,Germany,Berlin,372.51,649.88,416.6,0.15,48.43,Crypto,Online,Unknown,USD
14505,1,880.144,-6.256,2019,Maria Rahmani,7/25/2024,Smartphone,Tech,USA,New York,72.77,1100.18,798.5,0.2,15.13,Bank Transfer,Online,M. Lopez,USD
14506,5,2163.335,122.075,1141,Ali Rossi,9/11/2024,Phone,Electronic,Germany,Berlin,164.71,509.02,373.55,0.15,8.8,Bank Transfer,Partner,M. Lopez,USD
14507,7,6804.56,1127.37,1403,Ali Dubois,1/21/2025,Monitor,Gadgets,Morocco,Casablanca,689.83,972.08,710.63,0,12.95,Crypto,Retail,A. Johnson,USD
14508,7,1579.0705,275.7805,1946,Ali Kowalski,2/27/2023,Monitor,Electronic,France,Paris,241.5,265.39,147.72,0.15,27.75,Credit Card,Online,M. Lopez,USD
14509,2,1553.222,-400.238,2262,Nora Khan,10/10/2023,Mouse,Electronic,USA,New York,280.77,913.66,819.11,0.15,34.47,Cash,Direct,A. Johnson,MAD
14510,5,-461.115,-772.475,1006,Maria Smith,4/1/2025,Laptop,Tech,USA,New York,32.67,-102.47,51.52,0.1,21.09,Credit Card,Online,L. Martin,MAD
14511,3,3428.568,355.008,1666,Ahmed Dubois,1/1/2025,Headphone,Tech,Morocco,Casablanca,546.29,1428.57,831.31,0.2,33.34,Credit Card,Online,K. Haddad,EUR
14512,2,466.544,-57.926,2295,Luis Garcia,7/13/2023,Headphone,Tech,Morocco,Casablanca,91.42,291.59,216.29,0.2,0.47,Bank Transfer,Online,M. Lopez,MAD
14513,5,2026.575,-169.905,1910,Lucas Rossi,2/23/2025,Mouse,Tech,USA,New York,344.81,450.35,361.84,0.1,42.47,PayPal,Partner,M. Lopez,USD
14514,2,733.716,329.296,1986,Mariam Silva,7/24/2024,Monitor,Gadgets,Germany,Berlin,38.27,407.62,165.21,0.1,35.73,Crypto,Partner,M. Lopez,USD
14515,7,6233.64,3177.15,2566,Ahmed Silva,11/15/2023,Laptop,Gadgets,Morocco,Casablanca,491.29,890.52,363.83,0,18.39,Crypto,Online,Unknown,EUR
14516,5,1932.3,533.52,1545,Lucas Chen,4/14/2024,Mouse,Gadgets,USA,New York,382.64,406.8,195.74,0.05,37.44,Credit Card,Direct,S. Rossi,EUR
14517,1,248.045,83.645,2484,Lucas Kowalski,7/2/2023,Tablet,Gadgets,UAE,Dubai,23.58,261.1,119.73,0.05,21.09,Credit Card,Retail,A. Johnson,USD
14518,1,920.464,176.124,2108,Noah Rahmani,7/26/2024,Mouse,Electronic,USA,New York,79.75,1150.58,640.46,0.2,24.13,Bank Transfer,Online,Unknown,EUR
14519,5,3498.88,106.62,1650,Noah Chen,3/2/2025,Headphone,Tech,Germany,Berlin,649.55,874.72,545.21,0.2,16.66,PayPal,Online,L. Martin,MAD
14520,7,722.988,-100.802,2922,Maria Rossi,5/11/2023,Mouse,Electronic,Germany,Berlin,97.44,114.76,96.73,0.1,49.24,PayPal,Retail,S. Rossi,USD
14521,4,1733.28,662.3,2296,Nora Silva,12/21/2023,Mouse,Electronic,Spain,Madrid,246.72,433.32,197.01,0,36.22,Crypto,Partner,Unknown,USD
14522,5,1467,108.86,2172,Ali Garcia,1/16/2024,Laptop,Electronic,Morocco,Casablanca,259.87,366.75,214.64,0.2,25.07,Crypto,Online,A. Johnson,USD
14523,7,5687.4265,655.4465,2011,Mariam Dubois,1/29/2025,Headphone,Electronic,USA,New York,894.46,955.87,586.55,0.15,31.67,PayPal,Online,K. Haddad,USD
14524,1,996.36,41.53,2111,Sara Haddad,3/19/2023,Keyboard,Tech,Morocco,Casablanca,146.22,1048.8,759.68,0.05,48.93,PayPal,Direct,S. Rossi,EUR
14525,7,3988.6,358.05,1704,Sara Kowalski,12/29/2024,Headphone,Tech,Germany,Berlin,563.52,712.25,436.28,0.2,13.07,Credit Card,Partner,K. Haddad,EUR
14526,1,575.054,80.034,2894,Fatima Silva,8/13/2023,Monitor,Electronic,Morocco,Casablanca,78.15,605.32,412.88,0.05,3.99,PayPal,Partner,L. Martin,EUR
14527,6,1113.504,315.814,1982,Emma Dubois,7/29/2024,Monitor,Electronic,Morocco,Casablanca,206.05,231.98,95.48,0.2,18.76,Crypto,Online,M. Lopez,USD
14528,1,918.5835,201.0035,2930,Ali Haddad,10/1/2023,Laptop,Electronic,USA,New York,144.98,966.93,539.67,0.05,32.93,Cash,Online,K. Haddad,USD
14529,4,3149.496,887.016,2153,Sofia Rahmani,10/26/2023,Tablet,Tech,Morocco,Casablanca,225.3,874.86,507.85,0.1,5.78,Credit Card,Retail,Unknown,EUR
14530,5,1472.8375,-27.0925,1359,Leo Dubois,5/11/2023,Laptop,Electronic,Germany,Berlin,110.27,346.55,271.41,0.15,32.61,Cash,Direct,Unknown,USD
14531,4,4166.814,1211.864,1248,Luis Khan,7/26/2023,Keyboard,Tech,USA,New York,230.45,1096.53,672.15,0.05,35.9,Bank Transfer,Partner,Unknown,MAD
14532,6,6347.154,-366.676,2582,Nora Dubois,4/5/2024,Headphone,Electronic,UAE,Dubai,1189.1,1244.54,918.83,0.15,11.75,Credit Card,Retail,S. Rossi,USD
14533,2,2422.534,270.294,2119,Sara Rossi,11/23/2024,Phone,Electronic,USA,New York,246.01,1425.02,951.61,0.15,3.01,Credit Card,Partner,A. Johnson,USD
14534,1,934.8095,182.5795,1872,Fatima Rahmani,12/16/2023,Mouse,Gadgets,Germany,Berlin,138.9,984.01,610.47,0.05,2.86,Cash,Online,L. Martin,USD
14535,4,1667.76,-640.44,2111,Youssef Dubois,2/3/2024,Mouse,Gadgets,Morocco,Casablanca,276.96,416.94,496,0,47.24,Cash,Partner,Unknown,EUR
14536,6,3263.1,554.2,1095,Nora Dubois,4/16/2024,Headphone,Electronic,Morocco,Casablanca,465.02,543.85,367.96,0,36.12,Credit Card,Retail,Unknown,EUR
14537,7,6777.288,2106.538,1697,Youssef Kowalski,12/1/2024,Tablet,Gadgets,Morocco,Casablanca,790.28,1139.04,551.34,0.15,21.09,Bank Transfer,Online,L. Martin,USD
14538,1,865.368,-146.542,1632,Nora Smith,4/23/2025,Headphone,Electronic,Morocco,Casablanca,86.19,1081.71,906.8,0.2,18.92,Bank Transfer,Partner,K. Haddad,EUR
14539,7,2539.579,-244.641,2606,Fatima Rossi,1/17/2024,Monitor,Gadgets,Morocco,Casablanca,235.59,426.82,360.23,0.15,27.02,Credit Card,Online,A. Johnson,USD
14540,5,3018.91,486.08,2587,Youssef Kowalski,6/25/2023,Keyboard,Tech,France,Paris,162.34,635.56,469.88,0.05,21.09,Cash,Online,L. Martin,USD
14541,7,1804.824,-258.786,1614,Mariam Benali,7/18/2024,Phone,Gadgets,Germany,Berlin,341.11,322.29,240.75,0.2,37.25,Credit Card,Retail,M. Lopez,USD
14542,5,3720.4375,215.4575,1618,Noah Haddad,10/26/2024,Phone,Gadgets,Spain,Madrid,650.93,783.25,566.02,0.05,23.95,Bank Transfer,Partner,K. Haddad,EUR
14543,4,3805.024,419.434,2884,Noah Lopez,11/12/2023,Headphone,Tech,USA,New York,674.46,1189.07,672.51,0.2,21.09,Cash,Retail,Unknown,EUR
14544,5,5771.025,325.415,1280,Ali Chen,11/18/2023,Mouse,Tech,USA,New York,342.11,1282.45,1016.22,0.1,22.4,Credit Card,Retail,K. Haddad,USD
14545,6,6430.692,1609.502,1912,Ahmed Silva,6/17/2023,Phone,Electronic,Morocco,Casablanca,1045.96,1260.92,627.2,0.15,12.03,Cash,Partner,S. Rossi,USD
14546,5,7007.45,3278.44,2998,Lucas Chen,6/11/2025,Monitor,Tech,USA,New York,1215.24,1401.49,496,0,33.77,Bank Transfer,Direct,A. Johnson,USD
14547,2,1439.764,230.314,1088,Mariam Benali,5/24/2023,Phone,Electronic,Spain,Madrid,106.93,846.92,544.02,0.15,14.48,PayPal,Direct,Unknown,USD
14548,7,1854.531,579.471,1109,Ali Rahmani,2/11/2025,Tablet,Electronic,Spain,Madrid,251.71,294.37,144,0.1,15.35,PayPal,Direct,M. Lopez,USD
14549,7,7764.939,2935.249,2457,Sofia Ibrahim,4/19/2024,Monitor,Electronic,Morocco,Casablanca,1200.94,1232.53,512.99,0.1,37.82,Crypto,Retail,A. Johnson,USD
14550,2,2030.276,431.936,2884,Ahmed Smith,12/2/2023,Laptop,Gadgets,Germany,Berlin,194.56,1194.28,699.69,0.15,4.4,Credit Card,Online,Unknown,USD
14551,4,459.424,-91.276,1259,John Garcia,4/10/2025,Tablet,Tech,Germany,Berlin,65.28,143.57,113.16,0.2,32.78,PayPal,Online,Unknown,USD
14552,7,3038.301,-467.209,2903,Noah Garcia,6/14/2024,Mouse,Tech,Germany,Berlin,500.1,482.27,423.51,0.1,40.84,Crypto,Retail,A. Johnson,USD
14553,7,5253.9655,2074.1455,2188,Nora Haddad,5/20/2023,Keyboard,Electronic,France,Paris,730.01,790.07,343.5,0.05,45.31,PayPal,Online,S. Rossi,USD
14554,1,114.6745,19.2745,1075,Mariam Rossi,1/1/2024,Tablet,Tech,Morocco,Casablanca,13.38,120.71,60.93,0.05,21.09,Cash,Online,S. Rossi,USD
14555,3,1464.723,267.213,2780,Sofia Kowalski,8/16/2023,Tablet,Electronic,Morocco,Casablanca,158.34,542.49,338,0.1,25.17,Credit Card,Direct,K. Haddad,USD
14556,3,2260.089,245.879,1471,Sofia Dubois,8/30/2023,Phone,Electronic,Germany,Berlin,197.93,837.07,589.18,0.1,48.74,Cash,Direct,Unknown,USD
14557,3,857.331,366.851,2354,Maria Smith,12/10/2024,Headphone,Tech,Morocco,Casablanca,49.6,317.53,139.93,0.1,21.09,Credit Card,Partner,K. Haddad,USD
14558,3,2643.1515,406.1115,1463,Ahmed Haddad,5/16/2025,Laptop,Tech,USA,New York,201.86,1036.53,669.04,0.15,28.06,Cash,Online,L. Martin,EUR
14559,3,3328.371,1448.081,2086,Sara Chen,7/21/2024,Tablet,Gadgets,Germany,Berlin,261.57,1232.73,538.34,0.1,3.7,Credit Card,Retail,S. Rossi,USD
14560,2,457.98,14.55,2071,Nora Kowalski,5/27/2023,Mouse,Tech,UAE,Dubai,83.75,228.99,178.49,0,2.7,Cash,Online,Unknown,MAD
14561,6,2445.699,22.559,2596,Sara Chen,1/1/2025,Keyboard,Electronic,USA,New York,249.13,429.07,358.82,0.05,21.09,Cash,Online,S. Rossi,USD
14562,1,1226.193,197.203,1953,Ali Chen,8/22/2024,Headphone,Electronic,Spain,Madrid,181.52,1442.58,817.05,0.15,30.42,Crypto,Direct,L. Martin,USD
14563,3,2791.152,-179.068,1284,Sara Haddad,11/9/2023,Phone,Gadgets,USA,New York,362.29,1033.76,858.41,0.1,32.7,Credit Card,Retail,Unknown,MAD
14564,2,1093.408,12.068,1891,Emma Benali,12/15/2024,Monitor,Tech,USA,New York,88.59,683.38,490.66,0.2,11.43,Bank Transfer,Partner,S. Rossi,USD
14565,1,1153.7655,431.5255,2649,Luis Kowalski,8/8/2024,Keyboard,Electronic,Germany,Berlin,188.11,1214.49,505.38,0.05,28.75,Crypto,Online,Unknown,USD
14566,6,1389.504,45.494,2698,Fatima Dubois,2/26/2023,Mouse,Electronic,Spain,Madrid,120.9,289.48,197.63,0.2,37.33,Credit Card,Online,A. Johnson,USD
14567,6,1161.168,130.208,2689,Youssef Haddad,12/9/2023,Tablet,Electronic,France,Paris,114.62,241.91,149.81,0.2,17.48,Cash,Online,M. Lopez,USD
14568,1,995.391,268.701,1494,Emma Rahmani,9/9/2024,Tablet,Tech,France,Paris,0,1105.99,701.85,0.1,24.84,Bank Transfer,Online,L. Martin,MAD
14569,3,1334.043,152.863,2214,Luis Rossi,9/9/2023,Keyboard,Electronic,Morocco,Casablanca,161.24,494.09,332.95,0.1,21.09,Cash,Retail,K. Haddad,USD
14570,2,2597.904,434.624,2139,Ali Benali,3/14/2023,Smartphone,Tech,Spain,Madrid,461.61,1443.28,847.28,0.1,7.11,Credit Card,Direct,S. Rossi,USD
14571,5,7148.75,1573.31,1938,John Benali,8/2/2024,Mouse,Tech,USA,New York,1228.77,1429.75,864.86,0,22.37,Credit Card,Partner,L. Martin,MAD
14572,1,1259.361,450.051,2733,Sofia Lopez,3/23/2024,Phone,Tech,Morocco,Casablanca,110.18,1399.29,672.68,0.1,26.45,Credit Card,Direct,Unknown,USD
14573,3,1781.352,-271.908,1927,Maria Lopez,6/2/2023,Monitor,Electronic,Morocco,Casablanca,273.25,742.23,587.55,0.2,17.36,Credit Card,Online,Unknown,USD
14574,7,5464.7775,-187.7825,1166,John Garcia,5/27/2023,Laptop,Tech,UAE,Dubai,599.99,918.45,715.8,0.15,41.97,Credit Card,Online,A. Johnson,EUR
14575,3,731.16,189.13,1318,Mariam Smith,6/16/2025,Keyboard,Electronic,USA,New York,92.46,304.65,144.46,0.2,16.19,Bank Transfer,Partner,Unknown,EUR
14576,7,7013.8215,258.6115,2791,Sara Lopez,1/29/2025,Mouse,Electronic,USA,New York,686.53,1054.71,866.41,0.05,3.81,Cash,Direct,M. Lopez,USD
14577,6,6763.776,1234.176,1385,Youssef Garcia,5/26/2025,Laptop,Gadgets,Morocco,Casablanca,943.68,1409.12,756.85,0.2,44.82,Bank Transfer,Retail,Unknown,USD
14578,7,5278.581,612.611,2458,Maria Dubois,4/30/2024,Monitor,Electronic,USA,New York,934.48,837.87,531.21,0.1,13.02,PayPal,Partner,Unknown,USD
14579,1,534.699,3.279,2171,Emma Smith,7/26/2023,Phone,Electronic,USA,New York,79.71,594.11,428.01,0.1,23.7,Crypto,Online,Unknown,USD
14580,3,3749.4435,1121.3235,2991,Sofia Haddad,9/7/2023,Keyboard,Gadgets,Germany,Berlin,481.26,1470.37,700.99,0.15,43.89,Credit Card,Retail,K. Haddad,EUR
14581,3,1346.397,600.067,1979,Ahmed Rahmani,9/30/2023,Headphone,Electronic,USA,New York,71.18,472.42,220.2,0.05,14.55,Credit Card,Online,M. Lopez,USD
14582,6,552.66,62.09,2818,Ali Ibrahim,6/20/2023,Keyboard,Electronic,Germany,Berlin,106.18,92.11,58.22,0,35.07,Crypto,Retail,A. Johnson,USD
14583,7,3780.4585,815.5485,2201,Youssef Silva,3/8/2025,Laptop,Gadgets,Morocco,Casablanca,240.14,568.49,386.94,0.05,16.19,Credit Card,Retail,K. Haddad,EUR
14584,6,2538.153,398.983,1796,Fatima Rossi,6/2/2023,Laptop,Electronic,Spain,Madrid,338.21,445.29,298.4,0.05,10.56,Credit Card,Retail,S. Rossi,EUR
14585,1,353.51,153.37,2350,John Benali,7/11/2024,Smartphone,Tech,Spain,Madrid,49.74,353.51,147.41,0,2.99,Bank Transfer,Direct,Unknown,MAD
14586,3,563.274,165.784,2537,Fatima Dubois,1/3/2025,Mouse,Electronic,UAE,Dubai,0,197.64,124.64,0.05,23.57,Bank Transfer,Online,M. Lopez,USD
14587,6,7185.9,816.3,2565,Lucas Haddad,1/30/2023,Tablet,Electronic,Morocco,Casablanca,1042.12,1197.65,884.04,0,23.24,Credit Card,Direct,Unknown,USD
14588,4,2048.4,935.29,2103,Lucas Benali,11/26/2024,Keyboard,Tech,USA,New York,133.69,512.1,242.48,0,9.5,Cash,Online,Unknown,USD
14589,4,4126.6,1381.37,2581,Noah Rahmani,8/28/2024,Laptop,Tech,Spain,Madrid,744.93,1031.65,496,0,16.3,Cash,Retail,Unknown,MAD
14590,3,1359,199.43,1436,Youssef Benali,2/4/2024,Smartphone,Electronic,Spain,Madrid,126.76,453,337.24,0,21.09,Credit Card,Online,K. Haddad,EUR
14591,1,1366.2045,707.4445,2145,Lucas Benali,2/12/2024,Keyboard,Electronic,UAE,Dubai,141.67,1438.11,496,0.05,21.09,Bank Transfer,Online,M. Lopez,USD
14592,4,1702.152,66.982,1107,Fatima Garcia,6/1/2023,Monitor,Tech,USA,New York,201.23,472.82,348.89,0.1,38.38,Credit Card,Online,M. Lopez,USD
14593,5,658.9625,-1957.1875,2992,Fatima Khan,4/21/2025,Keyboard,Tech,Morocco,Casablanca,111.13,155.05,496,0.15,25.02,Bank Transfer,Partner,Unknown,EUR
14594,2,2024.479,718.929,2272,Fatima Kowalski,1/17/2024,Tablet,Tech,Morocco,Casablanca,291.16,1190.87,492,0.15,30.39,Credit Card,Online,M. Lopez,USD
14595,6,1300.245,-1859.295,1801,Luis Garcia,6/13/2025,Mouse,Tech,France,Paris,158.5,254.95,496,0.15,25.04,Cash,Direct,S. Rossi,MAD
14596,4,1440.614,-55.806,2540,Youssef Rossi,3/25/2024,Laptop,Gadgets,Germany,Berlin,89,423.71,344.15,0.15,30.82,Crypto,Direct,Unknown,MAD
14597,1,952.986,390.926,1233,Sara Khan,3/7/2023,Phone,Electronic,Morocco,Casablanca,0,1121.16,540.97,0.15,21.09,PayPal,Direct,Unknown,MAD
14598,6,3819.96,1276.96,2352,Ali Lopez,1/22/2024,Monitor,Tech,USA,New York,743.86,707.4,293.89,0.1,35.8,Bank Transfer,Online,M. Lopez,MAD
14599,1,1268.04,688.26,1945,Noah Silva,5/9/2023,Headphone,Electronic,France,Paris,82.58,1268.04,496,0,1.2,Credit Card,Partner,L. Martin,USD
14600,4,1702.92,277.59,1712,Fatima Rahmani,6/24/2024,Mouse,Tech,Morocco,Casablanca,161.34,425.73,306.15,0,39.39,Bank Transfer,Online,K. Haddad,USD
14601,7,7542.136,873.516,1397,Sara Benali,6/29/2023,Headphone,Tech,Spain,Madrid,1019.74,1346.81,802.71,0.2,29.91,PayPal,Partner,L. Martin,EUR
14602,2,2035.6,337.2,2762,Nora Lopez,12/24/2024,Tablet,Electronic,Morocco,Casablanca,183.29,1017.8,735.98,0,43.15,Cash,Online,K. Haddad,USD
14603,6,716.88,140.52,1152,John Kowalski,6/15/2024,Mouse,Electronic,Morocco,Casablanca,0,149.35,92.8,0.2,19.56,Crypto,Online,A. Johnson,USD
14604,4,392.768,-16.452,2861,John Chen,4/30/2024,Phone,Electronic,Morocco,Casablanca,70.29,115.52,82.12,0.15,10.45,Crypto,Direct,A. Johnson,USD
14605,6,3040.944,1306.764,1091,Noah Lopez,4/2/2024,Monitor,Gadgets,Germany,Berlin,168.69,633.53,256.51,0.2,26.43,Crypto,Online,M. Lopez,MAD
14606,5,2495.34,339.86,2403,John Dubois,9/23/2024,Mouse,Gadgets,Spain,Madrid,331.66,554.52,358.41,0.1,31.77,Bank Transfer,Retail,Unknown,MAD
14607,7,6318.018,-796.742,2685,Noah Haddad,7/24/2023,Smartphone,Gadgets,USA,New York,930.67,1002.86,880.83,0.1,18.28,PayPal,Direct,K. Haddad,USD
14608,1,881.264,-4.706,1141,Sofia Khan,5/5/2023,Keyboard,Tech,Spain,Madrid,89.78,1101.58,783.3,0.2,12.89,Credit Card,Online,Unknown,USD
14609,7,1183.077,-219.453,1882,Emma Rahmani,6/2/2023,Monitor,Tech,Germany,Berlin,176.31,187.79,168.13,0.1,49.31,Crypto,Retail,M. Lopez,USD
14610,6,399.456,60.246,1714,Mariam Ibrahim,6/1/2025,Keyboard,Electronic,USA,New York,0,70.08,54.15,0.05,14.31,Crypto,Retail,Unknown,EUR
14611,3,1618.608,252.298,1884,Lucas Khan,2/5/2023,Mouse,Gadgets,USA,New York,170.62,674.42,386.26,0.2,36.91,Credit Card,Online,K. Haddad,USD
14612,4,4799.59,-4.79,2443,Mariam Garcia,1/1/2025,Headphone,Electronic,Spain,Madrid,275.8,1263.05,1130.69,0.05,5.82,PayPal,Online,K. Haddad,EUR
14613,6,5693.103,942.623,2157,Noah Ibrahim,2/22/2025,Tablet,Gadgets,Morocco,Casablanca,515.7,998.79,699.57,0.05,37.36,Credit Card,Online,L. Martin,MAD
14614,5,3764.04,165.37,2886,Youssef Silva,10/12/2024,Smartphone,Tech,Germany,Berlin,319.4,941.01,649.32,0.2,32.67,Credit Card,Partner,A. Johnson,USD
14615,7,7934.864,1122.984,2979,Lucas Rossi,7/19/2023,Tablet,Tech,Morocco,Casablanca,467.6,1416.94,905.54,0.2,5.5,Crypto,Online,M. Lopez,EUR
14616,3,3039,1309.82,2144,Mariam Rossi,2/24/2023,Keyboard,Electronic,Spain,Madrid,196.24,1266.25,496,0.2,44.94,PayPal,Direct,S. Rossi,USD
14617,5,5285.04,430.61,1267,Emma Haddad,3/10/2024,Laptop,Gadgets,Germany,Berlin,570.7,1321.26,854.46,0.2,11.43,Cash,Online,M. Lopez,USD
14618,1,1304.973,434.213,1183,Sara Kowalski,2/16/2024,Tablet,Electronic,Morocco,Casablanca,230.78,1449.97,639.69,0.1,0.29,Bank Transfer,Online,K. Haddad,USD
14619,5,4182.25,920,1790,Mariam Dubois,11/30/2024,Keyboard,Tech,USA,New York,503.46,836.45,541.76,0,49.99,Crypto,Partner,M. Lopez,MAD
14620,1,921.159,-1.681,2290,Emma Lopez,9/24/2024,Keyboard,Electronic,Spain,Madrid,157.43,1023.51,744.32,0.1,21.09,Crypto,Retail,Unknown,USD
14621,5,5432.5275,445.5375,1785,Fatima Garcia,6/18/2024,Laptop,Electronic,Morocco,Casablanca,324.68,1143.69,922.87,0.05,47.96,Bank Transfer,Direct,Unknown,EUR
14622,5,2774.35,-168.32,1536,Luis Kowalski,3/3/2023,Tablet,Gadgets,Spain,Madrid,553.67,554.87,473.27,0,22.65,Bank Transfer,Direct,L. Martin,USD
14623,3,1610.58,650.77,1820,Lucas Rossi,3/2/2024,Tablet,Tech,USA,New York,216.06,536.86,233.92,0,41.99,Credit Card,Online,S. Rossi,USD
14624,3,59.616,-9.684,1651,Ali Kowalski,6/5/2024,Mouse,Electronic,USA,New York,0,24.84,14.08,0.2,27.06,Credit Card,Online,S. Rossi,MAD
14625,1,226.347,24.117,1263,Emma Lopez,6/27/2024,Headphone,Tech,Germany,Berlin,17.51,238.26,177.37,0.05,7.35,Credit Card,Online,L. Martin,EUR
14626,7,2129.274,-230.076,2748,Fatima Rossi,7/18/2023,Smartphone,Electronic,USA,New York,275.76,337.98,293.2,0.1,31.19,Cash,Direct,A. Johnson,MAD
14627,7,5860.1795,2045.9095,1398,John Dubois,2/22/2025,Smartphone,Electronic,USA,New York,355.78,881.23,492.83,0.05,8.68,PayPal,Online,S. Rossi,USD
14628,5,2409.105,-89.615,2072,Emma Garcia,5/12/2024,Keyboard,Tech,USA,New York,291.07,507.18,437.28,0.05,21.25,Cash,Retail,Unknown,USD
14629,4,3102.4,-202.43,1973,Luis Kowalski,3/29/2025,Mouse,Gadgets,Morocco,Casablanca,161.79,969.5,777.26,0.2,34,Cash,Direct,Unknown,MAD
14630,7,3973.5745,169.9145,2879,Mariam Dubois,8/30/2023,Headphone,Tech,USA,New York,295.48,597.53,496,0.05,36.18,Credit Card,Retail,L. Martin,EUR
14631,2,461.871,38.211,2861,Mariam Ibrahim,3/17/2024,Phone,Electronic,France,Paris,40.61,243.09,174.24,0.05,34.57,Credit Card,Partner,Unknown,USD
14632,2,41.472,-26.098,2738,Maria Silva,6/3/2025,Keyboard,Gadgets,Morocco,Casablanca,0,23.04,13.18,0.1,41.21,Bank Transfer,Partner,S. Rossi,USD
14633,6,1967.835,-54.385,2967,Noah Rossi,7/24/2023,Laptop,Electronic,USA,New York,259.89,385.85,293.28,0.15,2.65,Credit Card,Online,A. Johnson,USD
14634,1,219.924,-37.916,2461,Lucas Silva,11/8/2023,Tablet,Tech,Morocco,Casablanca,27.54,244.36,213.66,0.1,16.64,Credit Card,Partner,S. Rossi,USD
14635,5,3950.1,971.72,1922,Nora Khan,1/29/2024,Laptop,Electronic,France,Paris,484.57,877.8,491.46,0.1,36.51,PayPal,Retail,L. Martin,USD
14636,6,6550.956,2303.826,2663,John Smith,11/3/2023,Mouse,Tech,France,Paris,785,1213.14,573.53,0.1,20.95,Crypto,Direct,K. Haddad,EUR
14637,3,2168.52,145.54,2467,Maria Ibrahim,6/2/2024,Tablet,Gadgets,Germany,Berlin,200.43,722.84,595.86,0,34.97,Credit Card,Online,Unknown,EUR
14638,3,3968.82,109.1,2326,Maria Ibrahim,12/13/2023,Tablet,Gadgets,UAE,Dubai,356.77,1322.94,1160.25,0,22.2,Crypto,Partner,Unknown,EUR
14639,5,5125.32,-275.36,2918,Sofia Kowalski,3/29/2025,Keyboard,Electronic,Germany,Berlin,910.67,1281.33,894.9,0.2,15.51,PayPal,Direct,L. Martin,USD
14640,4,2774.664,-233.876,2369,Luis Lopez,3/31/2025,Mouse,Tech,Morocco,Casablanca,409.02,770.74,647.95,0.1,7.72,Cash,Online,Unknown,USD
14641,7,3960.999,342.559,1747,Ahmed Kowalski,5/1/2023,Mouse,Electronic,Morocco,Casablanca,672.63,628.73,418.6,0.1,15.61,Cash,Online,M. Lopez,USD
14642,2,1601.408,-114.872,2968,John Garcia,8/13/2024,Smartphone,Electronic,UAE,Dubai,0,1000.88,849.15,0.2,17.98,Credit Card,Online,L. Martin,EUR
14643,1,675.729,-80.101,2810,Nora Khan,2/6/2025,Keyboard,Tech,UAE,Dubai,94.36,750.81,622.31,0.1,39.16,Cash,Partner,K. Haddad,EUR
14644,7,5068.672,1479.602,1198,Ahmed Rahmani,7/13/2024,Tablet,Electronic,UAE,Dubai,639.49,905.12,418.63,0.2,19.17,Credit Card,Online,M. Lopez,MAD
14645,2,1722.032,-330.098,1237,Emma Haddad,10/11/2023,Laptop,Tech,USA,New York,261.36,1076.27,875.74,0.2,39.29,Cash,Direct,Unknown,EUR
14646,2,2825.24,712.46,1821,Sofia Rahmani,2/5/2025,Phone,Tech,Morocco,Casablanca,259.76,1412.62,926.17,0,0.68,Credit Card,Online,L. Martin,MAD
14647,7,4127.48,-210.23,2613,Ahmed Kowalski,4/29/2024,Laptop,Gadgets,Germany,Berlin,818.32,589.64,496,0,47.39,Credit Card,Online,Unknown,MAD
14648,4,4594.752,2093.322,1138,Fatima Garcia,2/25/2025,Smartphone,Electronic,Morocco,Casablanca,468.47,1435.86,496,0.2,48.96,Credit Card,Online,K. Haddad,USD
14649,3,426.768,111.598,2531,Luis Chen,8/23/2024,Mouse,Electronic,Spain,Madrid,44.77,177.82,83.68,0.2,19.36,Bank Transfer,Direct,Unknown,MAD
14650,4,3855.2,788.39,2010,Nora Ibrahim,12/16/2024,Smartphone,Electronic,Morocco,Casablanca,285.15,963.8,695.32,0,0.38,PayPal,Online,A. Johnson,EUR
14651,4,3311.814,1115.014,2272,Youssef Lopez,1/5/2025,Tablet,Tech,Germany,Berlin,237.58,871.53,487.25,0.05,10.22,Credit Card,Online,Unknown,USD
14652,6,6202.224,-299.286,1123,John Garcia,9/10/2024,Keyboard,Electronic,Morocco,Casablanca,1110.33,1148.56,893.43,0.1,30.6,PayPal,Online,Unknown,MAD
14653,3,1460.7675,-78.7225,1696,Ahmed Haddad,1/3/2025,Headphone,Electronic,Spain,Madrid,190.42,512.55,442.66,0.05,21.09,Crypto,Online,Unknown,USD
14654,4,1812.54,389.71,2352,Leo Benali,4/20/2024,Tablet,Electronic,Germany,Berlin,198.71,533.1,301.3,0.15,18.92,Crypto,Online,S. Rossi,USD
14655,5,5241.64,-1142.88,2020,Ahmed Rossi,3/3/2023,Smartphone,Gadgets,France,Paris,711.98,1310.41,1128.36,0.2,30.74,Cash,Direct,Unknown,EUR
14656,7,7586.397,1593.747,2167,Emma Chen,10/10/2024,Laptop,Electronic,USA,New York,1399.32,1204.19,650.67,0.1,38.64,Credit Card,Partner,L. Martin,USD
14657,7,5023.494,-259.566,2190,Noah Rahmani,1/18/2023,Headphone,Gadgets,Morocco,Casablanca,331.45,797.38,704.36,0.1,21.09,Credit Card,Partner,Unknown,MAD
14658,3,2649.5025,967.3925,1714,Leo Kowalski,11/23/2024,Laptop,Tech,UAE,Dubai,295.83,929.65,457.94,0.05,12.46,Bank Transfer,Retail,A. Johnson,MAD
14659,5,1907.125,380.785,1654,Mariam Dubois,12/17/2023,Laptop,Tech,Morocco,Casablanca,230.88,401.5,259.03,0.05,0.31,Credit Card,Retail,Unknown,USD
14660,4,357,39.09,2914,Ahmed Smith,12/28/2023,Headphone,Electronic,Germany,Berlin,66.3,89.25,58.17,0,18.93,Cash,Partner,L. Martin,MAD
14661,7,-7579.467,-14304.667,2061,Leo Benali,4/1/2024,Phone,Tech,USA,New York,1314.35,-1203.09,768.89,0.1,28.62,Credit Card,Direct,S. Rossi,EUR
14662,2,1425.006,-246.084,2534,Sofia Chen,3/19/2025,Headphone,Electronic,France,Paris,268.47,791.67,699.75,0.1,3.12,Bank Transfer,Retail,L. Martin,MAD
14663,6,5994.432,1966.202,2176,Lucas Rossi,5/11/2025,Mouse,Tech,USA,New York,0,1248.84,666.82,0.2,27.31,Credit Card,Online,K. Haddad,MAD
14664,1,721.368,237.288,1485,Ali Kowalski,5/24/2024,Laptop,Gadgets,UAE,Dubai,99.76,801.52,370.08,0.1,14.24,Credit Card,Direct,Unknown,USD
14665,2,214.352,-59.838,1392,Luis Ibrahim,7/7/2024,Tablet,Gadgets,Morocco,Casablanca,31.53,133.97,104.07,0.2,34.52,Bank Transfer,Partner,S. Rossi,USD
14666,1,971.08,234.15,1138,Emma Smith,4/12/2023,Laptop,Tech,Germany,Berlin,0,971.08,715.84,0,21.09,Credit Card,Retail,A. Johnson,MAD
14667,1,585.99,-50.72,2720,Ahmed Garcia,3/15/2025,Tablet,Electronic,UAE,Dubai,83.83,689.4,542.51,0.15,10.37,PayPal,Online,S. Rossi,USD
14668,6,6805.566,1080.946,2806,Lucas Garcia,3/6/2024,Mouse,Tech,UAE,Dubai,860.71,1260.29,808.05,0.1,15.61,PayPal,Online,Unknown,MAD
14669,5,5551.8,2041.68,1567,Luis Haddad,2/13/2024,Phone,Electronic,Morocco,Casablanca,867.62,1110.36,521.24,0,36.3,Crypto,Retail,Unknown,USD
14670,6,784.86,329.77,2954,Ahmed Benali,6/18/2023,Phone,Gadgets,Spain,Madrid,59.09,130.81,61.3,0,28.2,Credit Card,Partner,L. Martin,EUR
14671,5,219.51,65.02,2121,Nora Rossi,9/22/2024,Laptop,Gadgets,Germany,Berlin,18.96,48.78,25.26,0.1,9.23,PayPal,Online,Unknown,MAD
14672,7,9398.025,2321.635,1015,Maria Benali,1/13/2024,Keyboard,Electronic,USA,New York,1087.83,1491.75,852.03,0.1,24.35,Crypto,Online,Unknown,USD
14673,6,917.784,93.554,1735,Ali Rossi,5/14/2025,Tablet,Electronic,France,Paris,137.84,169.96,107.7,0.1,40.19,Credit Card,Online,Unknown,USD
14674,6,2437.14,-127.18,2989,Mariam Benali,12/11/2024,Monitor,Tech,Germany,Berlin,451.09,406.19,349.65,0,15.33,Crypto,Online,K. Haddad,USD
14675,4,1210.86,-184.42,1580,Lucas Silva,10/8/2023,Smartphone,Electronic,Morocco,Casablanca,211.11,336.35,290.77,0.1,21.09,Cash,Online,L. Martin,USD
14676,4,3192.736,224.286,2316,John Garcia,12/3/2024,Keyboard,Gadgets,Morocco,Casablanca,286.23,997.73,658.8,0.2,47.02,Cash,Online,S. Rossi,USD
14677,6,5501.412,263.822,2574,Ali Garcia,12/2/2023,Phone,Electronic,Morocco,Casablanca,665.59,1018.78,757.69,0.1,25.86,PayPal,Online,A. Johnson,MAD
14678,5,588.51,81.48,1643,Leo Chen,1/21/2023,Tablet,Tech,Morocco,Casablanca,94.26,130.78,76.77,0.1,28.92,Cash,Online,L. Martin,USD
14679,4,4355.142,677.482,1942,Noah Lopez,7/29/2023,Keyboard,Tech,UAE,Dubai,619.72,1146.09,762.93,0.05,6.22,Credit Card,Partner,A. Johnson,MAD
14680,5,3490.5,1488.67,1491,Luis Dubois,1/29/2025,Mouse,Tech,Morocco,Casablanca,499.46,698.1,293.17,0,36.52,Bank Transfer,Online,K. Haddad,MAD
14681,1,233.091,2.591,1303,Noah Haddad,7/8/2024,Tablet,Tech,Spain,Madrid,21.1,258.99,194.81,0.1,14.59,Cash,Retail,S. Rossi,EUR
14682,6,8125.08,2381.28,1595,Lucas Khan,4/16/2023,Laptop,Electronic,France,Paris,1577.31,1354.18,686.74,0,46.05,Bank Transfer,Partner,A. Johnson,MAD
14683,3,98.955,-21.715,2954,Nora Silva,1/22/2025,Mouse,Tech,Germany,Berlin,18.36,36.65,19.45,0.1,43.96,Credit Card,Online,Unknown,EUR
14684,7,7984.256,2387.306,2969,Nora Smith,7/9/2023,Keyboard,Tech,Spain,Madrid,656.89,1425.76,700.37,0.2,37.47,Bank Transfer,Retail,Unknown,USD
14685,3,1139.07,4.25,2899,Noah Rossi,12/5/2023,Smartphone,Electronic,Morocco,Casablanca,122.27,379.69,333.55,0,11.9,Cash,Online,Unknown,USD
14686,7,3223.787,1098.247,1348,Youssef Rahmani,5/27/2024,Mouse,Tech,USA,New York,278.27,484.78,261.42,0.05,17.33,Cash,Online,Unknown,USD
14687,4,3958.048,1952.858,2702,Noah Garcia,10/21/2023,Laptop,Electronic,Spain,Madrid,0,1236.89,496,0.2,21.19,Bank Transfer,Direct,Unknown,USD
14688,4,2193.912,323.552,1916,Youssef Rahmani,1/14/2025,Tablet,Electronic,Morocco,Casablanca,423.43,609.42,360.26,0.1,5.89,Credit Card,Online,S. Rossi,EUR
14689,6,5891.928,11.988,2539,Maria Smith,9/24/2024,Tablet,Tech,Spain,Madrid,743.34,1155.28,855.48,0.15,3.72,Crypto,Online,A. Johnson,USD
14690,7,3631.523,-70.817,1679,Leo Silva,9/21/2023,Keyboard,Gadgets,Germany,Berlin,324.85,610.34,476.98,0.15,38.63,PayPal,Direct,Unknown,USD
14691,3,645.582,-10.448,1728,Youssef Lopez,2/3/2023,Headphone,Electronic,Morocco,Casablanca,120.85,226.52,170.96,0.05,22.3,Bank Transfer,Partner,M. Lopez,USD
14692,5,2014.36,574.79,1239,Emma Silva,9/11/2023,Smartphone,Electronic,Spain,Madrid,232.93,503.59,233.29,0.2,40.19,Cash,Partner,L. Martin,MAD
14693,3,2798.76,862.79,2699,Noah Rahmani,1/25/2024,Headphone,Tech,Morocco,Casablanca,436.16,932.92,492.54,0,22.19,Bank Transfer,Direct,Unknown,EUR
14694,5,1059.435,-1464.605,1669,Ahmed Benali,7/5/2023,Headphone,Gadgets,Morocco,Casablanca,0,235.43,496,0.1,44.04,Credit Card,Retail,S. Rossi,EUR
14695,7,7748.51,-421.39,1596,Leo Dubois,7/24/2024,Laptop,Gadgets,Morocco,Casablanca,1182.44,1106.93,996.09,0,14.83,PayPal,Direct,S. Rossi,MAD
14696,6,6396.432,452.542,2619,Maria Chen,5/15/2025,Phone,Electronic,USA,New York,766.38,1332.59,857.14,0.2,34.67,Crypto,Retail,A. Johnson,USD
14697,6,2277.42,730.49,2037,Fatima Dubois,8/8/2024,Monitor,Gadgets,UAE,Dubai,283.33,379.57,205.12,0,32.88,PayPal,Direct,A. Johnson,EUR
14698,7,7366.968,2560.298,1606,Fatima Khan,1/30/2024,Monitor,Tech,UAE,Dubai,466.55,1169.36,619.37,0.1,4.53,Crypto,Direct,K. Haddad,USD
14699,3,979.8885,187.0085,1152,Lucas Silva,3/6/2024,Laptop,Tech,UAE,Dubai,169.12,384.27,197.65,0.15,30.81,Crypto,Online,Unknown,MAD
14700,1,1159.21,464.7,1511,John Lopez,12/9/2023,Phone,Tech,Morocco,Casablanca,148.6,1159.21,538.81,0,7.1,Cash,Direct,M. Lopez,EUR
14701,6,6782.772,-282.908,1512,Ali Silva,11/18/2023,Mouse,Tech,France,Paris,1006.97,1189.96,1006.27,0.05,21.09,Crypto,Online,Unknown,USD
14702,3,3934.8525,923.1425,1284,Noah Smith,9/2/2023,Keyboard,Electronic,Morocco,Casablanca,428.38,1380.65,854.08,0.05,21.09,Credit Card,Online,Unknown,USD
14703,5,4449.555,502.465,2691,Emma Benali,8/10/2023,Tablet,Electronic,UAE,Dubai,830.67,988.79,621.41,0.1,9.37,Credit Card,Online,S. Rossi,MAD
14704,7,7043.33,2083.04,1901,Maria Ibrahim,9/30/2023,Monitor,Electronic,Morocco,Casablanca,1247.34,1006.19,523.94,0,45.37,Credit Card,Online,Unknown,USD
14705,5,212,15.14,2532,Nora Lopez,6/19/2024,Mouse,Tech,France,Paris,40.34,53,30.66,0.2,3.22,Bank Transfer,Direct,Unknown,MAD
14706,3,4047.975,945.855,1878,Maria Rossi,2/10/2024,Tablet,Electronic,USA,New York,648.98,1499.25,811.8,0.1,17.74,Credit Card,Partner,A. Johnson,USD
14707,3,701.088,59.388,1583,Lucas Silva,12/12/2024,Mouse,Tech,UAE,Dubai,36.06,292.12,191.39,0.2,31.47,Credit Card,Partner,K. Haddad,USD
14708,2,1769.054,374.664,1029,Luis Ibrahim,3/13/2024,Headphone,Electronic,Spain,Madrid,296.58,1040.62,547.04,0.15,3.73,Credit Card,Online,L. Martin,MAD
14709,2,1091.58,318.16,1253,Mariam Benali,7/6/2023,Mouse,Electronic,Morocco,Casablanca,104.77,545.79,323.78,0,21.09,Crypto,Partner,L. Martin,USD
14710,1,315.243,34.523,2901,Leo Dubois,9/13/2023,Monitor,Tech,USA,New York,54.68,350.27,208.04,0.1,18,PayPal,Online,L. Martin,EUR
14711,3,3353.82,1448.16,2298,Luis Dubois,12/9/2024,Monitor,Electronic,USA,New York,390.06,1117.94,496,0,27.6,Bank Transfer,Online,S. Rossi,MAD
14712,1,376.731,-22.819,1204,Youssef Kowalski,4/4/2024,Headphone,Gadgets,USA,New York,19.94,418.59,366.74,0.1,12.87,Credit Card,Retail,K. Haddad,USD
14713,5,686.52,-6.47,1531,Nora Benali,4/10/2023,Keyboard,Tech,USA,New York,56.88,171.63,120.22,0.2,35.01,Bank Transfer,Direct,K. Haddad,USD
14714,1,114.393,0.433,2146,Maria Benali,12/19/2024,Keyboard,Tech,USA,New York,10.92,134.58,58.26,0.15,44.78,Credit Card,Partner,M. Lopez,MAD
14715,1,207.841,59.481,2606,Ahmed Khan,2/26/2024,Laptop,Electronic,UAE,Dubai,11.2,218.78,104.09,0.05,33.07,Credit Card,Retail,K. Haddad,USD
14716,1,102.86,-432.49,1879,Maria Rahmani,6/16/2025,Monitor,Electronic,UAE,Dubai,15.57,102.86,496,0,23.78,Cash,Direct,Unknown,EUR
14717,7,7336.35,3376.9,1437,Emma Silva,4/21/2024,Keyboard,Tech,France,Paris,466.36,1164.5,496,0.1,21.09,Bank Transfer,Partner,M. Lopez,EUR
14718,3,153.216,-25.264,1618,Fatima Lopez,7/5/2023,Monitor,Tech,UAE,Dubai,11.63,53.76,44.71,0.05,32.72,Credit Card,Retail,M. Lopez,USD
14719,1,128.565,-1.855,2284,Ahmed Silva,12/21/2023,Laptop,Tech,UAE,Dubai,16.07,142.85,93.72,0.1,20.63,Bank Transfer,Partner,K. Haddad,USD
14720,2,1847.2,42.58,1320,Fatima Rossi,3/22/2024,Monitor,Electronic,Germany,Berlin,183.72,1154.5,797.78,0.2,25.34,Credit Card,Partner,A. Johnson,USD
14721,2,2775.197,1123.367,1819,Sara Garcia,3/1/2025,Smartphone,Electronic,USA,New York,399.55,1460.63,604.01,0.05,44.26,Credit Card,Partner,L. Martin,USD
14722,6,4081.632,1535.222,1325,Maria Dubois,2/4/2023,Phone,Gadgets,USA,New York,302.8,850.34,367.27,0.2,39.99,Credit Card,Online,K. Haddad,EUR
14723,4,804.06,184.47,2459,Ahmed Rahmani,7/31/2024,Laptop,Tech,USA,New York,110.77,223.35,120.06,0.1,28.58,PayPal,Partner,K. Haddad,USD
14724,1,604.775,130.805,1630,Ahmed Rossi,3/31/2025,Laptop,Gadgets,UAE,Dubai,53.87,711.5,399.01,0.15,21.09,Crypto,Online,Unknown,USD
14725,6,3300.096,1026.106,1349,Youssef Smith,8/3/2023,Monitor,Tech,Germany,Berlin,541,687.52,281.91,0.2,41.53,Bank Transfer,Direct,Unknown,EUR
14726,4,4276.368,268.448,1658,Luis Ibrahim,10/27/2023,Mouse,Gadgets,UAE,Dubai,815.44,1125.36,785.77,0.05,49.4,PayPal,Retail,A. Johnson,USD
14727,4,1653.8,76.44,2313,Luis Dubois,9/30/2024,Monitor,Electronic,France,Paris,322,413.45,303.34,0,42,Crypto,Online,L. Martin,EUR
14728,7,5563.656,1678.376,1226,Youssef Lopez,4/16/2025,Keyboard,Electronic,Morocco,Casablanca,0,993.51,551.61,0.2,24.01,Credit Card,Direct,K. Haddad,USD
14729,2,627.385,320.985,2069,Leo Garcia,12/16/2023,Tablet,Tech,USA,New York,0,369.05,152.1,0.15,2.2,Crypto,Partner,M. Lopez,USD
14730,5,4407.84,-50.72,1401,Luis Benali,7/7/2023,Monitor,Gadgets,Spain,Madrid,587.37,979.52,770.02,0.1,21.09,Cash,Online,M. Lopez,USD
14731,1,338.24,38.34,1509,Noah Khan,1/11/2024,Mouse,Electronic,Spain,Madrid,25.7,422.8,257.72,0.2,16.48,Credit Card,Online,Unknown,USD
14732,4,2536.632,1030.582,1364,Sofia Dubois,2/21/2024,Monitor,Electronic,Spain,Madrid,244.55,704.62,313.09,0.1,9.14,Credit Card,Direct,M. Lopez,USD
14733,5,5716.72,-1064.42,1377,Mariam Haddad,7/30/2023,Mouse,Electronic,France,Paris,549.96,1429.18,1243.51,0.2,13.63,Crypto,Partner,Unknown,EUR
14734,2,203.12,-40.6,1351,Maria Kowalski,7/20/2023,Mouse,Electronic,Spain,Madrid,25.27,126.95,98.14,0.2,22.17,Bank Transfer,Retail,A. Johnson,USD
14735,5,3039.6675,87.3175,1097,Luis Silva,3/4/2025,Mouse,Electronic,USA,New York,495.68,639.93,486.1,0.05,26.17,PayPal,Online,S. Rossi,MAD
14736,7,8374.506,92.746,2028,Mariam Rossi,1/12/2024,Tablet,Tech,Spain,Madrid,1498.92,1407.48,968.62,0.15,2.5,PayPal,Retail,M. Lopez,USD
14737,2,1516.7,684.77,1500,Ali Lopez,10/11/2024,Headphone,Electronic,Germany,Berlin,0,758.35,392.01,0,47.91,Cash,Online,M. Lopez,EUR
14738,3,4075.8135,1256.8235,1744,Mariam Silva,3/2/2024,Smartphone,Tech,France,Paris,729.89,1430.11,682.67,0.05,41.09,Credit Card,Online,L. Martin,USD
14739,6,2250.144,-71.806,1174,Luis Chen,2/24/2024,Keyboard,Tech,USA,New York,320.02,468.78,330.77,0.2,17.31,Bank Transfer,Online,A. Johnson,MAD
14740,3,2594.0385,339.3785,2380,John Smith,5/6/2025,Phone,Gadgets,France,Paris,167,1017.27,692.97,0.15,8.75,PayPal,Online,K. Haddad,MAD
14741,3,857.67,328.89,1262,Leo Haddad,3/6/2024,Keyboard,Gadgets,Morocco,Casablanca,129.97,285.89,126.29,0,19.94,PayPal,Online,A. Johnson,USD
14742,2,1002.456,237.946,2332,Nora Kowalski,8/18/2023,Tablet,Tech,USA,New York,168.13,556.92,276.18,0.1,44.02,Cash,Partner,K. Haddad,MAD
14743,5,3563.37,171.6,2591,Ali Kowalski,3/19/2023,Tablet,Gadgets,Morocco,Casablanca,364.87,791.86,601.01,0.1,21.85,Cash,Retail,Unknown,MAD
14744,2,714.618,310.148,1912,Fatima Khan,12/16/2023,Tablet,Electronic,Morocco,Casablanca,39.95,397.01,161.06,0.1,42.4,Crypto,Partner,A. Johnson,MAD
14745,4,916.232,31.802,1305,Emma Khan,7/3/2023,Monitor,Electronic,USA,New York,85.39,269.48,192.64,0.15,28.48,PayPal,Online,M. Lopez,MAD
14746,1,66.3,22.79,2044,Noah Lopez,12/13/2023,Monitor,Electronic,USA,New York,7.33,78,35.05,0.15,1.13,Cash,Partner,Unknown,USD
14747,1,978.078,337.098,2844,Maria Rossi,5/30/2025,Monitor,Electronic,Morocco,Casablanca,129.11,1150.68,500.49,0.15,11.38,PayPal,Online,S. Rossi,EUR
14748,2,2613,1328.14,2975,Ali Smith,5/4/2025,Laptop,Tech,UAE,Dubai,153.64,1306.5,552.93,0,25.36,Cash,Direct,Unknown,EUR
14749,1,111.864,27.634,1305,Maria Haddad,11/9/2024,Headphone,Electronic,France,Paris,10.18,139.83,73.73,0.2,0.32,Credit Card,Partner,A. Johnson,MAD
14750,3,1596.57,-73.54,1777,Noah Khan,12/16/2024,Tablet,Electronic,USA,New York,312.15,532.19,443.87,0,26.35,Cash,Online,L. Martin,MAD
14751,5,2014.785,632.335,1366,Fatima Rahmani,2/15/2025,Keyboard,Electronic,Morocco,Casablanca,305.91,447.73,213,0.1,11.54,Credit Card,Retail,S. Rossi,MAD
14752,6,5118.18,162.31,1719,Lucas Lopez,11/8/2024,Keyboard,Tech,Germany,Berlin,696.54,853.03,709.32,0,3.41,PayPal,Partner,Unknown,USD
14753,4,4757.22,2140.52,1437,Maria Khan,9/23/2023,Laptop,Electronic,Spain,Madrid,546.85,1251.9,513.87,0.05,14.37,Credit Card,Online,L. Martin,MAD
14754,4,1904.328,-258.492,2202,Noah Dubois,4/24/2024,Laptop,Gadgets,USA,New York,173.53,528.98,496,0.1,5.29,Credit Card,Retail,M. Lopez,MAD
14755,3,-142.29,-1657.64,2543,Fatima Kowalski,5/26/2024,Tablet,Electronic,USA,New York,14.53,-47.43,496,0,12.82,Crypto,Online,Unknown,EUR
14756,7,468.79,56.51,1568,Emma Chen,1/10/2025,Smartphone,Gadgets,USA,New York,54.63,66.97,47.09,0,28.02,Credit Card,Online,S. Rossi,USD
14757,5,5402.175,771.495,2957,Sara Smith,3/24/2025,Smartphone,Electronic,Morocco,Casablanca,486.08,1271.1,821.62,0.15,36.5,PayPal,Retail,M. Lopez,USD
14758,2,2477.142,-36.408,1074,Leo Khan,2/28/2025,Tablet,Electronic,Morocco,Casablanca,157.36,1376.19,1167.55,0.1,21.09,Credit Card,Online,Unknown,USD
14759,6,1440.75,417.6,1139,Ali Haddad,12/25/2023,Phone,Electronic,Morocco,Casablanca,150.57,282.5,144.12,0.15,7.86,Credit Card,Direct,S. Rossi,USD
14760,2,1176.06,313.05,2665,Lucas Benali,3/1/2024,Keyboard,Electronic,USA,New York,225.8,588.03,308.06,0,21.09,Bank Transfer,Online,Unknown,USD
14761,3,2807.88,1383.74,1493,Leo Khan,5/3/2024,Smartphone,Tech,UAE,Dubai,248.63,935.96,391.11,0,2.18,Credit Card,Online,Unknown,EUR
14762,4,4072.802,96.452,2056,Luis Rahmani,3/13/2023,Keyboard,Tech,USA,New York,207.98,1071.79,930.77,0.05,45.29,Crypto,Direct,A. Johnson,USD
14763,3,3301.872,-634.838,2501,Maria Rahmani,3/10/2025,Headphone,Tech,Morocco,Casablanca,634.86,1375.78,1093.7,0.2,20.75,Crypto,Direct,Unknown,USD
14764,1,676.33,123.75,1802,Lucas Dubois,5/15/2025,Smartphone,Gadgets,USA,New York,41.9,676.33,487.73,0,22.95,Crypto,Direct,M. Lopez,USD
14765,3,2874,67.26,2779,Sara Haddad,11/24/2024,Mouse,Tech,Germany,Berlin,384.57,1197.5,798.88,0.2,25.53,Credit Card,Direct,M. Lopez,EUR
14766,6,2764.176,285.486,1397,Youssef Kowalski,1/18/2025,Laptop,Tech,Morocco,Casablanca,223.7,575.87,370.06,0.2,34.63,Credit Card,Partner,L. Martin,USD
14767,1,1113.6945,21.5045,2499,Ali Benali,3/27/2024,Laptop,Tech,UAE,Dubai,221.35,1172.31,865.51,0.05,5.33,PayPal,Online,Unknown,EUR
14768,6,2471.568,301.088,1936,Mariam Rahmani,10/10/2023,Keyboard,Tech,Spain,Madrid,189.93,514.91,328.76,0.2,7.99,Credit Card,Direct,S. Rossi,MAD
14769,4,1655.712,-409.888,2931,Ahmed Smith,3/4/2024,Keyboard,Gadgets,USA,New York,272.69,517.41,438.01,0.2,40.87,Credit Card,Online,Unknown,MAD
14770,7,7069.797,841.067,2392,Ali Kowalski,6/5/2024,Headphone,Electronic,UAE,Dubai,911.23,1122.19,754.51,0.1,35.93,Cash,Partner,Unknown,USD
14771,4,2197.92,904.45,1428,Leo Haddad,6/12/2024,Phone,Electronic,USA,New York,151.86,578.4,283.34,0.05,8.25,Credit Card,Retail,K. Haddad,USD
14772,5,141.27,32.73,2997,Luis Rahmani,12/3/2023,Laptop,Tech,Germany,Berlin,13.25,33.24,14.84,0.15,21.09,Credit Card,Retail,Unknown,EUR
14773,5,6101.09,-528.8,1691,Nora Smith,10/31/2024,Phone,Gadgets,Spain,Madrid,915.79,1284.44,1137.28,0.05,27.7,Credit Card,Retail,L. Martin,EUR
14774,6,5620.8,722.33,2098,Sara Khan,1/7/2024,Monitor,Electronic,USA,New York,282.39,936.8,764.05,0,31.78,PayPal,Online,M. Lopez,USD
14775,7,9284.73,1623.09,1102,Sofia Silva,2/25/2025,Smartphone,Electronic,Morocco,Casablanca,494.87,1396.2,1022.19,0.05,11.44,Bank Transfer,Retail,Unknown,MAD
14776,2,577.936,1.646,2881,Leo Silva,6/30/2023,Headphone,Gadgets,France,Paris,30.83,361.21,252.89,0.2,39.68,Crypto,Online,Unknown,USD
14777,1,78.52,-5.02,2732,Nora Rahmani,3/17/2025,Smartphone,Electronic,Morocco,Casablanca,10.61,98.15,45.8,0.2,27.13,Credit Card,Online,Unknown,USD
14778,7,8400.357,1994.337,1468,Fatima Benali,7/21/2023,Mouse,Gadgets,USA,New York,1616.38,1333.39,678.26,0.1,41.82,Crypto,Retail,S. Rossi,USD
14779,1,951.453,330.193,2684,Sofia Rahmani,4/15/2023,Tablet,Tech,USA,New York,117.82,1057.17,454.72,0.1,48.72,PayPal,Online,M. Lopez,USD
14780,7,8617.959,508.559,2321,Fatima Dubois,8/3/2024,Laptop,Tech,France,Paris,0,1367.93,1156.45,0.1,14.25,PayPal,Online,K. Haddad,MAD
14781,5,3120.21,-222.92,1454,Leo Lopez,12/2/2023,Phone,Electronic,USA,New York,308.69,693.38,596.9,0.1,49.94,Credit Card,Retail,Unknown,EUR
14782,7,6403.544,-615.776,2080,John Garcia,2/9/2025,Keyboard,Electronic,Spain,Madrid,895.22,1143.49,869.04,0.2,40.82,Crypto,Online,Unknown,EUR
14783,2,1507.14,537.24,1424,Youssef Ibrahim,6/16/2025,Laptop,Gadgets,Spain,Madrid,142.26,837.3,400.83,0.1,25.98,PayPal,Online,A. Johnson,USD
14784,2,2293.756,351.826,1973,Sofia Dubois,6/10/2024,Headphone,Gadgets,Morocco,Casablanca,241.8,1207.24,830.55,0.05,39.03,PayPal,Direct,Unknown,MAD
14785,3,2885.325,806.165,1776,Maria Rahmani,8/23/2023,Laptop,Tech,USA,New York,310.66,1131.5,580.41,0.15,27.27,Cash,Partner,S. Rossi,USD
14786,7,4672.43,928.87,2689,Ahmed Kowalski,2/23/2023,Tablet,Tech,France,Paris,565.29,667.49,447.12,0,48.43,Bank Transfer,Direct,Unknown,MAD
14787,7,2942.59,1106.34,1557,Ali Dubois,5/14/2023,Tablet,Electronic,Spain,Madrid,481.17,420.37,187.51,0,42.51,Credit Card,Direct,Unknown,EUR
14788,7,8614.8265,-143.8035,2399,Mariam Garcia,10/23/2023,Monitor,Tech,France,Paris,1352.62,1447.87,1056.84,0.15,8.13,Bank Transfer,Retail,S. Rossi,MAD
14789,6,7585.596,-1049.634,2341,Noah Ibrahim,7/31/2023,Tablet,Electronic,USA,New York,1258.47,1404.74,1223.22,0.1,37.44,PayPal,Partner,Unknown,USD
14790,6,2775.504,328.574,2043,Emma Kowalski,9/20/2024,Headphone,Tech,France,Paris,463.83,578.23,327.58,0.2,17.62,Bank Transfer,Online,Unknown,USD
14791,3,577.872,188.352,1785,Lucas Dubois,8/16/2023,Tablet,Electronic,USA,New York,31.84,240.78,105.5,0.2,41.18,Credit Card,Online,K. Haddad,USD
14792,4,2718.4,1088.41,2328,Ali Smith,10/18/2023,Headphone,Tech,Morocco,Casablanca,220.86,679.6,343.84,0,33.77,Crypto,Online,M. Lopez,EUR
14793,3,4049.3655,1754.3155,2291,Sofia Rossi,1/11/2025,Tablet,Gadgets,UAE,Dubai,249.16,1420.83,670.18,0.05,35.35,Cash,Direct,Unknown,USD
14794,7,3502.156,345.446,1201,Sara Lopez,1/23/2023,Mouse,Electronic,USA,New York,196.98,526.64,421.62,0.05,8.39,Cash,Partner,A. Johnson,MAD
14795,5,1577.4,-306.87,1535,John Lopez,1/11/2024,Headphone,Electronic,UAE,Dubai,197.45,394.35,337.16,0.2,1.02,Credit Card,Online,S. Rossi,USD
14796,4,3148.528,1658.278,2316,Fatima Ibrahim,3/26/2025,Keyboard,Tech,UAE,Dubai,0,828.56,364.53,0.05,32.13,Crypto,Retail,K. Haddad,USD
14797,4,3807.79,975.19,2823,Maria Haddad,3/11/2024,Monitor,Electronic,France,Paris,406.42,1002.05,595.15,0.05,45.58,Cash,Online,A. Johnson,USD
14798,2,751.655,-50.195,2519,Emma Lopez,11/8/2024,Laptop,Electronic,USA,New York,0,442.15,389.83,0.15,22.19,Crypto,Partner,K. Haddad,MAD
14799,2,1434.633,191.393,1016,Mariam Rahmani,7/24/2024,Headphone,Electronic,USA,New York,79.44,755.07,580.44,0.05,2.92,Bank Transfer,Direct,M. Lopez,USD
14800,2,-2413.646,-4270.036,2069,Sara Chen,5/23/2025,Tablet,Tech,UAE,Dubai,229.36,-1270.34,789.49,0.05,48.05,PayPal,Direct,A. Johnson,EUR
14801,2,2312.034,-186.976,2765,Maria Dubois,7/19/2023,Mouse,Electronic,UAE,Dubai,379.48,1360.02,1053.65,0.15,12.23,Crypto,Online,K. Haddad,USD
14802,2,1621.04,180.99,2730,Maria Benali,5/23/2023,Monitor,Electronic,UAE,Dubai,121.42,810.52,641.51,0,35.61,Bank Transfer,Partner,K. Haddad,MAD
14803,2,2246.02,650.4,1730,Nora Lopez,8/8/2023,Mouse,Tech,USA,New York,0,1123.01,785.78,0,24.06,Crypto,Online,Unknown,USD
14804,1,570.438,-46.752,2483,Maria Ibrahim,2/7/2025,Keyboard,Tech,USA,New York,95.92,633.82,507.98,0.1,13.29,Bank Transfer,Online,Unknown,USD
14805,5,5489.55,581.2,1602,Luis Khan,3/17/2025,Monitor,Gadgets,UAE,Dubai,955.39,1219.9,790.09,0.1,2.51,Credit Card,Direct,A. Johnson,USD
14806,4,-2665.26,-4297.66,1791,Lucas Rahmani,1/6/2023,Laptop,Electronic,Spain,Madrid,279.83,-740.35,326.5,0.1,46.57,Cash,Direct,M. Lopez,MAD
14807,1,803.296,71.806,1290,Emma Rahmani,12/15/2024,Tablet,Electronic,Morocco,Casablanca,95.34,1004.12,615.06,0.2,21.09,PayPal,Online,A. Johnson,MAD
14808,3,2692.008,341.488,1959,Mariam Smith,7/13/2023,Phone,Tech,Germany,Berlin,212.05,997.04,710.3,0.1,7.57,Credit Card,Direct,Unknown,USD
14809,1,1188.6655,85.3955,2613,Youssef Silva,12/22/2024,Smartphone,Electronic,Germany,Berlin,150.73,1398.43,936.17,0.15,16.37,Credit Card,Retail,M. Lopez,USD
14810,2,2279.962,110.792,1251,Noah Chen,12/6/2023,Tablet,Gadgets,Morocco,Casablanca,331.48,1199.98,903.28,0.05,31.13,Bank Transfer,Online,A. Johnson,MAD
14811,6,2043.144,129.974,1336,Ahmed Kowalski,6/18/2025,Tablet,Gadgets,Morocco,Casablanca,148.42,378.36,291.67,0.1,14.73,Credit Card,Direct,Unknown,MAD
14812,1,67.014,-7.126,1005,Luis Silva,2/18/2024,Monitor,Electronic,UAE,Dubai,11.52,78.84,41.53,0.15,21.09,Bank Transfer,Direct,Unknown,USD
14813,2,675.526,136.156,2064,Noah Ibrahim,5/7/2025,Tablet,Gadgets,USA,New York,73.63,355.54,218.77,0.05,28.2,Credit Card,Retail,M. Lopez,MAD
14814,3,1295.4675,-362.9225,1653,Emma Rossi,10/13/2023,Laptop,Tech,Morocco,Casablanca,135.39,454.55,496,0.05,35,PayPal,Online,M. Lopez,USD
14815,5,915.39,-63.8,1432,Lucas Rahmani,4/29/2024,Tablet,Gadgets,Morocco,Casablanca,56.1,203.42,177.81,0.1,34.04,Credit Card,Partner,S. Rossi,MAD
14816,3,542.496,135.646,1155,Sara Rahmani,7/20/2023,Keyboard,Electronic,Morocco,Casablanca,47.05,226.04,110.34,0.2,28.78,Cash,Partner,Unknown,USD
14817,3,3575.259,1092.949,2707,Emma Silva,3/11/2023,Tablet,Electronic,USA,New York,504.09,1324.17,650.78,0.1,25.88,PayPal,Online,A. Johnson,USD
14818,2,1734.606,-102.344,1116,Leo Ibrahim,11/27/2024,Mouse,Gadgets,USA,New York,114.18,963.67,857.69,0.1,7.39,Credit Card,Online,A. Johnson,USD
14819,2,2484.754,-200.366,2254,John Smith,5/30/2024,Monitor,Electronic,USA,New York,131.14,1461.62,1268.6,0.15,16.78,PayPal,Partner,M. Lopez,EUR
14820,3,1513.464,-376.036,2648,Ali Haddad,9/9/2023,Laptop,Gadgets,France,Paris,244.7,630.61,532.62,0.2,46.94,Credit Card,Partner,L. Martin,MAD
14821,6,3240.222,-75.318,1975,Sofia Rossi,3/27/2024,Headphone,Electronic,Spain,Madrid,574.81,568.46,456.63,0.05,0.95,Credit Card,Online,M. Lopez,USD
14822,1,1393.593,645.493,2258,Maria Ibrahim,12/28/2024,Laptop,Electronic,Spain,Madrid,229.97,1466.94,496,0.05,22.13,Bank Transfer,Direct,A. Johnson,EUR
14823,5,6142.7,2295.24,2567,Noah Rahmani,11/26/2023,Headphone,Tech,Spain,Madrid,534.47,1293.2,654.75,0.05,39.24,Credit Card,Online,A. Johnson,EUR
14824,3,2472.7455,791.0655,2360,Maria Rahmani,4/18/2023,Tablet,Tech,Morocco,Casablanca,318.1,867.63,443.36,0.05,33.5,Credit Card,Online,K. Haddad,USD
14825,2,1899.715,809.445,2067,Ali Rahmani,5/20/2025,Tablet,Gadgets,UAE,Dubai,158.92,999.85,447.43,0.05,36.49,Cash,Online,S. Rossi,EUR
14826,3,3458.754,746.154,1210,Maria Rossi,6/11/2025,Mouse,Electronic,Morocco,Casablanca,649.54,1281.02,685.01,0.1,8.03,Cash,Retail,K. Haddad,USD
14827,7,2102.198,170.118,1835,Leo Ibrahim,9/3/2024,Laptop,Electronic,Spain,Madrid,106.72,316.12,255.33,0.05,38.05,Credit Card,Online,K. Haddad,MAD
14828,1,113.2,23.94,1284,Luis Benali,5/24/2024,Smartphone,Electronic,Spain,Madrid,7.52,141.5,64.34,0.2,17.4,PayPal,Retail,M. Lopez,MAD
14829,6,3778.752,458.902,1643,Emma Silva,10/23/2023,Keyboard,Electronic,USA,New York,327.61,787.24,496,0.2,16.24,Cash,Direct,Unknown,MAD
14830,3,412.7085,-22.9415,1192,Ali Rahmani,1/16/2024,Tablet,Electronic,France,Paris,33.23,144.81,127.11,0.05,21.09,Credit Card,Partner,M. Lopez,MAD
14831,2,2063.88,-272.42,2472,Sofia Dubois,7/29/2024,Tablet,Gadgets,Germany,Berlin,322.49,1146.6,996.36,0.1,21.09,Cash,Online,S. Rossi,USD
14832,7,4972.471,1519.551,2197,Noah Chen,3/14/2024,Laptop,Electronic,Morocco,Casablanca,863.71,747.74,362.99,0.05,48.28,Credit Card,Online,S. Rossi,EUR
14833,6,4938.18,1702.51,2684,Nora Rahmani,5/7/2024,Keyboard,Gadgets,Morocco,Casablanca,900.93,823.03,387.62,0,9.02,Bank Transfer,Online,L. Martin,USD
14834,3,440.6655,108.5355,1351,Nora Haddad,6/15/2024,Smartphone,Tech,UAE,Dubai,62.97,172.81,82.69,0.15,21.09,Crypto,Online,S. Rossi,MAD
14835,1,994.545,-90.385,2705,Leo Benali,7/11/2024,Mouse,Tech,USA,New York,184.5,1105.05,879.34,0.1,21.09,Credit Card,Online,Unknown,USD
14836,4,4845.272,190.502,1944,Mariam Khan,5/26/2023,Keyboard,Gadgets,Morocco,Casablanca,775.44,1425.08,964.56,0.15,21.09,PayPal,Online,A. Johnson,USD
14837,3,362.94,14.72,1868,Lucas Khan,12/7/2024,Laptop,Tech,USA,New York,59.19,120.98,95.9,0,1.33,Bank Transfer,Online,Unknown,MAD
14838,3,1535.3805,320.2905,1513,Sofia Haddad,11/5/2023,Keyboard,Gadgets,USA,New York,155.55,602.11,352.98,0.15,0.6,Bank Transfer,Online,K. Haddad,USD
14839,6,5279.52,1462.86,2079,Sofia Haddad,5/1/2023,Phone,Tech,Germany,Berlin,980.4,1099.9,470.53,0.2,13.08,Credit Card,Online,S. Rossi,USD
14840,4,4480.896,-556.074,2247,Emma Smith,10/20/2023,Mouse,Electronic,UAE,Dubai,450.09,1400.28,1144.03,0.2,10.76,Bank Transfer,Retail,Unknown,MAD
14841,2,473.04,-93.2,2437,Ali Rossi,2/4/2025,Monitor,Tech,France,Paris,93.84,295.65,216.06,0.2,40.28,PayPal,Direct,L. Martin,USD
14842,6,2769.81,1056.84,2422,Mariam Lopez,4/4/2024,Mouse,Electronic,France,Paris,0,543.1,283.43,0.15,12.39,PayPal,Online,Unknown,USD
14843,4,1755.794,-214.176,1294,Youssef Garcia,6/11/2023,Tablet,Electronic,USA,New York,270.31,516.41,415.84,0.15,36.3,Crypto,Partner,A. Johnson,MAD
14844,4,4151.158,708.688,2051,Nora Rahmani,4/3/2024,Laptop,Gadgets,Morocco,Casablanca,776.97,1092.41,659.18,0.05,28.78,Crypto,Direct,M. Lopez,MAD
14845,1,919.08,-33.62,2138,Ali Garcia,6/17/2023,Mouse,Gadgets,Morocco,Casablanca,113.1,919.08,795.17,0,44.43,Credit Card,Online,M. Lopez,USD
14846,4,2898.26,1290.97,1742,Lucas Kowalski,2/27/2023,Smartphone,Tech,UAE,Dubai,0,762.7,394.23,0.05,30.37,Credit Card,Online,L. Martin,USD
14847,5,1807.11,541.93,2485,Sofia Silva,8/30/2024,Headphone,Electronic,Morocco,Casablanca,108.49,401.58,231.2,0.1,0.69,Credit Card,Partner,S. Rossi,MAD
14848,1,73.624,-12.426,1455,Ali Benali,4/21/2024,Tablet,Gadgets,Spain,Madrid,3.78,92.03,71.37,0.2,10.9,Cash,Online,Unknown,USD
14849,7,6648.292,888.872,2396,Sofia Chen,2/1/2024,Tablet,Tech,Morocco,Casablanca,333.34,1117.36,773.6,0.15,10.88,Cash,Online,M. Lopez,EUR
14850,7,1419.2535,86.8535,1922,Ahmed Dubois,7/17/2023,Mouse,Electronic,USA,New York,140.9,238.53,166.33,0.15,27.19,Cash,Direct,Unknown,USD
14851,4,4460.24,1018.41,1396,Leo Ibrahim,2/13/2024,Mouse,Gadgets,Morocco,Casablanca,486.24,1115.06,729.37,0,38.11,Cash,Partner,L. Martin,EUR
14852,5,2151.24,-80.16,1110,Ahmed Ibrahim,7/28/2023,Headphone,Electronic,UAE,Dubai,390.45,537.81,361.02,0.2,35.85,Bank Transfer,Partner,M. Lopez,USD
14853,2,2179.587,-66.543,1855,Lucas Haddad,8/23/2023,Headphone,Tech,USA,New York,130.3,1282.11,1047.37,0.15,21.09,Bank Transfer,Online,L. Martin,EUR
14854,6,882.81,-14.76,2592,Sofia Benali,8/14/2023,Phone,Electronic,France,Paris,140.85,173.1,118.67,0.15,44.7,Credit Card,Online,K. Haddad,USD
14855,6,5006.22,615.97,2774,Mariam Silva,7/2/2023,Monitor,Electronic,USA,New York,833.71,834.37,592.26,0,2.98,PayPal,Online,L. Martin,USD
14856,4,3085.486,567.836,1110,Nora Rossi,9/18/2023,Laptop,Tech,UAE,Dubai,613.24,811.97,470.83,0.05,21.09,Bank Transfer,Online,L. Martin,USD
14857,4,3195.84,78.37,1448,Nora Kowalski,12/6/2024,Smartphone,Tech,Morocco,Casablanca,567.05,798.96,627.17,0,41.74,Credit Card,Online,K. Haddad,MAD
14858,5,5325.8,437.98,1148,Youssef Chen,12/16/2023,Tablet,Electronic,France,Paris,631.51,1065.16,850.94,0,1.61,Cash,Direct,K. Haddad,EUR
14859,7,7429.52,2571.14,1036,Sofia Ibrahim,7/6/2023,Tablet,Tech,Morocco,Casablanca,1373.49,1326.7,496,0.2,12.89,Cash,Partner,L. Martin,EUR
14860,4,920.556,192.716,1329,John Rossi,5/5/2023,Monitor,Tech,USA,New York,117.75,255.71,147.25,0.1,21.09,Credit Card,Online,A. Johnson,USD
14861,4,574.484,248.224,2094,John Chen,4/9/2024,Tablet,Gadgets,Morocco,Casablanca,47.26,151.18,66.51,0.05,12.96,Crypto,Partner,S. Rossi,USD
14862,4,2702.08,427.49,1357,Ahmed Smith,3/22/2023,Headphone,Electronic,USA,New York,397.86,844.4,463.91,0.2,21.09,Crypto,Retail,S. Rossi,USD
14863,6,4709.088,-431.802,2070,Lucas Smith,1/27/2024,Mouse,Tech,Morocco,Casablanca,790.99,981.06,722.76,0.2,13.34,PayPal,Retail,M. Lopez,EUR
14864,7,618.086,213.746,2999,Luis Khan,9/17/2023,Tablet,Tech,UAE,Dubai,52.5,103.88,47.25,0.15,21.09,Bank Transfer,Direct,Unknown,MAD
14865,4,4279.036,792.506,1138,John Haddad,11/4/2024,Laptop,Electronic,UAE,Dubai,0,1258.54,870.55,0.15,4.33,Crypto,Retail,K. Haddad,EUR
14866,3,3189.861,878.551,2894,Sara Benali,12/10/2024,Mouse,Tech,USA,New York,465.11,1181.43,614.29,0.1,3.33,PayPal,Online,A. Johnson,USD
14867,3,1227.87,478.42,2233,Youssef Kowalski,2/23/2023,Monitor,Tech,Germany,Berlin,160.97,409.29,188.86,0,21.9,Cash,Retail,S. Rossi,USD
14868,2,526.167,-155.753,1666,Leo Rahmani,3/26/2024,Tablet,Gadgets,Spain,Madrid,95.88,309.51,274.19,0.15,37.66,Credit Card,Online,Unknown,MAD
14869,6,7235.784,3019.524,1787,Leo Garcia,4/25/2025,Tablet,Electronic,France,Paris,772.34,1339.96,567.63,0.1,38.14,Credit Card,Direct,Unknown,USD
14870,5,165.55,-2364.49,2854,Fatima Kowalski,4/5/2023,Headphone,Tech,Morocco,Casablanca,23.7,33.11,496,0,26.34,Crypto,Direct,L. Martin,MAD
14871,1,1204.353,620.033,1056,Sofia Chen,5/27/2023,Phone,Tech,France,Paris,0,1267.74,563.23,0.05,21.09,Crypto,Partner,K. Haddad,MAD
14872,2,365.415,22.315,1713,John Ibrahim,8/1/2023,Keyboard,Gadgets,UAE,Dubai,50.47,214.95,132.98,0.15,26.67,Crypto,Online,Unknown,MAD
14873,6,5153.922,-268.768,1859,Ali Benali,4/6/2025,Laptop,Gadgets,France,Paris,488.83,954.43,817.51,0.1,28.8,Credit Card,Direct,L. Martin,EUR
14874,5,6439.1,2311.62,1342,Leo Kowalski,5/31/2025,Laptop,Electronic,Morocco,Casablanca,354.49,1355.6,753.43,0.05,5.84,Cash,Retail,K. Haddad,MAD
14875,2,1109.964,8.754,2512,Leo Khan,4/10/2025,Headphone,Tech,France,Paris,187.48,652.92,439.62,0.15,34.49,Cash,Online,S. Rossi,USD
14876,5,6947.1125,2199.3225,1226,Emma Lopez,8/13/2024,Smartphone,Gadgets,Morocco,Casablanca,552.85,1462.55,837.25,0.05,8.69,PayPal,Direct,L. Martin,USD
14877,1,986.714,264.654,2220,Maria Smith,2/15/2025,Headphone,Electronic,France,Paris,77.3,1160.84,597.47,0.15,47.29,Cash,Retail,M. Lopez,USD
14878,5,1977.705,167.605,1724,Fatima Dubois,1/29/2024,Mouse,Electronic,USA,New York,188.57,439.49,321.99,0.1,11.58,Crypto,Direct,L. Martin,USD
14879,3,789.885,64.705,1627,Noah Ibrahim,1/19/2025,Tablet,Electronic,USA,New York,56.94,292.55,206.26,0.1,49.46,Credit Card,Online,K. Haddad,EUR
14880,4,3137.408,695.518,2711,Youssef Garcia,2/25/2023,Mouse,Electronic,USA,New York,436.8,980.44,496,0.2,21.09,PayPal,Retail,Unknown,USD
14881,3,3021.0105,383.1505,1007,Fatima Haddad,5/4/2023,Headphone,Gadgets,Germany,Berlin,208.18,1184.71,803,0.15,20.68,Credit Card,Partner,Unknown,USD
14882,6,6140.724,933.024,1329,Youssef Rahmani,10/26/2023,Mouse,Tech,UAE,Dubai,1058.59,1077.32,690.01,0.05,9.05,Crypto,Online,S. Rossi,EUR
14883,7,6519.618,600.578,1336,Fatima Silva,3/2/2024,Monitor,Tech,Morocco,Casablanca,751.31,1034.86,736.21,0.1,14.26,Bank Transfer,Online,S. Rossi,USD
14884,7,5143.8415,1378.5315,2771,Sara Lopez,10/27/2024,Monitor,Tech,Germany,Berlin,657.49,773.51,441.88,0.05,14.66,Credit Card,Online,S. Rossi,EUR
14885,1,113.088,4.338,1027,Nora Rossi,9/27/2023,Headphone,Electronic,UAE,Dubai,13.75,119.04,66.24,0.05,28.76,Credit Card,Direct,S. Rossi,MAD
14886,2,1022.162,319.462,2011,Leo Smith,7/30/2023,Mouse,Tech,USA,New York,137.76,537.98,276.93,0.05,11.08,PayPal,Online,L. Martin,EUR
14887,6,5107.428,362.038,1544,Leo Rossi,2/12/2025,Mouse,Electronic,UAE,Dubai,633.49,896.04,683.45,0.05,11.2,Cash,Retail,K. Haddad,EUR
14888,5,3094.2,998.22,2796,Maria Silva,2/22/2023,Monitor,Electronic,Morocco,Casablanca,0,773.55,415.63,0.2,17.83,Bank Transfer,Online,M. Lopez,EUR
14889,7,6522.6525,1267.6025,2547,Emma Ibrahim,3/18/2024,Headphone,Tech,UAE,Dubai,363.62,980.85,692.28,0.05,45.47,Bank Transfer,Online,Unknown,USD
14890,4,5478.65,2728.91,2227,Youssef Dubois,2/13/2023,Headphone,Tech,Morocco,Casablanca,745.12,1441.75,496,0.05,20.62,Credit Card,Online,Unknown,EUR
14891,7,8106.1015,897.2315,2386,Lucas Silva,6/16/2025,Headphone,Electronic,Spain,Madrid,772.21,1362.37,916.51,0.15,21.09,PayPal,Retail,M. Lopez,USD
14892,7,7397.824,2427.334,2045,Sara Rossi,1/7/2025,Headphone,Gadgets,Germany,Berlin,398.08,1321.04,646.18,0.2,49.15,PayPal,Online,A. Johnson,MAD
14893,7,7767.249,-148.891,1128,Ahmed Khan,1/15/2024,Headphone,Gadgets,Morocco,Casablanca,423.12,1305.42,1068.49,0.15,13.59,Credit Card,Online,K. Haddad,MAD
14894,2,1209.86,594.47,2298,Sofia Ibrahim,10/29/2024,Laptop,Tech,USA,New York,63.39,604.93,262,0,28,Crypto,Retail,M. Lopez,USD
14895,3,3739.02,767.95,1981,Emma Rahmani,2/10/2023,Mouse,Tech,USA,New York,342.49,1246.34,865.15,0,33.13,Crypto,Direct,S. Rossi,EUR
14896,5,394.6775,-24.4625,1878,Noah Kowalski,1/29/2024,Tablet,Tech,Spain,Madrid,63.05,83.09,61.39,0.05,49.14,Bank Transfer,Retail,A. Johnson,EUR
14897,6,5357.703,144.153,2186,Youssef Rahmani,1/4/2025,Keyboard,Tech,France,Paris,413.64,1050.53,796.47,0.15,21.09,Cash,Direct,K. Haddad,USD
14898,3,2948.361,-272.729,1521,Noah Dubois,4/15/2023,Monitor,Gadgets,Morocco,Casablanca,562.04,1156.22,882.3,0.15,12.15,Crypto,Online,A. Johnson,USD
14899,1,920.704,242.744,1589,Ali Rossi,8/20/2023,Smartphone,Electronic,USA,New York,160.87,1150.88,496,0.2,21.09,Crypto,Partner,Unknown,EUR
14900,7,1395.9295,249.9195,1960,Sara Garcia,3/5/2023,Laptop,Tech,USA,New York,147.5,234.61,138.38,0.15,29.85,Credit Card,Online,Unknown,MAD
14901,3,3137.31,111.55,2109,Fatima Kowalski,2/7/2023,Keyboard,Electronic,Spain,Madrid,566.88,1045.77,803.8,0,47.48,Bank Transfer,Partner,L. Martin,USD
14902,5,6418.215,423.745,2622,Maria Smith,10/18/2024,Laptop,Tech,UAE,Dubai,1071.22,1426.27,980.16,0.1,22.45,Credit Card,Partner,Unknown,EUR
14903,7,4975.425,1372.015,2019,Sara Garcia,11/14/2023,Smartphone,Gadgets,Morocco,Casablanca,0,789.75,511.76,0.1,21.09,Credit Card,Partner,Unknown,USD
14904,1,94.605,5.015,1141,Lucas Kowalski,4/18/2024,Tablet,Electronic,Morocco,Casablanca,15.48,111.3,65.94,0.15,8.17,PayPal,Online,Unknown,USD
14905,1,1358.81,544.88,2994,Luis Khan,8/31/2023,Headphone,Tech,Morocco,Casablanca,96.84,1358.81,696,0,21.09,Cash,Retail,S. Rossi,EUR
14906,7,3617.67,-416.95,1171,Youssef Silva,12/2/2024,Keyboard,Gadgets,France,Paris,555.57,516.81,496,0,7.05,Credit Card,Online,M. Lopez,USD
14907,7,3537.0685,1578.5185,1127,Ali Khan,5/9/2025,Mouse,Tech,USA,New York,354.93,531.89,224.66,0.05,31,Credit Card,Partner,M. Lopez,EUR
14908,1,1171.236,125.586,2484,Nora Khan,9/26/2023,Headphone,Tech,Morocco,Casablanca,231.09,1232.88,781.59,0.05,32.97,Credit Card,Partner,K. Haddad,USD
14909,2,2498.166,74.676,1808,Fatima Kowalski,1/5/2023,Tablet,Gadgets,Germany,Berlin,182.08,1387.87,1116.5,0.1,8.41,Bank Transfer,Partner,K. Haddad,USD
14910,6,5833.533,1120.723,2503,Ahmed Ibrahim,3/25/2025,Smartphone,Electronic,Morocco,Casablanca,333.1,1143.83,726.95,0.15,18.01,Cash,Online,Unknown,MAD
14911,2,1888.683,-121.727,2084,Noah Kowalski,7/15/2024,Laptop,Tech,USA,New York,290.65,1110.99,854.63,0.15,10.5,Bank Transfer,Retail,S. Rossi,EUR
14912,4,2620.108,451.178,1907,Lucas Ibrahim,7/10/2023,Headphone,Electronic,Germany,Berlin,222.2,770.62,481.41,0.15,21.09,Cash,Direct,Unknown,USD
14913,7,4733.582,1141.872,1547,Youssef Rossi,11/26/2023,Tablet,Electronic,Germany,Berlin,758.86,795.56,400.21,0.15,31.38,Credit Card,Online,A. Johnson,EUR
14914,3,3542.454,-284.436,2723,Lucas Haddad,6/21/2024,Headphone,Tech,USA,New York,261.43,1312.02,1178.24,0.1,30.74,Credit Card,Direct,M. Lopez,MAD
14915,7,6697.971,-228.259,1546,Fatima Ibrahim,7/11/2024,Laptop,Tech,UAE,Dubai,1187.61,1063.17,819.24,0.1,3.94,Bank Transfer,Direct,A. Johnson,EUR
14916,2,2206.209,-500.401,1881,Lucas Ibrahim,1/14/2024,Tablet,Gadgets,Morocco,Casablanca,409.52,1297.77,1146.64,0.15,3.81,Credit Card,Partner,L. Martin,USD
14917,5,2641.005,482.335,1361,Fatima Smith,1/2/2024,Laptop,Electronic,USA,New York,486.03,586.89,334.09,0.1,2.19,Cash,Partner,L. Martin,USD
14918,4,1937.626,309.266,2853,Sofia Rahmani,3/4/2024,Monitor,Electronic,France,Paris,224.31,569.89,344.85,0.15,24.65,Crypto,Direct,A. Johnson,EUR
14919,2,2476.6,1119.16,1357,Mariam Haddad,5/10/2023,Laptop,Gadgets,France,Paris,212.89,1238.3,553.9,0,36.75,Credit Card,Retail,L. Martin,USD
14920,1,169.7365,-36.5035,2801,Leo Smith,7/8/2023,Keyboard,Gadgets,Morocco,Casablanca,9.72,199.69,154.46,0.15,42.06,Credit Card,Online,M. Lopez,EUR
14921,4,860.064,-146.546,1110,Leo Khan,3/19/2023,Tablet,Electronic,Spain,Madrid,124.66,252.96,209.26,0.15,44.91,Bank Transfer,Partner,A. Johnson,USD
14922,4,769.88,-6.92,1221,John Haddad,6/4/2025,Keyboard,Tech,USA,New York,139.95,192.47,148.51,0,42.81,Crypto,Retail,L. Martin,USD
14923,2,951.18,335.91,1251,Emma Lopez,12/30/2023,Laptop,Electronic,France,Paris,83.63,475.59,243.18,0,45.28,Bank Transfer,Retail,Unknown,MAD
14924,7,2089.031,-24.189,2787,Leo Ibrahim,5/21/2024,Headphone,Tech,France,Paris,203.67,314.14,270.42,0.05,16.61,Credit Card,Partner,K. Haddad,EUR
14925,4,3551.296,-367.094,1911,Fatima Khan,12/18/2023,Tablet,Tech,Morocco,Casablanca,563.46,1109.78,833.46,0.2,21.09,Crypto,Direct,A. Johnson,USD
14926,2,2057.31,848.75,1061,Ahmed Rossi,2/5/2024,Phone,Electronic,USA,New York,195.47,1142.95,496,0.1,21.09,Credit Card,Online,Unknown,USD
14927,6,7623.864,214.384,1027,Noah Dubois,8/18/2024,Phone,Electronic,USA,New York,780.75,1337.52,1101.64,0.05,18.89,PayPal,Retail,Unknown,MAD
14928,3,479.859,89.239,1167,Sara Haddad,7/31/2024,Keyboard,Electronic,Morocco,Casablanca,85.28,188.18,100.04,0.15,5.22,PayPal,Online,K. Haddad,USD
14929,5,3958.065,1084.355,2080,Ahmed Benali,6/7/2025,Keyboard,Tech,France,Paris,223.05,879.57,523.2,0.1,34.66,Cash,Online,Unknown,USD
14930,6,7326.882,1840.062,2184,John Lopez,9/5/2024,Tablet,Gadgets,USA,New York,509,1356.83,821.43,0.1,49.24,Bank Transfer,Online,A. Johnson,USD
14931,2,1823.18,98.31,2245,Youssef Silva,2/21/2025,Headphone,Tech,France,Paris,315.58,911.59,687.92,0,33.45,Credit Card,Direct,L. Martin,USD
14932,1,31.229,-24.011,2849,Nora Dubois,2/17/2025,Smartphone,Tech,France,Paris,3.54,36.74,30.61,0.15,21.09,Credit Card,Partner,M. Lopez,USD
14933,3,3662.2335,222.9435,2894,Leo Rahmani,9/29/2023,Mouse,Tech,USA,New York,349.46,1436.17,1016.13,0.15,41.44,Cash,Online,Unknown,USD
14934,4,2827.848,859.668,2813,Mariam Kowalski,4/27/2025,Keyboard,Electronic,Germany,Berlin,455.14,831.72,374.98,0.15,13.12,Bank Transfer,Retail,K. Haddad,EUR
14935,1,331.659,47.989,1882,Mariam Rossi,4/9/2024,Mouse,Gadgets,Germany,Berlin,60.07,368.51,219.98,0.1,3.62,Crypto,Online,M. Lopez,USD
14936,5,5845.73,2766.9,1600,Ali Rossi,4/20/2024,Mouse,Electronic,Germany,Berlin,453.04,1230.68,522.37,0.05,13.94,Credit Card,Partner,A. Johnson,USD
14937,2,2501.369,635.409,1829,Noah Rahmani,1/6/2025,Tablet,Electronic,USA,New York,155.85,1316.51,854.77,0.05,0.57,Credit Card,Direct,A. Johnson,USD
14938,6,2109.402,738.862,2114,Luis Garcia,4/6/2025,Mouse,Electronic,USA,New York,220.52,390.63,189.01,0.1,15.96,Credit Card,Partner,A. Johnson,EUR
14939,6,192.888,4.928,1836,Emma Smith,4/20/2023,Mouse,Gadgets,Morocco,Casablanca,28.59,33.84,18.55,0.05,48.07,Credit Card,Retail,Unknown,USD
14940,4,4285.16,1078.48,1458,Youssef Khan,1/17/2024,Phone,Electronic,Morocco,Casablanca,0,1071.29,790.37,0,45.2,PayPal,Online,S. Rossi,MAD
14941,1,1272.94,-45.45,2915,Leo Kowalski,10/2/2024,Keyboard,Gadgets,Morocco,Casablanca,209.59,1272.94,1087.71,0,21.09,Credit Card,Direct,A. Johnson,EUR
14942,3,1302.792,30.592,1768,Sara Lopez,5/1/2025,Headphone,Electronic,Morocco,Casablanca,73.18,457.12,387.46,0.05,36.64,Bank Transfer,Direct,M. Lopez,USD
14943,4,4567.44,962.57,1511,Youssef Khan,9/5/2023,Smartphone,Gadgets,France,Paris,586.77,1141.86,747.58,0,27.78,Credit Card,Retail,S. Rossi,MAD
14944,4,2323.296,941.316,2842,Sofia Dubois,8/28/2024,Headphone,Electronic,Morocco,Casablanca,227.08,645.36,280.29,0.1,33.74,Credit Card,Online,M. Lopez,MAD
14945,5,1505.435,6.965,2120,Emma Kowalski,6/21/2024,Laptop,Tech,UAE,Dubai,150.79,354.22,267.07,0.15,12.33,Crypto,Online,K. Haddad,USD
14946,3,1410.54,574.42,2124,Nora Garcia,1/31/2025,Tablet,Electronic,UAE,Dubai,234.61,470.18,194.14,0,19.09,Crypto,Direct,A. Johnson,USD
14947,5,979.4975,112.0375,2976,Lucas Lopez,7/26/2024,Headphone,Electronic,USA,New York,103.92,230.47,152.08,0.15,3.14,Credit Card,Online,M. Lopez,USD
14948,5,3773.4,-78.07,1080,John Rahmani,4/10/2023,Tablet,Tech,Spain,Madrid,746.18,943.35,618.34,0.2,13.59,Crypto,Partner,M. Lopez,MAD
14949,4,2409.104,447.804,1951,Leo Haddad,5/7/2025,Laptop,Electronic,USA,New York,466.54,708.56,373.11,0.15,2.32,PayPal,Online,M. Lopez,USD
14950,6,3650.166,55.266,1621,Youssef Haddad,6/23/2024,Tablet,Electronic,USA,New York,406.39,640.38,528.44,0.05,17.87,Credit Card,Online,Unknown,USD
14951,5,2450.9325,-288.8775,2279,John Smith,1/16/2024,Keyboard,Electronic,Morocco,Casablanca,357.65,576.69,476.22,0.15,1.06,Cash,Direct,S. Rossi,USD
14952,5,2626.12,815.79,1869,Leo Haddad,1/11/2025,Tablet,Tech,Germany,Berlin,359.74,656.53,286.01,0.2,20.54,Credit Card,Online,Unknown,EUR
14953,1,1091.8825,-128.9975,1420,Fatima Silva,3/3/2023,Tablet,Electronic,Morocco,Casablanca,189.93,1149.35,1001.97,0.05,28.98,Credit Card,Online,K. Haddad,EUR
14954,1,845.367,-29.073,1827,Sofia Silva,3/18/2023,Tablet,Tech,Germany,Berlin,111.13,889.86,736.9,0.05,26.41,Credit Card,Online,S. Rossi,USD
14955,6,392.046,59.996,2771,Ahmed Haddad,3/20/2023,Laptop,Gadgets,USA,New York,50.03,68.78,46.84,0.05,0.98,Credit Card,Online,A. Johnson,USD
14956,3,746.136,-8.174,2511,Emma Rahmani,9/1/2023,Laptop,Tech,France,Paris,78.19,310.89,219.91,0.2,16.39,Cash,Retail,K. Haddad,USD
14957,7,8220.282,3448.342,1274,Fatima Benali,11/30/2024,Mouse,Tech,Morocco,Casablanca,528.7,1381.56,603.42,0.15,19.3,Credit Card,Retail,Unknown,MAD
14958,1,740.4,-41.63,2195,Maria Rahmani,5/21/2024,Headphone,Tech,France,Paris,69.56,925.5,699.14,0.2,13.33,Crypto,Direct,L. Martin,USD
14959,5,7025.05,327.16,1739,Noah Ibrahim,2/5/2025,Tablet,Tech,Germany,Berlin,1311.63,1405.01,1074.76,0,12.46,Cash,Retail,S. Rossi,USD
14960,4,1157.822,0.692,2230,Mariam Lopez,3/3/2024,Keyboard,Electronic,Spain,Madrid,206.42,304.69,225.72,0.05,47.83,Cash,Online,L. Martin,EUR
14961,2,264.044,46.224,1219,Youssef Smith,10/28/2023,Headphone,Tech,Germany,Berlin,50.94,155.32,70.19,0.15,26.5,Bank Transfer,Online,A. Johnson,USD
14962,5,2789.8,594.33,1660,Ali Silva,10/15/2023,Tablet,Electronic,USA,New York,301.68,557.96,378.66,0,0.49,Crypto,Partner,S. Rossi,USD
14963,7,2709.8085,-42.5715,2970,Fatima Benali,10/8/2023,Smartphone,Gadgets,UAE,Dubai,452.45,407.49,321.67,0.05,48.24,PayPal,Direct,Unknown,USD
14964,3,1790.832,575.362,1008,Nora Silva,1/28/2023,Laptop,Electronic,Spain,Madrid,153.75,746.18,342.08,0.2,35.48,Credit Card,Retail,A. Johnson,EUR
14965,7,1051.5645,230.5745,2241,Mariam Rossi,3/4/2024,Headphone,Electronic,Morocco,Casablanca,184.95,158.13,87.85,0.05,21.09,Credit Card,Partner,M. Lopez,USD
14966,6,-3135.888,-5530.138,2120,Maria Lopez,2/10/2025,Headphone,Tech,Morocco,Casablanca,333.57,-580.72,340.46,0.1,17.92,Cash,Partner,Unknown,USD
14967,4,2679.04,1286.07,2542,Youssef Lopez,2/6/2023,Tablet,Electronic,Spain,Madrid,0,669.76,342.97,0,21.09,PayPal,Online,M. Lopez,MAD
14968,4,2208.192,293.812,1878,Mariam Chen,2/27/2023,Mouse,Tech,USA,New York,422.59,690.06,371.86,0.2,4.35,Cash,Online,Unknown,EUR
14969,7,5498.0975,1276.8375,1441,John Khan,11/20/2024,Tablet,Gadgets,Morocco,Casablanca,508.13,924.05,525.84,0.15,32.25,Credit Card,Online,Unknown,MAD
14970,3,3195.264,1138.774,2501,John Smith,5/1/2023,Smartphone,Tech,USA,New York,542.88,1331.36,496,0.2,25.61,Cash,Partner,L. Martin,USD
14971,6,1241.73,-42.82,2553,Ali Ibrahim,12/10/2024,Laptop,Tech,UAE,Dubai,229.19,229.95,173.17,0.1,16.34,Credit Card,Online,M. Lopez,MAD
14972,1,607.512,154.532,2961,Maria Dubois,1/17/2024,Mouse,Electronic,UAE,Dubai,47.51,714.72,378.66,0.15,26.81,PayPal,Online,Unknown,EUR
14973,4,-5025.234,-8108.184,2029,Leo Benali,6/1/2023,Laptop,Electronic,Germany,Berlin,639.54,-1322.43,609,0.05,7.41,Cash,Retail,M. Lopez,MAD
14974,5,192.6525,75.5925,1380,Youssef Silva,2/28/2025,Keyboard,Gadgets,France,Paris,19.55,45.33,19.5,0.15,0.01,Cash,Partner,S. Rossi,USD
14975,3,2815.608,-378.032,1092,Sara Haddad,4/9/2023,Laptop,Gadgets,Spain,Madrid,242.29,1173.17,980.47,0.2,9.94,Crypto,Online,S. Rossi,MAD
14976,4,5075.214,1812.464,1355,John Smith,9/10/2023,Mouse,Electronic,USA,New York,401.5,1492.71,703.16,0.15,48.61,PayPal,Direct,K. Haddad,EUR
14977,6,3987.129,931.019,1680,Ahmed Garcia,1/7/2023,Laptop,Tech,Morocco,Casablanca,283.69,781.79,460.47,0.15,9.6,Crypto,Online,M. Lopez,EUR
14978,4,3481.396,1312.566,2940,Nora Haddad,10/26/2024,Mouse,Electronic,Spain,Madrid,177.79,1023.94,494.91,0.15,11.4,Cash,Online,Unknown,MAD
14979,5,3235.05,969.35,2230,Ali Ibrahim,2/15/2024,Monitor,Gadgets,USA,New York,291.36,718.9,390.65,0.1,21.09,Bank Transfer,Online,Unknown,USD
14980,2,1805.936,-26.374,2439,Lucas Smith,3/30/2024,Smartphone,Gadgets,Morocco,Casablanca,180.9,1128.71,823.87,0.2,3.67,Bank Transfer,Partner,A. Johnson,EUR
14981,5,4155.95,908.03,2858,Leo Lopez,4/23/2024,Smartphone,Electronic,Germany,Berlin,333.92,831.19,577.59,0,26.05,Credit Card,Online,A. Johnson,EUR
14982,1,1081.917,376.387,1887,Leo Garcia,8/24/2024,Mouse,Tech,Spain,Madrid,109.21,1138.86,560.05,0.05,36.27,Bank Transfer,Online,L. Martin,USD
14983,1,1050.192,252.492,2207,Youssef Silva,9/22/2024,Tablet,Electronic,UAE,Dubai,149.32,1166.88,614.32,0.1,34.06,Bank Transfer,Direct,A. Johnson,MAD
14984,1,151.368,12.468,1093,Noah Benali,9/11/2023,Laptop,Electronic,France,Paris,28.65,189.21,103.89,0.2,6.36,Bank Transfer,Online,L. Martin,EUR
14985,3,3186.072,81.342,1720,Ali Silva,5/26/2025,Laptop,Electronic,Morocco,Casablanca,615.9,1327.53,815.32,0.2,42.87,Bank Transfer,Direct,L. Martin,MAD
14986,5,3450.16,900.07,1414,Ahmed Kowalski,6/1/2024,Mouse,Tech,Germany,Berlin,0,862.54,505.8,0.2,21.09,Credit Card,Online,S. Rossi,MAD
14987,3,4165.959,1037.049,2873,Emma Khan,3/14/2024,Mouse,Electronic,France,Paris,332.03,1461.74,918.78,0.05,40.54,Credit Card,Online,M. Lopez,USD
14988,3,3336.144,773.664,1866,Emma Lopez,4/9/2023,Mouse,Electronic,Spain,Madrid,535.33,1390.06,675.12,0.2,1.79,Crypto,Direct,M. Lopez,USD
14989,7,9676.016,2939.886,1949,Emma Chen,9/9/2023,Tablet,Gadgets,Morocco,Casablanca,1138,1455.04,793.92,0.05,40.69,Crypto,Online,Unknown,USD
14990,6,1792.446,-27.014,1688,Emma Dubois,9/2/2024,Keyboard,Gadgets,UAE,Dubai,205.59,351.46,264.63,0.15,26.09,Credit Card,Online,Unknown,USD
14991,2,2846.04,832.35,2580,Mariam Kowalski,5/27/2025,Headphone,Gadgets,USA,New York,456.92,1423.02,763.13,0,30.51,PayPal,Online,S. Rossi,EUR
14992,7,6508.04,719.65,1530,Sara Smith,4/13/2023,Mouse,Gadgets,USA,New York,1095.96,929.72,665.86,0,31.41,Crypto,Direct,Unknown,EUR
14993,7,9206.89,3041.44,1016,Luis Ibrahim,3/31/2023,Tablet,Gadgets,France,Paris,591.99,1315.27,791.47,0,33.17,Cash,Online,Unknown,USD
14994,1,1498.78,-18.12,1760,Fatima Rahmani,8/3/2023,Phone,Electronic,UAE,Dubai,222.85,1498.78,1266.86,0,27.19,Crypto,Retail,K. Haddad,USD
14995,3,282.447,-44.393,2091,Emma Khan,3/18/2023,Headphone,Tech,USA,New York,56.01,104.61,78.31,0.1,35.9,Bank Transfer,Direct,Unknown,USD
14996,5,7018.6,1069.09,2220,Nora Kowalski,1/25/2023,Laptop,Electronic,Spain,Madrid,538.01,1403.72,1073.57,0,43.65,Bank Transfer,Direct,S. Rossi,USD
14997,5,853.65,247.69,2006,Maria Garcia,3/9/2023,Tablet,Electronic,UAE,Dubai,105.04,170.73,96.11,0,20.37,PayPal,Partner,L. Martin,USD
14998,6,829.008,201.758,2005,Lucas Lopez,10/28/2023,Monitor,Electronic,France,Paris,99.45,172.71,85.32,0.2,15.88,PayPal,Online,Unknown,USD
14999,1,600.168,-31.672,1985,John Lopez,3/16/2025,Phone,Electronic,Germany,Berlin,39.2,750.21,552.58,0.2,40.06,Bank Transfer,Online,A. Johnson,MAD
15000,6,168.24,-11.6,2724,Luis Smith,3/11/2024,Phone,Gadgets,Spain,Madrid,21.61,28.04,23.7,0,16.03,Crypto,Retail,M. Lopez,EUR
15001,2,864.736,-90.374,2773,Noah Khan,1/18/2023,Monitor,Gadgets,Germany,Berlin,82.27,540.46,411.7,0.2,49.44,Credit Card,Online,Unknown,EUR
15002,7,5487.44,312.76,2472,Fatima Ibrahim,1/30/2025,Laptop,Gadgets,Spain,Madrid,1071.97,783.92,582.67,0,24.02,Bank Transfer,Partner,A. Johnson,EUR
15003,5,3750.45,140.75,1371,Ali Silva,1/1/2025,Keyboard,Electronic,USA,New York,591.65,750.09,598.42,0,25.95,Cash,Direct,K. Haddad,MAD
15004,1,604.98,97.41,2352,Youssef Silva,12/27/2023,Keyboard,Gadgets,Morocco,Casablanca,57.67,604.98,443.96,0,5.94,Cash,Retail,Unknown,USD
15005,1,45.544,-46.576,2748,Youssef Smith,4/16/2025,Laptop,Electronic,Morocco,Casablanca,6.8,56.93,36.85,0.2,48.47,Credit Card,Online,L. Martin,EUR
15006,5,5013.04,1390.01,1912,John Rossi,10/29/2024,Keyboard,Gadgets,Morocco,Casablanca,319.36,1253.26,651.54,0.2,45.97,Crypto,Direct,Unknown,USD
15007,6,8411.82,1656.45,1012,Luis Dubois,11/1/2024,Mouse,Electronic,Germany,Berlin,1153.82,1401.97,930.34,0,19.51,PayPal,Partner,Unknown,EUR
15008,4,3285.52,945.1,1356,Maria Kowalski,12/18/2023,Laptop,Electronic,Morocco,Casablanca,207.71,821.38,527.16,0,24.07,Cash,Online,M. Lopez,USD
15009,6,1840.488,507.558,2409,Lucas Rossi,1/14/2025,Phone,Electronic,UAE,Dubai,93.22,360.88,200.28,0.15,38.03,Cash,Retail,Unknown,USD
15010,7,5927.936,2385.856,1851,John Kowalski,6/27/2023,Tablet,Tech,USA,New York,476.19,1058.56,434.02,0.2,27.75,Crypto,Direct,A. Johnson,USD
15011,4,2364.87,376.7,2291,Noah Haddad,9/11/2023,Monitor,Tech,Spain,Madrid,233.47,695.55,438.6,0.15,0.3,Credit Card,Direct,Unknown,USD
15012,7,6123.04,2313.23,2654,Lucas Haddad,11/28/2024,Monitor,Tech,Spain,Madrid,0,874.72,540.48,0,26.45,Bank Transfer,Partner,Unknown,USD
15013,7,1254.064,225.834,1475,Youssef Khan,1/19/2024,Laptop,Tech,France,Paris,188,223.94,114.58,0.2,38.17,Crypto,Online,A. Johnson,MAD
15014,1,477.765,145.775,2837,Maria Garcia,7/13/2024,Mouse,Gadgets,USA,New York,56.95,530.85,261.66,0.1,13.38,Crypto,Direct,L. Martin,USD
15015,7,5455.555,1220.175,2699,Maria Lopez,6/14/2024,Smartphone,Gadgets,Germany,Berlin,988.34,916.9,463.32,0.15,3.8,Crypto,Online,A. Johnson,EUR
15016,2,1083.204,472.144,1228,John Smith,6/14/2025,Tablet,Electronic,UAE,Dubai,61.88,601.78,270.52,0.1,8.14,Crypto,Partner,S. Rossi,USD
15017,1,721.984,-88.856,2795,John Garcia,5/2/2024,Tablet,Tech,USA,New York,119.82,902.48,656.09,0.2,34.93,Cash,Retail,Unknown,USD
15018,7,5970.0515,2395.8815,2663,Mariam Dubois,8/11/2023,Keyboard,Tech,Morocco,Casablanca,491.33,1003.37,433.43,0.15,48.83,Cash,Retail,L. Martin,USD
15019,6,5627.097,1828.857,2078,Mariam Ibrahim,5/1/2023,Smartphone,Electronic,France,Paris,804.29,987.21,496,0.05,17.95,Bank Transfer,Partner,A. Johnson,USD
15020,3,263.904,45.604,2496,Noah Lopez,9/4/2023,Keyboard,Tech,Spain,Madrid,17.63,109.96,61,0.2,17.67,Cash,Partner,M. Lopez,USD
15021,3,99.348,-22.652,2395,Nora Haddad,2/1/2025,Smartphone,Electronic,USA,New York,11.53,38.96,31.57,0.15,15.76,Cash,Partner,K. Haddad,USD
15022,6,2146.932,750.612,2933,John Silva,12/3/2023,Laptop,Tech,France,Paris,318.48,397.58,172.43,0.1,43.26,Credit Card,Retail,Unknown,USD
15023,5,5545.435,1812.825,2068,Emma Chen,8/6/2024,Tablet,Electronic,USA,New York,675.5,1167.46,602.62,0.05,44.01,Credit Card,Partner,A. Johnson,EUR
15024,4,1381.356,323.816,2603,Noah Rahmani,6/30/2024,Phone,Tech,France,Paris,90.09,383.71,235.01,0.1,27.41,Credit Card,Direct,K. Haddad,USD
15025,6,6320.28,3312.46,1273,Ahmed Benali,3/1/2023,Keyboard,Electronic,USA,New York,405.47,1053.38,426.6,0,42.75,Credit Card,Retail,K. Haddad,MAD
15026,1,611.523,-19.097,2804,Ali Silva,5/11/2023,Tablet,Electronic,USA,New York,91.39,679.47,505.75,0.1,33.48,Bank Transfer,Retail,Unknown,EUR
15027,4,4942.44,1147.96,2957,Leo Ibrahim,12/7/2024,Phone,Gadgets,Morocco,Casablanca,524.17,1235.61,815.15,0,9.71,Credit Card,Online,Unknown,USD
15028,6,2849.364,621.764,2910,John Chen,3/11/2025,Tablet,Gadgets,Germany,Berlin,264.88,527.66,324.18,0.1,17.64,Credit Card,Retail,Unknown,USD
15029,6,303.195,87.975,1752,Maria Chen,11/20/2023,Phone,Tech,Germany,Berlin,51.51,59.45,24.02,0.15,19.59,PayPal,Direct,Unknown,MAD
15030,3,265.107,98.027,2413,Ali Kowalski,10/11/2023,Monitor,Electronic,Morocco,Casablanca,41.41,93.02,41.07,0.05,2.46,PayPal,Partner,Unknown,USD
15031,5,6128.245,251.465,1874,Luis Chen,8/21/2024,Laptop,Tech,Morocco,Casablanca,451.75,1441.94,1078.67,0.15,31.68,Credit Card,Online,S. Rossi,USD
15032,5,864.69,173.07,1795,Maria Smith,7/25/2024,Keyboard,Tech,Germany,Berlin,152.72,182.04,100.29,0.05,37.45,Credit Card,Online,L. Martin,MAD
15033,6,932.742,281.492,1639,Sara Chen,11/30/2023,Tablet,Gadgets,Spain,Madrid,59.05,172.73,92.01,0.1,40.14,Bank Transfer,Online,Unknown,MAD
15034,5,6662.205,2521.115,1366,Noah Kowalski,9/26/2023,Tablet,Electronic,UAE,Dubai,0,1480.49,822.16,0.1,30.29,PayPal,Online,A. Johnson,USD
15035,1,169.68,-49.46,2256,Sara Kowalski,3/26/2025,Keyboard,Electronic,Morocco,Casablanca,27.02,169.68,149.61,0,42.51,Credit Card,Online,Unknown,MAD
15036,4,2023.136,-173.074,2821,Lucas Khan,11/14/2023,Tablet,Electronic,USA,New York,336.67,632.23,457.48,0.2,29.62,PayPal,Online,A. Johnson,EUR
15037,1,1169.424,458.774,1679,Ahmed Kowalski,11/16/2024,Tablet,Tech,Morocco,Casablanca,132.34,1299.36,536.36,0.1,41.95,Cash,Online,L. Martin,USD
15038,1,88.3235,-35.2665,1786,Leo Benali,11/14/2024,Mouse,Tech,Spain,Madrid,12.07,103.91,68.53,0.15,42.99,Credit Card,Online,Unknown,EUR
15039,6,1281,408.26,1324,Fatima Benali,7/12/2023,Keyboard,Gadgets,USA,New York,168.5,213.5,110.59,0,40.7,Bank Transfer,Retail,K. Haddad,USD
15040,3,3640.005,1454.685,2562,Sara Garcia,6/4/2024,Phone,Electronic,Spain,Madrid,412.65,1348.15,587.72,0.1,9.51,Bank Transfer,Online,K. Haddad,USD
15041,6,3144.42,544.61,1592,Youssef Lopez,12/13/2024,Mouse,Tech,Germany,Berlin,441.92,582.3,352.82,0.1,40.97,Credit Card,Online,A. Johnson,USD
15042,5,5403.65,321.05,1756,Fatima Rahmani,1/15/2024,Laptop,Electronic,Morocco,Casablanca,424.56,1080.73,927.39,0,21.09,PayPal,Online,Unknown,USD
15043,1,1021.2665,381.1465,2120,Nora Dubois,7/29/2023,Headphone,Tech,France,Paris,75.49,1201.49,532.34,0.15,32.29,PayPal,Online,Unknown,USD
15044,4,1673.064,217.674,2242,Emma Rahmani,5/18/2024,Smartphone,Tech,USA,New York,112.1,464.74,323.45,0.1,49.49,Credit Card,Online,L. Martin,EUR
15045,7,4013.072,-721.108,1433,Ali Rahmani,2/27/2024,Keyboard,Gadgets,Morocco,Casablanca,583.09,716.62,590,0.2,21.09,Credit Card,Online,A. Johnson,USD
15046,4,5245.824,172.294,1616,Noah Rahmani,12/11/2024,Mouse,Electronic,Morocco,Casablanca,644.59,1380.48,1104.72,0.05,10.06,Credit Card,Direct,M. Lopez,USD
15047,4,617.814,-1517.266,1787,Sara Benali,12/18/2024,Mouse,Electronic,Spain,Madrid,110.18,181.71,496,0.15,40.9,PayPal,Online,L. Martin,MAD
15048,3,413.592,-38.328,2709,John Haddad,10/22/2023,Keyboard,Electronic,USA,New York,40.39,172.33,122.17,0.2,45.02,Cash,Online,M. Lopez,USD
15049,5,706.95,30.07,2408,Ali Kowalski,3/10/2024,Tablet,Tech,USA,New York,107.82,157.1,106.86,0.1,34.76,Credit Card,Partner,Unknown,USD
15050,2,736.236,-106.004,2784,Mariam Khan,2/7/2024,Mouse,Tech,Spain,Madrid,142.27,433.08,335.36,0.15,29.25,PayPal,Online,S. Rossi,USD
15051,4,2374.344,-20.096,1622,Sofia Haddad,6/14/2025,Keyboard,Tech,USA,New York,367.4,659.54,494.77,0.1,47.96,Crypto,Online,K. Haddad,MAD
15052,7,374.661,118.261,1487,Ali Kowalski,4/9/2024,Laptop,Electronic,UAE,Dubai,30.99,59.47,27.56,0.1,32.49,PayPal,Retail,Unknown,MAD
15053,4,4268.16,1161.76,2881,Ali Rahmani,9/19/2023,Keyboard,Tech,Morocco,Casablanca,549.37,1185.6,633.01,0.1,24.99,Credit Card,Online,S. Rossi,EUR
15054,4,590.786,13.796,1582,Luis Garcia,2/21/2024,Mouse,Electronic,Morocco,Casablanca,101.87,155.47,114.04,0.05,18.96,Bank Transfer,Online,M. Lopez,EUR
15055,3,394.929,-1154.251,2504,Sofia Khan,9/15/2023,Tablet,Tech,USA,New York,54.88,146.27,496,0.1,6.3,Bank Transfer,Direct,K. Haddad,USD
15056,6,5095.116,551.716,2395,Mariam Ibrahim,4/4/2023,Keyboard,Tech,France,Paris,0,943.54,754.64,0.1,15.56,Credit Card,Retail,M. Lopez,EUR
15057,4,2257.44,-496.35,1916,Fatima Benali,3/5/2023,Mouse,Gadgets,Germany,Berlin,320.09,705.45,607.24,0.2,4.74,Credit Card,Online,L. Martin,USD
15058,4,72.792,-10.908,1922,Sara Ibrahim,10/14/2024,Tablet,Electronic,UAE,Dubai,7.9,20.22,14.2,0.1,19,Bank Transfer,Online,Unknown,USD
15059,7,8122.31,-452.55,2490,Emma Garcia,3/17/2024,Phone,Tech,France,Paris,1218.63,1221.4,1050.73,0.05,1.12,Cash,Retail,K. Haddad,MAD
15060,6,6489.036,-1285.604,1752,Emma Kowalski,4/25/2024,Monitor,Electronic,USA,New York,1260.09,1272.36,1083.58,0.15,13.07,Cash,Partner,Unknown,EUR
15061,7,1337.049,286.189,1371,Nora Smith,4/30/2023,Laptop,Tech,Morocco,Casablanca,184.01,201.06,123.19,0.05,4.52,Bank Transfer,Direct,M. Lopez,EUR
15062,3,4267.248,372.458,2475,Noah Benali,2/21/2024,Headphone,Tech,Spain,Madrid,660.16,1497.28,1074.35,0.05,11.58,Bank Transfer,Online,A. Johnson,MAD
15063,2,1011.32,379.07,2384,Ahmed Dubois,10/11/2024,Phone,Gadgets,France,Paris,148.38,505.66,230.82,0,22.23,PayPal,Direct,L. Martin,USD
15064,1,481.1,-19.09,1247,Luis Silva,12/4/2024,Monitor,Electronic,UAE,Dubai,68.71,566,416.58,0.15,14.9,Credit Card,Retail,Unknown,MAD
15065,1,261.792,1.032,2733,Lucas Lopez,7/10/2024,Monitor,Tech,Spain,Madrid,30.48,327.24,230.22,0.2,0.06,Credit Card,Partner,S. Rossi,USD
15066,6,1370.625,-15.625,2411,John Rahmani,12/1/2024,Keyboard,Tech,Spain,Madrid,165.78,268.75,197.32,0.15,36.55,Bank Transfer,Online,A. Johnson,EUR
15067,7,9454.76,4325.66,2013,Lucas Garcia,9/15/2023,Smartphone,Tech,Germany,Berlin,488.33,1350.68,657.69,0,36.94,Cash,Online,S. Rossi,MAD
15068,5,4325.4,189.66,1347,Lucas Silva,3/4/2023,Headphone,Electronic,UAE,Dubai,537.95,961.2,715.34,0.1,21.09,Crypto,Direct,K. Haddad,EUR
15069,4,3764.992,827.722,2757,Nora Haddad,3/2/2023,Headphone,Electronic,UAE,Dubai,657.51,1176.56,562.38,0.2,30.24,Credit Card,Online,L. Martin,USD
15070,3,1322.448,440.278,2697,Sofia Kowalski,1/17/2023,Laptop,Tech,Morocco,Casablanca,133.47,551.02,241.46,0.2,24.32,Credit Card,Partner,A. Johnson,EUR
15071,7,6263.019,1042.439,1202,Luis Dubois,3/16/2025,Keyboard,Electronic,Morocco,Casablanca,505.57,994.13,670.56,0.1,21.09,Bank Transfer,Online,L. Martin,EUR
15072,7,2859.304,-484.766,1413,Youssef Rossi,9/6/2024,Monitor,Electronic,France,Paris,166.19,510.59,447.09,0.2,48.25,Crypto,Direct,Unknown,USD
15073,5,5120.5475,839.7275,1349,Ahmed Smith,3/30/2025,Mouse,Electronic,Morocco,Casablanca,819.48,1078.01,684.22,0.05,40.24,Crypto,Online,A. Johnson,USD
15074,7,2532.2535,362.2635,1469,Leo Khan,12/16/2023,Mouse,Electronic,Morocco,Casablanca,361.4,380.79,253.27,0.05,35.7,Cash,Direct,M. Lopez,EUR
15075,5,1961.775,696.965,1343,Noah Benali,11/7/2024,Headphone,Tech,USA,New York,366.01,435.95,176.62,0.1,15.7,PayPal,Online,Unknown,USD
15076,5,4680.81,-533.62,1619,Ahmed Kowalski,8/26/2023,Laptop,Electronic,UAE,Dubai,538.07,1040.18,926.73,0.1,42.71,Credit Card,Partner,K. Haddad,USD
15077,7,9487.45,4970.96,1351,Ahmed Haddad,3/17/2024,Keyboard,Gadgets,Morocco,Casablanca,676.67,1355.35,545.84,0,18.94,PayPal,Retail,A. Johnson,EUR
15078,6,5562.57,1447.33,1703,John Kowalski,4/2/2024,Headphone,Electronic,Germany,Berlin,569.6,1090.7,583.4,0.15,45.24,Credit Card,Online,Unknown,EUR
15079,7,6411.3,3040.83,1035,Emma Haddad,2/11/2024,Tablet,Electronic,Spain,Madrid,540.51,915.9,402.09,0,15.33,Crypto,Online,A. Johnson,USD
15080,5,3311.84,-911.93,1855,Sara Haddad,10/31/2023,Keyboard,Gadgets,France,Paris,641.56,827.96,708.23,0.2,41.06,Crypto,Partner,Unknown,EUR
15081,2,964.402,292.432,1194,Ali Khan,6/20/2023,Laptop,Tech,UAE,Dubai,152.74,507.58,251.09,0.05,17.05,Credit Card,Partner,S. Rossi,USD
15082,3,394.791,42.231,2306,Youssef Silva,7/26/2023,Mouse,Tech,USA,New York,28.12,154.82,102.67,0.15,16.43,Credit Card,Retail,K. Haddad,USD
15083,3,4058.76,1828.99,2873,Sofia Smith,3/23/2024,Phone,Electronic,Spain,Madrid,477.31,1352.92,573.09,0,33.19,Crypto,Retail,S. Rossi,EUR
15084,5,1082.61,233.84,2727,Luis Rahmani,9/26/2024,Headphone,Tech,Morocco,Casablanca,110.51,240.58,140.97,0.1,33.41,Crypto,Retail,K. Haddad,MAD
15085,7,-2809.73,-4691.66,1470,Emma Haddad,12/14/2024,Laptop,Electronic,USA,New York,386.29,-401.39,207.31,0,44.47,Credit Card,Online,K. Haddad,MAD
15086,1,1250.1715,260.8615,2103,Luis Lopez,12/6/2024,Tablet,Electronic,Morocco,Casablanca,180.3,1470.79,794.7,0.15,14.31,Credit Card,Direct,A. Johnson,USD
15087,3,2391.288,198.448,1539,Emma Rossi,2/16/2023,Phone,Electronic,Germany,Berlin,200.8,937.76,663.52,0.15,1.48,Bank Transfer,Retail,Unknown,EUR
15088,7,9600.29,3773.29,2003,Luis Silva,1/23/2025,Phone,Tech,UAE,Dubai,1167.03,1371.47,663.32,0,16.73,Crypto,Direct,K. Haddad,USD
15089,3,753.96,-253.84,1857,Mariam Chen,5/4/2025,Tablet,Electronic,USA,New York,144.98,314.15,273.11,0.2,43.49,Credit Card,Partner,L. Martin,EUR
15090,5,640.84,-99.04,2456,Leo Chen,7/1/2024,Headphone,Tech,Germany,Berlin,52.97,160.21,129.96,0.2,37.11,Crypto,Online,S. Rossi,USD
15091,5,842.625,31.285,1677,Luis Chen,5/14/2025,Mouse,Tech,Spain,Madrid,118.08,187.25,135.38,0.1,16.36,Credit Card,Partner,Unknown,EUR
15092,3,3953.313,480.653,1232,Lucas Chen,5/23/2024,Keyboard,Tech,Germany,Berlin,516.74,1464.19,984.03,0.1,3.83,Bank Transfer,Online,Unknown,MAD
15093,1,744.3365,-37.7635,2720,Emma Chen,12/24/2023,Headphone,Tech,Germany,Berlin,79.12,875.69,697.25,0.15,5.73,Credit Card,Online,Unknown,USD
15094,1,1190.856,-75.194,1435,Noah Ibrahim,1/20/2024,Headphone,Gadgets,Morocco,Casablanca,182.53,1488.57,1069.14,0.2,14.38,PayPal,Online,Unknown,USD
15095,2,756.483,-0.117,2113,Lucas Garcia,8/14/2024,Mouse,Tech,Morocco,Casablanca,96.01,444.99,319.75,0.15,21.09,Crypto,Direct,Unknown,USD
15096,6,2194.632,573.172,2935,Leo Ibrahim,1/17/2024,Phone,Tech,Morocco,Casablanca,214.69,430.32,233.81,0.15,3.91,Cash,Retail,K. Haddad,EUR
15097,2,753.872,240.392,2254,Noah Lopez,7/5/2023,Tablet,Tech,Morocco,Casablanca,78.62,471.17,196.96,0.2,40.94,PayPal,Partner,M. Lopez,MAD
15098,6,2108.238,587.798,1223,Sofia Chen,6/1/2025,Mouse,Electronic,USA,New York,233.35,413.38,211,0.15,21.09,Credit Card,Partner,Unknown,EUR
15099,4,4732.76,1060.52,2741,Youssef Rossi,6/26/2024,Mouse,Electronic,Germany,Berlin,398.49,1183.19,818.19,0,0.99,PayPal,Partner,S. Rossi,USD
15100,7,6479.536,2547.966,2450,Sofia Kowalski,5/7/2024,Mouse,Gadgets,Morocco,Casablanca,368.46,1157.06,505.87,0.2,22.02,Cash,Online,L. Martin,USD
15101,4,3750.846,1288.566,1356,Luis Dubois,10/23/2023,Mouse,Tech,Morocco,Casablanca,273.8,1103.19,543.55,0.15,14.28,PayPal,Direct,A. Johnson,MAD
15102,6,3234.114,904.654,2034,Ahmed Rahmani,6/24/2023,Laptop,Tech,Germany,Berlin,566.95,634.14,291.06,0.15,16.15,Credit Card,Online,A. Johnson,USD
15103,7,10278.45,1952.47,2579,Ahmed Ibrahim,6/5/2024,Tablet,Tech,France,Paris,1408.13,1468.35,988.1,0,1.15,PayPal,Online,S. Rossi,USD
15104,3,2190.564,385.904,1670,Fatima Khan,4/17/2025,Mouse,Tech,USA,New York,194.53,811.32,529.68,0.1,21.09,Bank Transfer,Online,A. Johnson,USD
15105,5,6025.77,1075.68,2675,Maria Rahmani,1/23/2025,Laptop,Electronic,Germany,Berlin,477.91,1339.06,889.88,0.1,22.78,Cash,Partner,Unknown,USD
15106,3,1884.1185,702.7285,2816,Sofia Smith,6/27/2024,Keyboard,Electronic,USA,New York,238.18,738.87,299.97,0.15,43.3,Credit Card,Partner,A. Johnson,USD
15107,5,3997.38,1083.71,2562,Youssef Dubois,7/28/2023,Laptop,Electronic,UAE,Dubai,514.32,940.56,475.81,0.15,20.3,Credit Card,Online,A. Johnson,EUR
15108,3,410.103,182.993,2494,John Chen,3/25/2023,Laptop,Electronic,USA,New York,20.81,151.89,65.12,0.1,10.94,PayPal,Online,Unknown,USD
15109,3,1631.2605,204.8705,1169,Nora Garcia,1/29/2025,Mouse,Gadgets,France,Paris,272.28,639.71,380.6,0.15,12.31,PayPal,Direct,K. Haddad,USD
15110,2,763.808,219.948,1636,Youssef Chen,1/23/2025,Keyboard,Gadgets,Spain,Madrid,135.87,477.38,201.75,0.2,4.49,Bank Transfer,Online,S. Rossi,USD
15111,1,100.53,-19.79,1791,Mariam Ibrahim,2/15/2023,Mouse,Electronic,Morocco,Casablanca,13.27,111.7,61.73,0.1,45.32,Bank Transfer,Direct,Unknown,EUR
15112,7,8780.31,230.21,1046,Maria Dubois,6/11/2024,Tablet,Electronic,USA,New York,1315.89,1393.7,1033.01,0.1,3.14,Cash,Online,K. Haddad,EUR
15113,3,933.5175,34.5275,1200,Ali Silva,9/11/2023,Smartphone,Electronic,Spain,Madrid,121.24,327.55,244.97,0.05,42.84,Bank Transfer,Retail,Unknown,EUR
15114,5,5893.9425,1876.5625,2674,Nora Khan,9/3/2024,Headphone,Tech,Germany,Berlin,385.95,1240.83,716.61,0.05,48.38,Credit Card,Retail,K. Haddad,EUR
15115,4,2453.432,1021.382,1207,Lucas Rahmani,5/20/2023,Phone,Electronic,Morocco,Casablanca,226.72,645.64,289.45,0.05,47.53,Crypto,Partner,A. Johnson,EUR
15116,4,3646.442,1374.492,2372,Nora Silva,5/14/2023,Headphone,Electronic,UAE,Dubai,335.43,959.59,483.23,0.05,3.6,Credit Card,Online,M. Lopez,USD
15117,1,132.7435,8.6635,1838,Lucas Dubois,11/18/2023,Monitor,Tech,UAE,Dubai,21.93,139.73,101.21,0.05,0.94,Bank Transfer,Partner,Unknown,USD
15118,7,5493.74,342.36,2005,Lucas Benali,10/13/2024,Keyboard,Electronic,France,Paris,652.03,784.82,637.25,0,38.6,Bank Transfer,Online,M. Lopez,USD
15119,4,395.732,-1626.488,2932,John Chen,2/22/2024,Tablet,Gadgets,France,Paris,0,104.14,496,0.05,38.22,Credit Card,Online,Unknown,USD
15120,1,35.513,-43.727,1206,Lucas Benali,9/29/2023,Laptop,Tech,USA,New York,4.46,41.78,26.73,0.15,48.05,Credit Card,Retail,K. Haddad,EUR
15121,7,7112.336,-2127.974,2796,Mariam Rahmani,3/18/2024,Laptop,Gadgets,Morocco,Casablanca,1388.17,1270.06,1120.87,0.2,6.05,Credit Card,Retail,Unknown,USD
15122,2,523.044,95.124,2517,Fatima Garcia,9/23/2023,Laptop,Tech,USA,New York,36.55,290.58,174.08,0.1,43.21,Crypto,Online,Unknown,USD
15123,6,7619.454,3192.444,1807,Emma Dubois,2/22/2025,Smartphone,Tech,Spain,Madrid,531.98,1411.01,644.7,0.1,26.83,PayPal,Online,Unknown,EUR
15124,1,247.779,69.229,1438,John Ibrahim,6/15/2024,Headphone,Tech,Morocco,Casablanca,43.76,275.31,126.88,0.1,7.91,Cash,Partner,A. Johnson,EUR
15125,4,822.206,135.776,2978,Luis Haddad,5/14/2025,Headphone,Electronic,Spain,Madrid,142.1,216.37,124.34,0.05,46.97,Bank Transfer,Retail,A. Johnson,USD
15126,4,1598.304,-213.986,1668,Ahmed Silva,9/9/2024,Mouse,Tech,Morocco,Casablanca,120.54,499.47,417.19,0.2,22.99,Credit Card,Retail,M. Lopez,MAD
15127,5,-4766.6725,-7321.2825,1954,Ali Haddad,8/3/2023,Headphone,Electronic,USA,New York,360.35,-1003.51,433.14,0.05,28.56,Credit Card,Direct,K. Haddad,EUR
15128,2,1889.02,594.37,1782,Ahmed Benali,4/7/2023,Mouse,Gadgets,France,Paris,339.82,944.51,455.47,0,43.89,Credit Card,Online,K. Haddad,USD
15129,6,5809.44,1735.63,2301,Sara Kowalski,6/22/2024,Tablet,Electronic,Morocco,Casablanca,0,1019.2,673.43,0.05,33.23,Crypto,Direct,S. Rossi,USD
15130,1,602.905,33.615,2691,John Benali,8/17/2023,Monitor,Gadgets,Spain,Madrid,73.3,709.3,494.52,0.15,1.47,Credit Card,Partner,A. Johnson,USD
15131,7,9097.9315,2831.9615,1075,Leo Garcia,3/27/2024,Phone,Tech,USA,New York,716,1368.11,789.84,0.05,21.09,Bank Transfer,Direct,M. Lopez,MAD
15132,4,2510.528,417.218,2934,John Rahmani,2/19/2025,Keyboard,Electronic,USA,New York,348.81,784.54,428.06,0.2,32.26,Cash,Direct,Unknown,USD
15133,5,1826.6075,304.9875,2114,Lucas Garcia,7/17/2023,Keyboard,Tech,Morocco,Casablanca,241.46,429.79,253.87,0.15,10.81,Credit Card,Retail,S. Rossi,EUR
15134,7,8754.473,2274.193,1042,Lucas Chen,5/12/2023,Keyboard,Tech,USA,New York,1008.3,1471.34,778.11,0.15,25.21,PayPal,Retail,A. Johnson,USD
15135,7,7835.688,2367.518,1317,Sara Khan,4/8/2024,Laptop,Electronic,Spain,Madrid,1054.3,1243.76,624.23,0.1,44.26,PayPal,Online,Unknown,EUR
15136,7,3307.045,822.005,1339,Emma Khan,8/30/2023,Headphone,Gadgets,Germany,Berlin,350.93,497.3,298.02,0.05,47.97,PayPal,Retail,K. Haddad,USD
15137,2,1998.299,136.499,1189,Noah Kowalski,2/17/2024,Headphone,Tech,UAE,Dubai,120.01,1175.47,861.85,0.15,18.09,Cash,Direct,L. Martin,EUR
15138,6,4313.361,813.011,2578,Emma Kowalski,2/8/2025,Phone,Tech,Morocco,Casablanca,702.28,756.73,462.83,0.05,21.09,PayPal,Online,S. Rossi,USD
15139,1,1356.125,28.765,1574,Sara Chen,4/13/2023,Laptop,Tech,Spain,Madrid,180.43,1427.5,1143.09,0.05,3.84,Credit Card,Online,A. Johnson,MAD
15140,5,1781.325,499.555,1026,Leo Garcia,5/11/2025,Headphone,Electronic,USA,New York,199.11,395.85,210.24,0.1,31.46,Crypto,Direct,Unknown,USD
15141,3,3927.18,1322.5,1897,Luis Haddad,3/20/2025,Mouse,Gadgets,France,Paris,236.12,1309.06,782.49,0,21.09,PayPal,Online,A. Johnson,USD
15142,3,610.419,-20.491,1222,Lucas Rossi,10/26/2023,Keyboard,Tech,Morocco,Casablanca,86.03,239.38,179.54,0.15,6.26,Crypto,Retail,A. Johnson,EUR
15143,2,582.272,37.762,1280,Mariam Rossi,3/9/2024,Headphone,Electronic,Germany,Berlin,95.29,363.92,203.28,0.2,42.66,Crypto,Retail,Unknown,USD
15144,6,4050.24,1313.69,2169,Mariam Chen,5/25/2025,Mouse,Tech,France,Paris,346.86,843.8,394.06,0.2,25.33,PayPal,Partner,K. Haddad,USD
15145,2,1122.39,-98.42,2400,Mariam Kowalski,6/15/2024,Headphone,Electronic,USA,New York,203.72,623.55,496,0.1,25.09,Bank Transfer,Online,L. Martin,EUR
15146,7,3345.048,-80.892,1487,Sofia Benali,5/1/2025,Mouse,Electronic,France,Paris,413.92,530.96,426.69,0.1,25.19,PayPal,Direct,A. Johnson,USD
15147,4,4717.908,289.628,2215,Maria Ibrahim,5/2/2024,Monitor,Electronic,Morocco,Casablanca,451.82,1387.62,988.19,0.15,23.7,PayPal,Partner,K. Haddad,EUR
15148,5,695.7,-1905.64,2696,Leo Garcia,1/29/2023,Tablet,Tech,Morocco,Casablanca,113.65,154.6,496,0.1,7.69,Credit Card,Online,S. Rossi,MAD
15149,7,7065.3275,-24.0525,2621,Mariam Lopez,7/31/2024,Mouse,Electronic,Morocco,Casablanca,887.67,1187.45,885.83,0.15,0.9,Cash,Partner,L. Martin,USD
15150,1,957.797,-105.023,2197,Fatima Lopez,11/9/2024,Mouse,Electronic,Morocco,Casablanca,82.52,1126.82,973.19,0.15,7.11,Bank Transfer,Direct,S. Rossi,USD
15151,6,4651.968,480.518,2193,Ali Smith,11/8/2024,Keyboard,Gadgets,France,Paris,735.08,969.16,568.44,0.2,25.73,Cash,Retail,K. Haddad,MAD
15152,7,3473.008,-271.322,2084,Maria Kowalski,5/15/2025,Headphone,Electronic,Germany,Berlin,177.25,620.18,506.57,0.2,21.09,Credit Card,Partner,A. Johnson,MAD
15153,6,1879.119,476.429,1052,Youssef Khan,5/19/2023,Laptop,Tech,France,Paris,362.23,329.67,170.08,0.05,19.98,Bank Transfer,Partner,L. Martin,EUR
15154,2,438.923,82.673,1553,Ali Silva,1/9/2025,Mouse,Tech,USA,New York,34.42,258.19,152.5,0.15,16.83,Credit Card,Online,Unknown,USD
15155,2,-626.04,-1033.17,2140,Ali Khan,4/10/2024,Headphone,Tech,Germany,Berlin,48.44,-313.02,177.72,0,3.25,Cash,Partner,Unknown,EUR
15156,2,1756.835,45.445,1330,Ali Dubois,12/1/2023,Tablet,Electronic,UAE,Dubai,123.93,924.65,770.01,0.05,47.44,Credit Card,Online,S. Rossi,USD
15157,2,166,48.36,2573,Luis Ibrahim,5/31/2025,Laptop,Gadgets,Spain,Madrid,31.34,83,38.88,0,8.54,Credit Card,Partner,S. Rossi,EUR
15158,2,1268.964,280.224,2929,John Haddad,1/17/2023,Mouse,Electronic,Spain,Madrid,223.15,704.98,372.25,0.1,21.09,PayPal,Direct,A. Johnson,USD
15159,5,5997.9675,2388.8675,1878,Lucas Rossi,7/10/2023,Laptop,Tech,France,Paris,613.36,1262.73,598.96,0.05,0.94,Bank Transfer,Online,M. Lopez,USD
15160,7,9303.147,3254.517,2669,Sara Rahmani,6/11/2025,Mouse,Tech,UAE,Dubai,1476.35,1476.69,646.79,0.1,44.75,Bank Transfer,Online,Unknown,EUR
15161,7,4623.269,1494.509,1062,Nora Ibrahim,8/4/2023,Mouse,Gadgets,Morocco,Casablanca,455.44,777.02,380.26,0.15,11.5,Bank Transfer,Online,Unknown,USD
15162,3,1565.514,317.384,1196,Lucas Silva,4/27/2023,Phone,Tech,France,Paris,298.06,579.82,309.46,0.1,21.69,Cash,Online,K. Haddad,EUR
15163,7,5880.385,1915.685,2785,Leo Rahmani,5/26/2024,Headphone,Gadgets,USA,New York,508,988.3,491.3,0.15,17.6,Credit Card,Online,A. Johnson,USD
15164,1,592.75,216.1,1834,Leo Rahmani,6/16/2023,Phone,Tech,USA,New York,34.91,592.75,341.33,0,0.41,Credit Card,Partner,M. Lopez,EUR
15165,4,991.268,104.378,1072,Sofia Chen,3/4/2025,Keyboard,Gadgets,Spain,Madrid,77.39,260.86,191.35,0.05,44.1,PayPal,Partner,Unknown,EUR
15166,5,3038.75,544.92,2346,Sofia Lopez,8/29/2023,Keyboard,Tech,USA,New York,537.93,715,382.49,0.15,43.45,Bank Transfer,Partner,S. Rossi,MAD
15167,2,1812.924,-20.646,2487,Youssef Garcia,12/19/2024,Tablet,Electronic,Morocco,Casablanca,118.69,1007.18,836.93,0.1,41.02,PayPal,Online,Unknown,MAD
15168,5,2640.95,847.41,2762,Sofia Dubois,5/30/2024,Keyboard,Tech,Spain,Madrid,294.89,528.19,295.4,0,21.65,PayPal,Online,Unknown,EUR
15169,2,981.94,-59.55,2474,Emma Rahmani,4/19/2024,Mouse,Tech,USA,New York,147.48,490.97,436.46,0,21.09,Cash,Partner,A. Johnson,MAD
15170,5,4082.085,603.215,2723,Emma Ibrahim,1/12/2025,Smartphone,Electronic,Morocco,Casablanca,569.51,907.13,580.25,0.1,8.11,Cash,Online,M. Lopez,EUR
15171,7,7024.4615,739.8315,2369,Sara Kowalski,4/8/2023,Mouse,Tech,France,Paris,836.93,1056.31,775.23,0.05,21.09,Bank Transfer,Online,K. Haddad,MAD
15172,6,1843.536,614.146,2166,Ali Smith,12/7/2024,Tablet,Gadgets,Germany,Berlin,193.77,384.07,165.77,0.2,41,Bank Transfer,Direct,Unknown,EUR
15173,5,6006.45,1159,1733,Lucas Khan,12/12/2024,Keyboard,Tech,Spain,Madrid,437.04,1201.29,873.23,0,44.26,PayPal,Direct,Unknown,USD
15174,2,636.768,-97.262,2858,Youssef Rahmani,9/1/2023,Mouse,Electronic,Germany,Berlin,92.69,397.98,302.76,0.2,35.82,Credit Card,Online,S. Rossi,EUR
15175,2,2044,-86.02,1313,Youssef Lopez,4/30/2023,Laptop,Gadgets,Germany,Berlin,0,1277.5,1053.52,0.2,22.98,Crypto,Partner,Unknown,USD
15176,4,3478.52,169.1,2109,Luis Rahmani,1/1/2023,Tablet,Electronic,USA,New York,681.17,915.4,645.11,0.05,47.81,Credit Card,Partner,L. Martin,MAD
15177,2,1888.08,-29.54,1521,Noah Smith,2/9/2025,Phone,Gadgets,Morocco,Casablanca,106.13,1180.05,885.29,0.2,40.91,PayPal,Online,Unknown,USD
15178,6,3224.64,-879.6,1407,Emma Garcia,2/15/2025,Tablet,Electronic,Spain,Madrid,550.28,671.8,587.17,0.2,30.94,Credit Card,Partner,M. Lopez,EUR
15179,1,1236.78,35.34,1442,Sara Chen,6/12/2023,Monitor,Electronic,USA,New York,195.94,1236.78,983.95,0,21.55,PayPal,Online,L. Martin,USD
15180,7,2188.746,4.556,2975,Emma Smith,12/21/2023,Headphone,Tech,Morocco,Casablanca,416.14,347.42,246.76,0.1,40.73,Credit Card,Retail,M. Lopez,USD
15181,6,2738.793,914.113,1354,Lucas Lopez,11/15/2023,Monitor,Tech,USA,New York,347.43,480.49,244.17,0.05,12.23,Cash,Retail,Unknown,EUR
15182,5,5530.1875,467.4875,1698,Leo Haddad,4/17/2024,Laptop,Electronic,France,Paris,637.88,1164.25,882.01,0.05,14.77,Crypto,Partner,K. Haddad,EUR
15183,4,3883.36,636.13,2878,Mariam Smith,2/24/2025,Headphone,Gadgets,USA,New York,500.4,970.84,683.2,0,14.03,Credit Card,Retail,Unknown,EUR
15184,7,9175.887,1942.967,2668,Mariam Benali,11/20/2024,Phone,Electronic,Germany,Berlin,739.47,1456.49,922.9,0.1,33.15,Crypto,Direct,Unknown,USD
15185,4,198.304,22.504,1061,Emma Chen,1/8/2024,Laptop,Tech,Spain,Madrid,16.09,61.97,36.1,0.2,15.31,PayPal,Online,M. Lopez,EUR
15186,5,4898.95,783.7,2542,Ahmed Lopez,10/13/2024,Tablet,Tech,USA,New York,718.62,979.79,678.22,0,5.53,Credit Card,Partner,A. Johnson,USD
15187,2,2359.38,533.47,2057,Ahmed Haddad,3/5/2025,Phone,Gadgets,Morocco,Casablanca,339.58,1179.69,732.79,0,20.75,PayPal,Retail,M. Lopez,MAD
15188,6,6214.656,2110.876,2109,Youssef Garcia,7/25/2024,Keyboard,Electronic,Morocco,Casablanca,723.06,1218.56,560.55,0.15,17.42,Cash,Online,L. Martin,MAD
15189,4,3435.04,1686.09,2619,Emma Benali,11/6/2023,Phone,Electronic,France,Paris,0,858.76,431.46,0,23.11,PayPal,Direct,Unknown,USD
15190,6,8203.2,3296.36,2662,Youssef Lopez,2/10/2023,Mouse,Tech,UAE,Dubai,1043.3,1367.2,639.72,0,25.22,Crypto,Partner,S. Rossi,EUR
15191,7,7684.04,2997.07,1327,Youssef Kowalski,9/27/2024,Phone,Gadgets,France,Paris,419.71,1097.72,604.61,0,34.99,Bank Transfer,Direct,A. Johnson,USD
15192,7,1471.113,570.073,1142,Sofia Dubois,1/17/2023,Keyboard,Tech,France,Paris,103.42,233.51,113.84,0.1,0.74,Crypto,Online,Unknown,USD
15193,1,209.448,22.388,2097,Lucas Rossi,10/29/2024,Mouse,Electronic,Germany,Berlin,34.85,261.81,146.06,0.2,6.15,PayPal,Partner,M. Lopez,EUR
15194,2,892.772,89.562,1328,Ahmed Rahmani,7/24/2024,Headphone,Gadgets,Morocco,Casablanca,167.27,469.88,301.61,0.05,32.72,Cash,Online,K. Haddad,MAD
15195,4,3035.232,-33.448,1296,Leo Silva,4/13/2024,Smartphone,Electronic,USA,New York,349.02,948.51,669.35,0.2,42.26,Credit Card,Direct,A. Johnson,EUR
15196,6,4358.4,896.21,1627,Ali Ibrahim,4/19/2025,Phone,Gadgets,Morocco,Casablanca,826.68,726.4,431,0,49.51,Crypto,Retail,Unknown,EUR
15197,5,1070.8,156.94,1867,Youssef Silva,4/23/2023,Laptop,Electronic,UAE,Dubai,94.91,214.16,155,0,43.95,Cash,Direct,M. Lopez,USD
15198,6,464.112,-6.798,2277,Ali Lopez,5/11/2024,Laptop,Tech,Morocco,Casablanca,71.27,96.69,64.41,0.2,13.18,Cash,Online,Unknown,MAD
15199,1,679.896,181.906,1303,Sofia Haddad,5/4/2025,Smartphone,Gadgets,UAE,Dubai,34.76,715.68,415.48,0.05,47.75,Crypto,Online,A. Johnson,MAD
15200,7,5570.04,1325.9,2844,Luis Haddad,2/19/2023,Phone,Electronic,Germany,Berlin,918.63,837.6,468.25,0.05,47.76,Credit Card,Direct,L. Martin,EUR
15201,2,2478.6,264.89,2491,Luis Khan,10/17/2024,Mouse,Tech,USA,New York,190.09,1458,990.05,0.15,43.52,Credit Card,Direct,Unknown,USD
15202,1,269.33,25.34,2264,Ali Rahmani,6/20/2023,Keyboard,Tech,Morocco,Casablanca,29.33,269.33,168.56,0,46.1,Cash,Online,M. Lopez,USD
15203,2,1626.786,512.076,1738,Ali Benali,10/14/2024,Tablet,Electronic,Morocco,Casablanca,305.65,903.77,401.83,0.1,5.4,Credit Card,Direct,A. Johnson,EUR
15204,6,3454.026,1026.886,2466,Nora Rossi,5/28/2025,Smartphone,Gadgets,Morocco,Casablanca,594.95,677.26,301.85,0.15,21.09,Credit Card,Retail,Unknown,USD
15205,4,4584.624,1189.084,2113,Fatima Haddad,8/3/2023,Tablet,Gadgets,USA,New York,790.45,1206.48,649.42,0.05,7.41,Bank Transfer,Retail,S. Rossi,USD
15206,4,5627.72,1481.38,1221,Youssef Dubois,4/19/2024,Laptop,Electronic,Morocco,Casablanca,744.39,1406.93,847.95,0,10.15,Credit Card,Partner,Unknown,MAD
15207,4,1523.064,29.114,1267,Leo Silva,2/23/2025,Monitor,Electronic,Germany,Berlin,158.33,447.96,332.85,0.15,4.22,Crypto,Online,Unknown,MAD
15208,4,4471.712,1020.012,2328,Sara Smith,9/3/2023,Mouse,Electronic,Spain,Madrid,374.56,1397.41,761.64,0.2,30.58,Crypto,Direct,A. Johnson,USD
15209,5,3987.15,-340.97,2256,Noah Benali,4/24/2023,Mouse,Tech,USA,New York,678.49,839.4,721.48,0.05,42.23,PayPal,Online,L. Martin,MAD
15210,1,1093.936,87.996,2017,Leo Ibrahim,7/20/2023,Tablet,Tech,UAE,Dubai,191.56,1367.42,805.31,0.2,9.07,Credit Card,Retail,M. Lopez,EUR
15211,1,1126.328,-222.152,1729,Fatima Ibrahim,7/26/2023,Keyboard,Electronic,USA,New York,195.11,1407.91,1127.43,0.2,25.94,Credit Card,Direct,K. Haddad,USD
15212,6,4527.792,211.782,1741,John Rossi,11/8/2023,Mouse,Electronic,USA,New York,539.89,943.29,624.83,0.2,27.14,PayPal,Direct,Unknown,USD
15213,3,996.624,253.484,2433,John Silva,6/29/2024,Tablet,Gadgets,Spain,Madrid,131.62,369.12,197.16,0.1,20.04,Credit Card,Online,Unknown,USD
15214,7,7577.6085,948.4385,2417,Emma Kowalski,1/6/2025,Monitor,Tech,USA,New York,843.41,1139.49,821.09,0.05,38.13,PayPal,Online,L. Martin,USD
15215,6,4535.376,-592.394,1099,Youssef Ibrahim,1/9/2025,Keyboard,Electronic,USA,New York,899.43,944.87,704.71,0.2,0.08,PayPal,Online,Unknown,USD
15216,3,3257.58,894.99,1522,John Rossi,12/20/2024,Mouse,Electronic,France,Paris,387.37,1085.86,654.84,0,10.7,Crypto,Online,A. Johnson,EUR
15217,1,253.6785,-5.9915,1772,Leo Benali,10/31/2024,Tablet,Tech,Germany,Berlin,39.59,267.03,215.57,0.05,4.51,Credit Card,Online,Unknown,MAD
15218,7,1591.744,144.864,1605,John Garcia,6/24/2024,Mouse,Tech,USA,New York,269.04,284.24,165.68,0.2,18.08,Crypto,Partner,K. Haddad,USD
15219,7,8149.792,2086.222,1670,Ahmed Haddad,6/6/2024,Keyboard,Electronic,France,Paris,492.68,1455.32,795.77,0.2,0.5,Credit Card,Retail,L. Martin,EUR
15220,3,680.454,113.874,1926,Noah Silva,10/19/2023,Laptop,Tech,Germany,Berlin,0,252.02,175.54,0.1,39.96,Credit Card,Online,Unknown,EUR
15221,2,1714.672,252.072,2248,Youssef Khan,5/22/2024,Keyboard,Electronic,Morocco,Casablanca,165.14,1071.67,635.35,0.2,26.76,PayPal,Partner,L. Martin,USD
15222,2,386.154,78.014,1509,Sofia Rahmani,9/2/2023,Headphone,Electronic,France,Paris,0,214.53,149.5,0.1,9.14,Credit Card,Retail,A. Johnson,USD
15223,2,801.486,115.806,2407,Youssef Kowalski,9/23/2023,Mouse,Electronic,Spain,Madrid,155.97,445.27,260.72,0.1,8.27,Crypto,Retail,K. Haddad,MAD
15224,2,444.372,93.272,2767,Sofia Lopez,4/19/2023,Tablet,Tech,France,Paris,61.09,233.88,123.57,0.05,42.87,Bank Transfer,Online,Unknown,USD
15225,1,518.6615,-111.3385,1320,Sara Haddad,5/7/2023,Keyboard,Tech,USA,New York,42.72,610.19,543.22,0.15,44.06,PayPal,Online,L. Martin,USD
15226,6,5664.57,747.6,1909,Fatima Benali,10/15/2023,Monitor,Electronic,Morocco,Casablanca,1060.37,1110.7,637.33,0.15,32.62,PayPal,Partner,M. Lopez,USD
15227,3,302.28,67.37,2198,Sara Benali,6/3/2024,Phone,Electronic,USA,New York,47.65,100.76,60.56,0,5.58,Bank Transfer,Online,S. Rossi,EUR
15228,1,1008.801,-89.599,2034,Sara Dubois,2/2/2024,Mouse,Tech,UAE,Dubai,133.93,1120.89,961.92,0.1,2.55,Crypto,Retail,S. Rossi,EUR
15229,4,4771.264,-328.906,1859,Ahmed Garcia,10/29/2024,Headphone,Electronic,Spain,Madrid,656.45,1491.02,1104.53,0.2,25.6,Cash,Direct,M. Lopez,EUR
15230,4,927.248,322.708,1451,Ahmed Benali,11/17/2024,Headphone,Tech,Morocco,Casablanca,152.46,272.72,112.59,0.15,1.72,Crypto,Retail,A. Johnson,EUR
15231,2,1292.57,-14.17,1199,Emma Haddad,1/15/2025,Smartphone,Electronic,Germany,Berlin,104.23,680.3,590.71,0.05,21.09,PayPal,Online,M. Lopez,USD
15232,7,6088.607,325.517,2604,Sofia Lopez,7/18/2023,Mouse,Gadgets,USA,New York,312.11,915.58,772.36,0.05,44.46,Credit Card,Direct,Unknown,MAD
15233,3,2889.5325,-82.5075,1525,Noah Ibrahim,2/8/2023,Phone,Electronic,France,Paris,366.76,1133.15,863.03,0.15,16.19,Credit Card,Direct,Unknown,EUR
15234,4,365.652,150.472,1151,Noah Dubois,7/6/2023,Mouse,Electronic,USA,New York,29.38,101.57,42.54,0.1,15.64,Credit Card,Direct,L. Martin,USD
15235,1,-796.941,-1760.551,2827,Fatima Rahmani,1/29/2024,Mouse,Gadgets,Germany,Berlin,148.38,-885.49,794.14,0.1,21.09,Credit Card,Partner,K. Haddad,EUR
15236,6,604.128,131.458,1507,Fatima Silva,5/25/2023,Keyboard,Electronic,UAE,Dubai,109.64,125.86,56.99,0.2,21.09,Crypto,Partner,Unknown,EUR
15237,2,826.758,46.978,1010,Sofia Rossi,3/10/2023,Tablet,Electronic,USA,New York,157.21,459.31,305.79,0.1,10.99,Credit Card,Partner,M. Lopez,MAD
15238,4,470.022,90.302,1950,Emma Rahmani,12/9/2023,Laptop,Electronic,France,Paris,42.95,123.69,78.92,0.05,21.09,Cash,Online,A. Johnson,MAD
15239,2,1665.217,694.917,1888,Ahmed Haddad,9/24/2024,Keyboard,Tech,UAE,Dubai,159.42,876.43,389.07,0.05,32.74,Cash,Direct,Unknown,USD
15240,1,927.486,109.256,1441,Luis Garcia,9/20/2024,Monitor,Electronic,Morocco,Casablanca,180.41,1030.54,621.72,0.1,16.1,Bank Transfer,Online,S. Rossi,EUR
15241,4,446.184,-6.856,1810,Leo Benali,12/29/2024,Keyboard,Gadgets,Spain,Madrid,39.88,123.94,100.66,0.1,10.52,Bank Transfer,Partner,S. Rossi,USD
15242,4,138.384,38.954,2654,Fatima Benali,10/4/2024,Keyboard,Electronic,USA,New York,10.17,38.44,21.96,0.1,1.42,Bank Transfer,Retail,A. Johnson,USD
15243,2,1742.112,-30.158,2558,Lucas Rahmani,8/4/2023,Mouse,Electronic,USA,New York,247.57,1088.82,737.44,0.2,49.82,Cash,Online,A. Johnson,USD
15244,7,2674.1645,-110.1655,1987,Noah Smith,2/28/2023,Keyboard,Gadgets,Morocco,Casablanca,278.6,402.13,355.45,0.05,17.58,Bank Transfer,Direct,Unknown,EUR
15245,2,529.244,104.774,2818,Fatima Dubois,8/21/2024,Headphone,Tech,Germany,Berlin,99.7,311.32,152.73,0.15,19.31,Bank Transfer,Retail,Unknown,EUR
15246,7,8032.668,2796.338,2650,Sara Rossi,4/15/2024,Mouse,Electronic,France,Paris,1378.26,1207.92,544.14,0.05,49.09,Credit Card,Direct,L. Martin,USD
15247,7,4208.967,745.687,1246,Noah Ibrahim,3/16/2025,Tablet,Electronic,Spain,Madrid,224.98,668.09,457.47,0.1,36.01,Bank Transfer,Online,L. Martin,USD
15248,2,1013.764,119.984,1339,Mariam Haddad,11/11/2024,Smartphone,Gadgets,Germany,Berlin,198.42,533.56,324.32,0.05,46.72,Crypto,Direct,Unknown,MAD
15249,2,1994.56,796.1,1650,Youssef Smith,2/21/2023,Smartphone,Gadgets,USA,New York,165.04,997.28,509.17,0,15.08,PayPal,Online,S. Rossi,EUR
15250,2,2831.019,689.759,2509,Sara Kowalski,7/18/2023,Headphone,Gadgets,Morocco,Casablanca,256.14,1490.01,920.41,0.05,44.3,Cash,Retail,Unknown,USD
15251,6,4576.929,1337.039,2828,Nora Chen,2/27/2025,Laptop,Tech,Germany,Berlin,626.2,802.97,432.1,0.05,21.09,Bank Transfer,Retail,L. Martin,EUR
15252,3,2108.712,-339.198,2305,Lucas Lopez,10/18/2024,Keyboard,Electronic,USA,New York,378.99,878.63,680.19,0.2,28.35,Credit Card,Online,M. Lopez,EUR
15253,5,5631.84,767.98,2641,Mariam Ibrahim,5/4/2023,Phone,Tech,France,Paris,1120.31,1407.96,744.47,0.2,21.2,Credit Card,Direct,K. Haddad,MAD
15254,2,267.58,-54.71,1780,Sara Khan,5/2/2023,Headphone,Tech,USA,New York,45.32,157.4,118.59,0.15,39.79,PayPal,Retail,A. Johnson,MAD
15255,3,2909.1945,469.3445,2136,Ali Lopez,12/5/2023,Keyboard,Electronic,Morocco,Casablanca,531.39,1020.77,632.03,0.05,12.37,Cash,Partner,A. Johnson,MAD
15256,6,2985.375,794.125,1568,Maria Haddad,10/21/2023,Laptop,Tech,USA,New York,198.58,523.75,331.21,0.05,5.41,PayPal,Online,L. Martin,MAD
15257,3,150.195,-17.375,1031,Maria Rahmani,1/2/2024,Mouse,Tech,Germany,Berlin,27.34,52.7,37.64,0.05,27.31,Bank Transfer,Partner,L. Martin,USD
15258,4,5690.69,992.92,2238,Ahmed Smith,10/9/2023,Keyboard,Tech,Germany,Berlin,634.44,1497.55,1010.56,0.05,21.09,Bank Transfer,Partner,S. Rossi,MAD
15259,2,2944.46,1376.85,2470,Maria Dubois,12/29/2023,Headphone,Gadgets,Morocco,Casablanca,209.2,1472.23,677.34,0,3.73,Bank Transfer,Online,Unknown,USD
15260,7,4013.009,-120.961,2657,Ali Haddad,10/2/2024,Keyboard,Tech,Morocco,Casablanca,465.33,603.46,517.95,0.05,42.99,Cash,Online,K. Haddad,USD
15261,7,3436.23,873.7,2865,Noah Kowalski,8/15/2024,Phone,Tech,Morocco,Casablanca,351.67,490.89,315.28,0,3.9,Bank Transfer,Partner,L. Martin,USD
15262,1,33.27,-22.95,1195,Luis Chen,12/26/2023,Headphone,Tech,Germany,Berlin,5.51,33.27,29.2,0,21.51,Bank Transfer,Online,K. Haddad,MAD
15263,4,4478.752,1447.852,2172,Maria Khan,5/23/2024,Tablet,Electronic,UAE,Dubai,469.98,1399.61,630.31,0.2,39.68,PayPal,Partner,S. Rossi,EUR
15264,4,3799.98,838.77,1895,Luis Benali,3/20/2023,Mouse,Tech,Germany,Berlin,238.34,1055.55,671.51,0.1,36.83,Bank Transfer,Direct,A. Johnson,USD
15265,7,4703.0585,1635.3285,1527,Noah Chen,12/24/2024,Smartphone,Gadgets,Germany,Berlin,300.26,790.43,391,0.15,30.47,Bank Transfer,Partner,Unknown,EUR
15266,6,7399.56,1113.53,1332,Sara Benali,7/15/2024,Mouse,Electronic,UAE,Dubai,517.59,1233.26,955.64,0,34.6,Crypto,Partner,Unknown,MAD
15267,4,3537.44,-897.73,1681,Lucas Benali,4/2/2025,Mouse,Tech,Morocco,Casablanca,481.65,1105.45,981.29,0.2,28.36,Crypto,Online,M. Lopez,EUR
15268,5,-1992.9,-2946.74,2538,Ahmed Smith,4/28/2023,Laptop,Electronic,Germany,Berlin,0,-398.58,185.59,0,25.89,PayPal,Online,Unknown,MAD
15269,3,1180.467,-80.563,2444,Ahmed Haddad,8/5/2023,Headphone,Tech,Morocco,Casablanca,102.19,437.21,379.25,0.1,21.09,Bank Transfer,Direct,S. Rossi,USD
15270,6,3319.542,125.582,2896,Nora Smith,7/22/2024,Laptop,Tech,Morocco,Casablanca,531.89,614.73,439.28,0.1,26.39,PayPal,Online,K. Haddad,USD
15271,3,2299.752,294.682,1026,Mariam Silva,4/28/2023,Laptop,Tech,UAE,Dubai,199.76,851.76,596.87,0.1,14.7,Credit Card,Direct,A. Johnson,USD
15272,1,947.138,176.488,2852,Nora Lopez,4/29/2025,Keyboard,Electronic,UAE,Dubai,119.38,1114.28,601.56,0.15,49.71,Cash,Direct,M. Lopez,MAD
15273,1,1027.808,241.378,2401,Youssef Smith,11/15/2024,Mouse,Electronic,Morocco,Casablanca,149.74,1284.76,608.23,0.2,28.46,Crypto,Online,K. Haddad,USD
15274,7,6292.881,17.591,2843,Sofia Rossi,7/31/2023,Smartphone,Electronic,France,Paris,1150.15,998.87,726.1,0.1,42.44,Cash,Partner,K. Haddad,EUR
15275,5,5545.72,-1409.52,2383,Leo Smith,10/25/2024,Phone,Electronic,France,Paris,877.24,1386.43,1208.79,0.2,34.05,Cash,Online,L. Martin,USD
15276,5,2513.13,777.32,1503,John Khan,4/7/2025,Phone,Gadgets,Spain,Madrid,230.16,529.08,293.75,0.05,36.9,Credit Card,Direct,M. Lopez,USD
15277,6,7100.16,923.84,1376,Luis Chen,8/28/2023,Mouse,Electronic,Spain,Madrid,937.54,1183.36,872.2,0,5.58,Crypto,Direct,Unknown,USD
15278,1,143.624,-6.736,1597,Ali Silva,7/20/2023,Keyboard,Gadgets,UAE,Dubai,0,179.53,120.43,0.2,29.93,Credit Card,Online,S. Rossi,MAD
15279,4,5447.3,-513.78,2505,Luis Haddad,12/13/2024,Mouse,Electronic,USA,New York,1071.73,1433.5,1212.25,0.05,40.35,Credit Card,Direct,Unknown,USD
15280,3,1492.317,-37.453,2051,Sara Dubois,1/28/2024,Smartphone,Gadgets,Spain,Madrid,213.32,552.71,434.95,0.1,11.6,Crypto,Direct,M. Lopez,USD
15281,6,3277.248,633.898,2826,Luis Silva,1/20/2025,Smartphone,Tech,UAE,Dubai,387.14,682.76,372.52,0.2,21.09,Crypto,Online,A. Johnson,EUR
15282,7,4303.5755,355.8255,2546,Fatima Smith,11/8/2024,Laptop,Gadgets,Morocco,Casablanca,544.28,723.29,481.98,0.15,29.61,Cash,Retail,K. Haddad,EUR
15283,5,1819.2975,761.4475,1991,Ali Lopez,10/7/2024,Headphone,Electronic,France,Paris,196.71,428.07,171.82,0.15,2.04,PayPal,Partner,L. Martin,EUR
15284,4,1224.238,-49.252,1073,Leo Ibrahim,5/15/2023,Headphone,Gadgets,USA,New York,110.38,360.07,286.09,0.15,18.75,Credit Card,Direct,Unknown,MAD
15285,5,2355.3,-43.66,2223,Ahmed Lopez,5/4/2024,Monitor,Tech,Germany,Berlin,437.4,523.4,384.18,0.1,40.66,Crypto,Direct,L. Martin,EUR
15286,7,8108.744,3203.984,1009,Sara Lopez,4/17/2024,Mouse,Electronic,USA,New York,1071.85,1219.36,542.99,0.05,31.98,Credit Card,Partner,S. Rossi,MAD
15287,4,3661.832,268.412,1030,Ahmed Smith,11/18/2024,Keyboard,Electronic,Spain,Madrid,266.38,963.64,772.99,0.05,35.08,Credit Card,Direct,M. Lopez,USD
15288,4,4348.872,2144.772,2503,Lucas Ibrahim,1/1/2025,Keyboard,Electronic,France,Paris,0,1144.44,539.22,0.05,47.22,Crypto,Online,K. Haddad,EUR
15289,7,4522.6545,797.5745,2412,Ali Garcia,6/6/2023,Keyboard,Electronic,Spain,Madrid,745.95,760.11,424.15,0.15,10.08,PayPal,Partner,Unknown,USD
15290,2,948.233,36.603,2019,Lucas Chen,11/18/2024,Headphone,Tech,Morocco,Casablanca,180.08,499.07,362.81,0.05,5.93,Credit Card,Retail,A. Johnson,USD
15291,3,428.8335,22.2435,1146,Lucas Smith,12/1/2023,Tablet,Electronic,Spain,Madrid,57.13,168.17,108.79,0.15,23.09,PayPal,Partner,A. Johnson,USD
15292,2,299.795,-24.315,2948,Fatima Dubois,4/29/2025,Mouse,Electronic,Morocco,Casablanca,48.86,176.35,122.27,0.15,30.71,Credit Card,Online,M. Lopez,USD
15293,3,3421.71,1650.46,2028,Maria Rossi,8/24/2023,Tablet,Electronic,Morocco,Casablanca,0,1267.3,573.92,0.1,49.49,Crypto,Online,Unknown,USD
15294,1,240.496,58.976,2380,Sofia Haddad,2/2/2023,Keyboard,Gadgets,Spain,Madrid,17.25,300.62,125.74,0.2,38.53,Credit Card,Partner,L. Martin,USD
15295,3,471.84,20.81,2208,Noah Rossi,1/24/2024,Monitor,Electronic,UAE,Dubai,57.34,157.28,124.2,0,21.09,Credit Card,Online,Unknown,USD
15296,7,1036.07,149.82,2966,Leo Rahmani,6/13/2023,Monitor,Electronic,USA,New York,176.14,148.01,97.52,0,27.47,Credit Card,Online,K. Haddad,EUR
15297,7,8744.5505,809.2805,2623,Sofia Dubois,3/19/2024,Monitor,Gadgets,USA,New York,834.01,1314.97,1010.26,0.05,29.44,Bank Transfer,Online,S. Rossi,EUR
15298,7,1974.609,91.249,1857,Lucas Kowalski,2/17/2023,Tablet,Gadgets,USA,New York,278.45,313.43,226.14,0.1,21.93,PayPal,Online,S. Rossi,USD
15299,5,5584.2,2222.35,1867,Sofia Haddad,3/9/2024,Smartphone,Electronic,Spain,Madrid,924.15,1116.84,482.16,0,26.9,Bank Transfer,Partner,Unknown,USD
15300,7,546.903,206.743,2269,Sara Chen,6/7/2023,Keyboard,Electronic,Morocco,Casablanca,50.69,86.81,38.34,0.1,21.09,Crypto,Direct,S. Rossi,USD
15301,5,3578.7125,156.2325,2377,Leo Benali,12/8/2024,Smartphone,Tech,Spain,Madrid,452.38,842.05,590.94,0.15,15.4,PayPal,Partner,L. Martin,MAD
15302,2,309.258,-54.072,1652,Nora Garcia,1/9/2025,Headphone,Electronic,UAE,Dubai,31.65,171.81,154.61,0.1,22.46,Bank Transfer,Retail,K. Haddad,USD
15303,6,6309.672,1358.662,1593,Fatima Garcia,8/19/2024,Smartphone,Electronic,France,Paris,1084.42,1106.96,636.98,0.05,44.71,PayPal,Partner,K. Haddad,USD
15304,7,9964.892,3013.882,2071,Sofia Ibrahim,9/3/2024,Tablet,Electronic,USA,New York,1017.51,1498.48,844.63,0.05,21.09,Credit Card,Online,Unknown,USD
15305,2,1326.816,481.046,1535,Leo Smith,5/8/2024,Laptop,Tech,Morocco,Casablanca,150.57,780.48,346.52,0.15,2.16,Credit Card,Partner,M. Lopez,MAD
15306,1,961.37,370.05,1575,Maria Ibrahim,8/31/2023,Mouse,Electronic,USA,New York,142.42,961.37,418.56,0,30.34,Cash,Online,Unknown,MAD
15307,7,167.832,39.742,1668,Lucas Kowalski,2/9/2025,Laptop,Tech,Morocco,Casablanca,9.82,29.97,12.09,0.2,33.64,Credit Card,Partner,A. Johnson,EUR
15308,4,5644.71,803.31,1540,Nora Rossi,5/6/2024,Laptop,Electronic,UAE,Dubai,345.23,1485.45,1114.88,0.05,36.65,Credit Card,Partner,Unknown,USD
15309,2,2399.552,838.572,1188,Leo Kowalski,3/25/2024,Monitor,Gadgets,Morocco,Casablanca,151.83,1499.72,695.11,0.2,18.93,PayPal,Online,Unknown,USD
15310,5,1913.5375,834.4975,1259,Nora Dubois,5/11/2024,Mouse,Electronic,Spain,Madrid,245.54,402.85,161.82,0.05,24.4,Credit Card,Direct,A. Johnson,USD
15311,4,3336.856,710.436,2682,Noah Benali,1/20/2024,Mouse,Electronic,USA,New York,257.87,878.12,589.65,0.05,9.95,Cash,Partner,L. Martin,MAD
15312,5,1930.01,185.78,1065,Nora Dubois,4/29/2023,Keyboard,Gadgets,Spain,Madrid,219.09,454.12,300.87,0.15,20.79,Cash,Direct,L. Martin,EUR
15313,3,3299.43,509.16,1107,Noah Ibrahim,6/9/2025,Phone,Tech,France,Paris,575.19,1099.81,737.22,0,3.42,PayPal,Partner,S. Rossi,MAD
15314,1,615.366,-97.694,1641,Lucas Khan,4/13/2023,Monitor,Electronic,Morocco,Casablanca,71.68,683.74,613.62,0.1,27.76,PayPal,Online,S. Rossi,MAD
15315,6,1457.904,-63.726,1869,Ali Chen,6/24/2024,Phone,Gadgets,UAE,Dubai,214.56,303.73,217.25,0.2,3.57,PayPal,Direct,Unknown,MAD
15316,1,719.5505,18.6305,1510,Leo Dubois,4/19/2023,Laptop,Tech,Morocco,Casablanca,117.19,846.53,550.56,0.15,33.17,Cash,Direct,Unknown,MAD
15317,1,160.49,3.89,1753,Luis Lopez,5/24/2024,Mouse,Gadgets,USA,New York,14.29,160.49,110.48,0,31.83,Crypto,Online,M. Lopez,EUR
15318,2,449,104.81,2935,Leo Haddad,2/27/2023,Smartphone,Electronic,Morocco,Casablanca,29.61,224.5,133.1,0,48.38,Crypto,Online,M. Lopez,MAD
15319,3,1966.167,305.127,1798,Mariam Rossi,9/28/2023,Keyboard,Tech,USA,New York,158.79,728.21,489.04,0.1,35.13,Crypto,Online,L. Martin,USD
15320,4,1924.358,648.908,2068,Ali Rossi,11/14/2024,Headphone,Tech,Germany,Berlin,192.48,506.41,267,0.05,14.97,Cash,Direct,L. Martin,USD
15321,2,2385.72,897.12,2603,Youssef Silva,4/18/2023,Keyboard,Tech,Morocco,Casablanca,127.58,1192.86,665,0,31.02,Crypto,Online,L. Martin,USD
15322,2,962.829,378.849,2429,Sofia Khan,1/3/2025,Phone,Tech,UAE,Dubai,0,566.37,286.19,0.15,11.6,Bank Transfer,Partner,M. Lopez,USD
15323,5,5677.065,1813.945,1359,Lucas Khan,6/7/2024,Smartphone,Tech,UAE,Dubai,1014.32,1335.78,563.38,0.15,31.9,Credit Card,Partner,L. Martin,USD
15324,5,6073.7175,-1033.7525,2237,Sara Silva,11/26/2023,Headphone,Tech,Spain,Madrid,891.67,1429.11,1239.83,0.15,16.65,Credit Card,Retail,L. Martin,USD
15325,7,1261.89,272.8,2576,Leo Rossi,5/31/2023,Monitor,Tech,France,Paris,166.88,200.3,115.68,0.1,12.45,Bank Transfer,Retail,K. Haddad,EUR
15326,3,1578.609,473.999,1061,Sara Chen,4/26/2024,Tablet,Electronic,USA,New York,94.87,584.67,324.99,0.1,34.77,PayPal,Direct,Unknown,USD
15327,3,2495.9145,-104.1155,1915,John Garcia,11/8/2023,Tablet,Tech,USA,New York,328.83,978.79,745.77,0.15,33.89,Credit Card,Online,S. Rossi,EUR
15328,3,2446.872,-574.138,1220,Lucas Haddad,3/23/2025,Headphone,Tech,Morocco,Casablanca,347.7,1019.53,890.41,0.2,2.08,Credit Card,Online,Unknown,USD
15329,3,3156.09,-34.56,1493,Emma Haddad,1/28/2025,Mouse,Tech,UAE,Dubai,536.66,1052.03,880.13,0,13.6,PayPal,Partner,L. Martin,EUR
15330,1,104.8475,-47.5925,1009,John Haddad,5/7/2023,Mouse,Electronic,Spain,Madrid,16.53,123.35,89.75,0.15,46.16,Cash,Partner,S. Rossi,MAD
15331,7,2507.848,-657.752,1617,Lucas Haddad,1/3/2023,Keyboard,Electronic,UAE,Dubai,401.04,447.83,390.9,0.2,28.26,Credit Card,Partner,L. Martin,EUR
15332,6,2643.648,288.018,1759,Emma Ibrahim,5/16/2023,Mouse,Tech,Spain,Madrid,496.1,550.76,302.28,0.2,45.85,PayPal,Partner,L. Martin,EUR
15333,5,1406.38,531.11,2721,Lucas Haddad,4/27/2023,Tablet,Gadgets,Spain,Madrid,136,296.08,143.61,0.05,21.22,Bank Transfer,Direct,S. Rossi,USD
15334,7,8409.177,2498.567,2810,Ahmed Kowalski,4/6/2025,Tablet,Gadgets,Spain,Madrid,844.28,1334.79,721,0.1,19.33,Credit Card,Partner,A. Johnson,USD
15335,3,-3553.752,-6479.072,2815,Youssef Rossi,5/9/2023,Smartphone,Tech,UAE,Dubai,283.67,-1480.73,871.48,0.2,27.21,Credit Card,Retail,S. Rossi,USD
15336,7,2153.088,584.398,2905,Youssef Silva,1/8/2023,Smartphone,Tech,Morocco,Casablanca,372.05,341.76,167.81,0.1,21.97,Credit Card,Online,Unknown,USD
15337,5,1178.865,-53.295,2039,Noah Dubois,10/5/2023,Monitor,Tech,Morocco,Casablanca,164.73,277.38,211.9,0.15,7.93,Bank Transfer,Partner,M. Lopez,EUR
15338,5,5117.08,-1182.51,1097,Emma Silva,10/3/2023,Keyboard,Electronic,Morocco,Casablanca,698.96,1279.27,1117.92,0.2,11.03,Credit Card,Retail,S. Rossi,USD
15339,3,3453.336,766.986,2795,Emma Lopez,2/1/2023,Tablet,Electronic,Morocco,Casablanca,360.53,1438.89,763.9,0.2,34.12,Bank Transfer,Direct,S. Rossi,EUR
15340,7,1269.59,135.65,2811,Mariam Dubois,2/11/2023,Monitor,Tech,UAE,Dubai,215.56,181.37,128.5,0,18.88,Crypto,Partner,M. Lopez,USD
15341,4,2599.02,789.59,1408,Maria Khan,3/28/2025,Keyboard,Electronic,Germany,Berlin,432.42,721.95,340.24,0.1,16.05,Credit Card,Direct,Unknown,USD
15342,6,6023.559,294.509,2873,Nora Ibrahim,9/25/2024,Headphone,Tech,Spain,Madrid,987.61,1181.09,787.43,0.15,16.86,Credit Card,Retail,Unknown,USD
15343,1,1046.52,-83.49,1042,Youssef Rossi,9/22/2023,Keyboard,Electronic,Spain,Madrid,164.87,1046.52,938.26,0,26.88,PayPal,Direct,Unknown,EUR
15344,7,7642.936,2130.596,1600,Ali Rossi,9/3/2023,Headphone,Electronic,USA,New York,1512.85,1364.81,570.12,0.2,8.65,Cash,Online,M. Lopez,USD
15345,4,4209.344,-251.826,1493,Emma Chen,3/11/2024,Phone,Tech,France,Paris,321.61,1315.42,1031.86,0.2,12.12,Credit Card,Partner,Unknown,USD
15346,3,630.8445,119.7445,2876,Sara Dubois,2/1/2025,Smartphone,Tech,Spain,Madrid,107.95,247.39,121.5,0.15,38.65,Cash,Partner,M. Lopez,EUR
15347,3,1465.176,307.136,2906,Mariam Rahmani,7/18/2024,Laptop,Gadgets,UAE,Dubai,132.78,610.49,330.63,0.2,33.37,Credit Card,Online,M. Lopez,USD
15348,2,1459.28,174.86,2359,Ahmed Garcia,3/8/2024,Monitor,Tech,Spain,Madrid,227.06,858.4,507.82,0.15,41.72,Crypto,Partner,Unknown,MAD
15349,3,637.296,-183.804,2375,Luis Garcia,3/23/2025,Smartphone,Tech,France,Paris,74.4,265.54,237.05,0.2,35.55,PayPal,Partner,Unknown,EUR
15350,4,5170.464,1518.504,2610,Nora Benali,10/11/2024,Tablet,Electronic,Spain,Madrid,1028.55,1436.24,651.22,0.1,18.53,Credit Card,Online,A. Johnson,EUR
15351,6,1446.12,-29.45,2696,Ahmed Kowalski,7/3/2024,Tablet,Gadgets,Morocco,Casablanca,272.02,241.02,192.44,0,48.91,Crypto,Partner,Unknown,USD
15352,3,537.63,107.51,2363,Noah Haddad,9/25/2023,Smartphone,Tech,USA,New York,67.72,179.21,108.74,0,36.18,Credit Card,Retail,A. Johnson,USD
15353,4,5401.016,904.156,1083,Noah Dubois,9/4/2024,Monitor,Gadgets,Germany,Berlin,793.94,1421.32,923.52,0.05,8.84,Crypto,Online,Unknown,MAD
15354,2,1836.864,328.614,2013,Mariam Kowalski,1/22/2023,Headphone,Tech,Spain,Madrid,240.74,1020.48,623.44,0.1,20.63,Bank Transfer,Online,A. Johnson,EUR
15355,2,1484.874,266.144,2949,Ahmed Lopez,5/10/2024,Keyboard,Tech,USA,New York,242.89,824.93,483.81,0.1,8.22,Crypto,Online,S. Rossi,EUR
15356,7,1153.0435,55.8335,1438,Leo Silva,1/14/2024,Mouse,Gadgets,UAE,Dubai,226.01,173.39,118.34,0.05,42.82,Credit Card,Retail,Unknown,EUR
15357,7,939.778,227.848,2596,Nora Lopez,3/18/2024,Keyboard,Electronic,Morocco,Casablanca,47.41,141.32,91.21,0.05,26.05,Credit Card,Online,S. Rossi,USD
15358,2,2553.2,1046.64,2677,Fatima Dubois,1/22/2023,Headphone,Gadgets,Germany,Berlin,367.01,1276.6,560.46,0,18.63,Credit Card,Online,Unknown,USD
15359,7,6895,344.22,1285,Lucas Ibrahim,4/26/2023,Monitor,Tech,Germany,Berlin,704.12,1231.25,830.22,0.2,35.12,Bank Transfer,Online,A. Johnson,MAD
15360,2,1323.09,-74.87,2001,Noah Chen,3/22/2024,Laptop,Electronic,Spain,Madrid,107.04,735.05,641.74,0.1,7.44,Crypto,Online,A. Johnson,USD
15361,6,8362.584,1408.854,2677,Lucas Smith,4/23/2025,Phone,Electronic,UAE,Dubai,0,1467.12,1150.83,0.05,48.75,Credit Card,Retail,Unknown,EUR
15362,7,2720.34,286.86,2258,Ahmed Ibrahim,12/28/2023,Laptop,Electronic,Spain,Madrid,393.52,457.2,290.73,0.15,4.85,Credit Card,Direct,L. Martin,EUR
15363,2,-2153.538,-3374.688,1153,Mariam Rossi,7/22/2023,Monitor,Tech,Morocco,Casablanca,251.98,-1196.41,482.08,0.1,5.01,Credit Card,Online,L. Martin,USD
15364,3,3835.017,1289.057,1761,Nora Silva,9/5/2023,Smartphone,Tech,Morocco,Casablanca,417.23,1345.62,700.16,0.05,28.25,Bank Transfer,Partner,K. Haddad,EUR
15365,4,4703.678,-121.612,2995,Fatima Khan,4/20/2023,Tablet,Electronic,Spain,Madrid,447.35,1237.81,1091.71,0.05,11.1,Cash,Online,S. Rossi,MAD
15366,7,1539.979,518.329,1803,John Garcia,2/4/2023,Keyboard,Electronic,Morocco,Casablanca,0,258.82,145.71,0.15,1.68,Bank Transfer,Partner,S. Rossi,MAD
15367,2,1288.16,-45.22,1105,Emma Dubois,10/2/2023,Tablet,Electronic,Morocco,Casablanca,213.88,644.08,554.85,0,9.8,Credit Card,Retail,A. Johnson,EUR
15368,1,300.561,110.981,2747,Emma Dubois,7/15/2023,Laptop,Electronic,Morocco,Casablanca,0,316.38,166.52,0.05,23.06,Credit Card,Partner,S. Rossi,USD
15369,2,1340.48,401.79,1131,Leo Rossi,9/6/2023,Keyboard,Electronic,Spain,Madrid,255.52,670.24,322.6,0,37.97,Cash,Direct,M. Lopez,MAD
15370,3,965.871,380.751,2974,Maria Rahmani,5/29/2025,Phone,Tech,USA,New York,98.58,357.73,156.69,0.1,16.47,Cash,Direct,M. Lopez,EUR
15371,5,5578.28,38.65,2727,Sofia Silva,10/19/2023,Keyboard,Electronic,Morocco,Casablanca,1073.31,1394.57,886.33,0.2,34.67,PayPal,Retail,L. Martin,MAD
15372,3,3736.3785,1732.6385,2859,Fatima Ibrahim,9/15/2024,Smartphone,Electronic,Spain,Madrid,232.78,1311.01,585,0.05,15.96,Credit Card,Online,S. Rossi,EUR
15373,7,7654.64,1490.95,1870,Mariam Garcia,4/6/2025,Mouse,Gadgets,USA,New York,906.81,1366.9,747.97,0.2,21.09,Crypto,Partner,M. Lopez,EUR
15374,6,7625.64,1793.64,2089,Ahmed Benali,4/27/2024,Keyboard,Electronic,Spain,Madrid,1296.05,1270.94,753.28,0,16.27,Credit Card,Online,M. Lopez,USD
15375,1,340.376,124.546,1096,Ahmed Ibrahim,7/9/2023,Tablet,Tech,France,Paris,28.8,425.47,175.93,0.2,11.1,Cash,Retail,M. Lopez,USD
15376,3,2826.318,87.518,1699,Ali Benali,4/2/2024,Laptop,Tech,USA,New York,172.66,1108.36,846.06,0.15,27.96,Credit Card,Retail,A. Johnson,USD
15377,3,1911.048,-160.832,1009,Lucas Rahmani,2/15/2023,Smartphone,Electronic,UAE,Dubai,136.99,796.27,642.6,0.2,7.09,PayPal,Online,S. Rossi,MAD
15378,4,2537.602,53.412,2408,Mariam Dubois,8/15/2024,Tablet,Electronic,USA,New York,498.06,667.79,496,0.05,2.13,Bank Transfer,Retail,L. Martin,USD
15379,6,6682.608,3054.338,2745,Sara Smith,1/29/2025,Keyboard,Electronic,Morocco,Casablanca,627.24,1237.52,496,0.1,25.03,Cash,Online,S. Rossi,USD
15380,4,208.43,-12.54,1158,Mariam Silva,9/16/2024,Laptop,Electronic,UAE,Dubai,41.64,54.85,39.56,0.05,21.09,Cash,Online,S. Rossi,EUR
15381,3,573.264,28.374,1734,Ali Rossi,12/20/2024,Headphone,Tech,USA,New York,107.27,212.32,132.15,0.1,41.17,Bank Transfer,Online,L. Martin,USD
15382,6,4083.966,-19.414,1323,Ali Haddad,9/9/2024,Mouse,Tech,Spain,Madrid,413.51,756.29,611.87,0.1,18.65,Bank Transfer,Online,L. Martin,MAD
15383,5,2363.715,952.535,2136,Luis Silva,10/11/2023,Smartphone,Electronic,Morocco,Casablanca,124.77,525.27,252.8,0.1,22.41,Cash,Online,A. Johnson,USD
15384,5,3214.395,1066.775,1502,Luis Rahmani,12/22/2023,Headphone,Electronic,USA,New York,477.07,714.31,325.99,0.1,40.6,Credit Card,Online,S. Rossi,EUR
15385,2,1091.824,-263.856,2606,Fatima Chen,1/17/2023,Laptop,Gadgets,Spain,Madrid,112.57,682.39,609.43,0.2,24.25,Cash,Retail,Unknown,USD
15386,6,6480.42,1739.93,2181,Fatima Haddad,5/24/2025,Tablet,Tech,Morocco,Casablanca,0,1080.07,783.79,0,37.75,Credit Card,Partner,A. Johnson,USD
15387,2,2406.065,1239.715,2216,Nora Ibrahim,4/12/2024,Tablet,Tech,USA,New York,131.93,1266.35,496,0.05,42.42,Credit Card,Online,Unknown,USD
15388,3,3725.58,1206.35,1058,Maria Rahmani,7/1/2023,Keyboard,Tech,Germany,Berlin,390.66,1241.86,696.02,0,40.51,Bank Transfer,Retail,M. Lopez,EUR
15389,3,2938.23,658.05,1757,Mariam Smith,2/12/2024,Laptop,Gadgets,USA,New York,374.91,979.41,634.48,0,1.83,Bank Transfer,Online,S. Rossi,USD
15390,5,5894.94,1524.58,2204,Nora Haddad,8/4/2024,Laptop,Electronic,Germany,Berlin,729.82,1241.04,723.87,0.05,21.19,Crypto,Partner,M. Lopez,USD
15391,2,1948.5,726.18,2481,Lucas Lopez,1/11/2023,Laptop,Tech,UAE,Dubai,140.7,1082.5,526.01,0.1,29.6,Credit Card,Retail,Unknown,USD
15392,4,544.192,76.722,1434,Sara Khan,2/24/2024,Laptop,Tech,France,Paris,75.07,170.06,94.66,0.2,13.76,Cash,Retail,M. Lopez,EUR
15393,7,2305.9225,225.7725,1427,Leo Ibrahim,9/25/2023,Mouse,Electronic,Morocco,Casablanca,406.64,387.55,232.05,0.15,49.16,PayPal,Retail,Unknown,MAD
15394,4,3619.404,-483.806,2637,Sofia Kowalski,5/9/2025,Keyboard,Electronic,Spain,Madrid,663.32,1005.39,854.7,0.1,21.09,Cash,Online,L. Martin,MAD
15395,1,217.528,-39.132,1326,Noah Rossi,11/20/2024,Phone,Tech,USA,New York,16.43,271.91,226.56,0.2,13.67,Credit Card,Partner,Unknown,EUR
15396,7,5372.85,491.99,1929,Fatima Dubois,6/13/2024,Laptop,Tech,France,Paris,730.42,767.55,592.47,0,3.15,PayPal,Retail,S. Rossi,USD
15397,1,347.5005,67.5505,2070,Lucas Ibrahim,11/8/2023,Keyboard,Electronic,Germany,Berlin,32.06,365.79,234.84,0.05,13.05,Crypto,Online,S. Rossi,USD
15398,5,5678.255,992.325,2771,Youssef Benali,6/8/2025,Mouse,Electronic,Morocco,Casablanca,540.11,1336.06,828.48,0.15,3.42,Crypto,Retail,L. Martin,EUR
15399,6,8586.42,1277.19,1137,Sofia Kowalski,4/10/2024,Keyboard,Gadgets,USA,New York,1081.06,1431.07,1034.59,0,20.63,Credit Card,Retail,A. Johnson,USD
15400,1,414.11,66.37,1797,John Smith,1/9/2023,Laptop,Electronic,Morocco,Casablanca,34.81,414.11,294.38,0,18.55,Crypto,Direct,A. Johnson,MAD
15401,6,2421.54,1138.66,2914,Sofia Smith,10/19/2024,Mouse,Tech,USA,New York,235.05,403.59,172.95,0,10.13,Bank Transfer,Online,K. Haddad,USD
15402,7,5890.752,-1229.608,1741,Sara Ibrahim,5/18/2025,Tablet,Tech,UAE,Dubai,487.14,1051.92,944.59,0.2,21.09,PayPal,Partner,Unknown,USD
15403,2,1645.107,520.687,1940,Lucas Dubois,11/8/2023,Keyboard,Electronic,Spain,Madrid,0,967.71,559.59,0.15,5.24,Cash,Direct,M. Lopez,USD
15404,4,248.368,117.928,2542,Youssef Dubois,2/10/2025,Tablet,Tech,Spain,Madrid,0,65.36,32.17,0.05,1.76,PayPal,Partner,K. Haddad,MAD
15405,4,199.36,54.58,1029,Leo Rossi,6/17/2025,Mouse,Electronic,USA,New York,23.91,62.3,26.17,0.2,16.19,Bank Transfer,Online,Unknown,USD
15406,6,3344.22,149.75,1981,Noah Benali,7/26/2023,Headphone,Tech,Germany,Berlin,246.34,619.3,486.59,0.1,28.59,Credit Card,Online,S. Rossi,EUR
15407,3,3039.78,1410.43,2776,Maria Smith,5/27/2023,Tablet,Electronic,UAE,Dubai,343.7,1013.26,419.26,0,27.87,Credit Card,Partner,Unknown,EUR
15408,4,2295.618,-78.772,2662,Ali Haddad,10/23/2024,Phone,Gadgets,Morocco,Casablanca,379.49,604.11,496,0.05,10.9,Crypto,Online,Unknown,MAD
15409,4,3853.73,-405.91,1884,Ahmed Dubois,9/22/2023,Headphone,Gadgets,France,Paris,769.13,1133.45,871.17,0.15,5.83,Cash,Online,L. Martin,EUR
15410,4,2768.436,241.356,1497,Nora Chen,5/3/2025,Phone,Tech,Spain,Madrid,494.75,769.01,497.3,0.1,43.13,Crypto,Online,K. Haddad,USD
15411,3,2688.312,930.382,2547,Leo Smith,7/22/2023,Headphone,Tech,Spain,Madrid,358.91,1120.13,464.91,0.2,4.29,Crypto,Direct,M. Lopez,USD
15412,4,4532.744,652.464,1784,John Ibrahim,1/18/2023,Mouse,Electronic,Spain,Madrid,655.17,1333.16,805.34,0.15,3.75,Crypto,Partner,K. Haddad,USD
15413,5,808.35,360.44,1378,Ali Rahmani,4/2/2024,Headphone,Tech,Morocco,Casablanca,49.44,190.2,78.65,0.15,5.22,Credit Card,Retail,L. Martin,USD
15414,4,474.98,158.62,1529,Fatima Chen,4/29/2024,Mouse,Electronic,Morocco,Casablanca,42.35,139.7,63.23,0.15,21.09,Credit Card,Retail,M. Lopez,USD
15415,2,2002.446,-234.964,2322,John Khan,6/14/2025,Mouse,Tech,UAE,Dubai,337.99,1112.47,942.49,0.1,14.44,Crypto,Direct,L. Martin,USD
15416,5,6645.155,959.645,2367,John Khan,4/12/2025,Keyboard,Gadgets,UAE,Dubai,854.73,1398.98,963.97,0.05,10.93,Credit Card,Retail,A. Johnson,EUR
15417,4,832.576,-235.494,2439,Emma Chen,9/1/2024,Phone,Gadgets,Spain,Madrid,125.8,260.18,232.79,0.2,11.11,Cash,Online,L. Martin,USD
15418,4,3868.4,824.5,1734,Nora Khan,3/30/2025,Headphone,Electronic,USA,New York,391.53,1018,661.15,0.05,7.77,Crypto,Online,K. Haddad,USD
15419,6,7152.03,-484.83,2209,Leo Rossi,10/3/2023,Laptop,Tech,Morocco,Casablanca,470.85,1324.45,1186.3,0.1,48.21,Credit Card,Partner,Unknown,EUR
15420,2,261.808,54.518,1851,Mariam Khan,3/3/2024,Tablet,Gadgets,France,Paris,38.84,163.63,76.81,0.2,14.83,Cash,Online,K. Haddad,MAD
15421,1,551.488,150.288,1192,Maria Benali,4/13/2023,Smartphone,Electronic,USA,New York,92.52,689.36,292.04,0.2,16.64,Bank Transfer,Online,Unknown,MAD
15422,4,2905.138,1197.328,2819,Emma Rossi,10/27/2023,Tablet,Electronic,Spain,Madrid,368.29,764.51,326.37,0.05,34.04,Cash,Retail,Unknown,EUR
15423,6,3548.376,-416.764,1302,Ahmed Dubois,4/25/2025,Headphone,Tech,UAE,Dubai,527.44,695.76,571.53,0.15,8.52,Credit Card,Partner,S. Rossi,USD
15424,2,1080.32,166.02,1610,Lucas Benali,2/7/2025,Laptop,Gadgets,Germany,Berlin,118.71,540.16,387.25,0,21.09,Bank Transfer,Online,L. Martin,USD
15425,7,9148.3385,3415.8585,1923,Lucas Lopez,3/12/2025,Mouse,Electronic,USA,New York,982.78,1375.69,676.44,0.05,14.62,Credit Card,Retail,K. Haddad,EUR
15426,4,605.592,14.812,1725,Fatima Garcia,8/23/2024,Tablet,Electronic,USA,New York,101.83,168.22,119.15,0.1,12.35,Crypto,Online,S. Rossi,USD
15427,3,3985.551,1290.351,1470,Maria Haddad,2/24/2024,Headphone,Gadgets,Germany,Berlin,730.83,1476.13,639.33,0.1,46.38,PayPal,Online,Unknown,EUR
15428,5,3320.44,671.9,1138,Youssef Silva,12/23/2023,Smartphone,Electronic,UAE,Dubai,653.89,781.28,396.02,0.15,14.55,Credit Card,Partner,Unknown,EUR
15429,7,3194.919,677.079,2624,Mariam Garcia,4/23/2023,Smartphone,Electronic,USA,New York,431.4,507.13,296.71,0.1,9.47,PayPal,Direct,K. Haddad,USD
15430,6,2625.744,-253.736,1312,Luis Haddad,12/12/2023,Smartphone,Electronic,USA,New York,263.57,547.03,433.65,0.2,14.01,Crypto,Partner,M. Lopez,USD
15431,6,1859.976,54.976,2009,Emma Benali,5/4/2024,Tablet,Gadgets,Morocco,Casablanca,0,344.44,293.05,0.1,46.7,Crypto,Retail,M. Lopez,USD
15432,3,1071.5715,294.6715,2810,John Khan,7/10/2023,Mouse,Tech,France,Paris,191.09,375.99,190.95,0.05,12.96,Credit Card,Retail,Unknown,USD
15433,4,4405.378,1810.768,1926,Sofia Rossi,2/25/2024,Mouse,Tech,USA,New York,462.21,1159.31,530.62,0.05,9.92,Credit Card,Online,A. Johnson,EUR
15434,4,2996.82,379.83,1980,Nora Silva,3/2/2024,Laptop,Tech,Spain,Madrid,191.06,832.45,604.37,0.1,8.45,PayPal,Partner,Unknown,MAD
15435,2,2249.423,-494.957,2740,Maria Rahmani,6/24/2024,Phone,Tech,France,Paris,369.87,1323.19,1162.84,0.15,48.83,Credit Card,Online,Unknown,USD
15436,3,665.85,168.31,1493,Youssef Haddad,12/25/2023,Headphone,Tech,Spain,Madrid,95.41,221.95,121.38,0,37.99,PayPal,Online,M. Lopez,EUR
15437,2,1824.642,465.912,1019,Lucas Dubois,10/30/2023,Laptop,Electronic,USA,New York,213.91,1013.69,562.6,0.1,19.62,PayPal,Retail,K. Haddad,MAD
15438,5,5322.7425,-1029.7375,1295,Luis Ibrahim,2/7/2024,Keyboard,Tech,France,Paris,1027.58,1252.41,1060.23,0.15,23.75,PayPal,Online,M. Lopez,EUR
15439,7,5508.216,2352.766,2900,Nora Ibrahim,10/26/2024,Laptop,Tech,France,Paris,365.38,983.61,394.65,0.2,27.52,Credit Card,Online,A. Johnson,USD
15440,2,2392.56,-404.63,2615,Emma Rossi,7/17/2024,Monitor,Tech,Morocco,Casablanca,366.33,1495.35,1192.45,0.2,45.96,PayPal,Retail,S. Rossi,EUR
15441,6,2219.724,-109.786,1388,Maria Garcia,8/10/2024,Headphone,Electronic,France,Paris,131.16,411.06,358.31,0.1,48.49,Crypto,Partner,M. Lopez,USD
15442,6,6086.784,-1799.506,2424,Sara Benali,1/9/2024,Mouse,Electronic,Morocco,Casablanca,1166.13,1268.08,1117.29,0.2,16.42,Crypto,Direct,Unknown,USD
15443,5,6589.4,3026.88,2430,Youssef Rossi,8/18/2023,Monitor,Tech,USA,New York,594.82,1317.88,591.96,0,7.9,Credit Card,Direct,Unknown,EUR
15444,4,1477.152,-236.458,1102,John Haddad,5/25/2023,Monitor,Electronic,France,Paris,252.88,410.32,359.91,0.1,21.09,PayPal,Direct,A. Johnson,USD
15445,3,3105.4155,1007.6555,2830,Maria Rahmani,9/29/2024,Laptop,Tech,USA,New York,277.96,1217.81,599.57,0.15,21.09,Crypto,Online,Unknown,MAD
15446,5,2726.3,129.49,2646,Sofia Rahmani,3/20/2023,Headphone,Gadgets,France,Paris,509.72,545.26,416.82,0,2.99,PayPal,Online,Unknown,EUR
15447,5,3680.36,834.85,2058,Noah Ibrahim,12/17/2023,Headphone,Gadgets,UAE,Dubai,487.04,920.09,464.96,0.2,33.67,Cash,Partner,A. Johnson,EUR
15448,5,2796.84,984.27,2828,John Silva,3/18/2024,Mouse,Electronic,USA,New York,452.02,658.08,268.51,0.15,18,Crypto,Partner,S. Rossi,USD
15449,5,2131.2,745.31,2954,John Haddad,8/12/2024,Headphone,Electronic,Morocco,Casablanca,380.78,426.24,191.36,0,48.31,PayPal,Retail,K. Haddad,EUR
15450,2,798.864,46.074,1387,Nora Chen,2/20/2024,Mouse,Tech,UAE,Dubai,151.83,499.29,277.23,0.2,46.5,Credit Card,Direct,K. Haddad,EUR
15451,4,4236.808,642.548,2806,Nora Rossi,6/6/2025,Phone,Tech,Morocco,Casablanca,216.16,1246.12,835.35,0.15,36.7,PayPal,Partner,A. Johnson,USD
15452,4,2944.384,218.614,1339,Sofia Silva,4/22/2024,Tablet,Gadgets,Morocco,Casablanca,274.83,920.12,606.62,0.2,24.46,Bank Transfer,Partner,M. Lopez,EUR
15453,5,2603.9325,10.2125,2888,Noah Kowalski,5/17/2023,Laptop,Gadgets,Morocco,Casablanca,459.1,612.69,426.79,0.15,0.67,Crypto,Partner,M. Lopez,MAD
15454,4,2727.752,424.842,2952,Mariam Ibrahim,3/17/2024,Keyboard,Gadgets,USA,New York,292.7,802.28,496,0.15,26.21,Bank Transfer,Partner,A. Johnson,USD
15455,5,695.88,133.43,2379,Ahmed Rossi,8/24/2023,Keyboard,Electronic,UAE,Dubai,119.13,154.64,87.55,0.1,5.57,Bank Transfer,Online,K. Haddad,EUR
15456,7,2896.768,-387.472,1438,Lucas Rahmani,10/3/2024,Tablet,Electronic,France,Paris,489.19,517.28,395.7,0.2,25.15,Credit Card,Direct,A. Johnson,USD
15457,3,279.03,9.23,2335,Leo Rahmani,3/7/2025,Monitor,Electronic,UAE,Dubai,0,93.01,80.29,0,28.93,Crypto,Online,M. Lopez,MAD
15458,4,5621.568,1302.868,1341,John Haddad,8/10/2024,Laptop,Tech,Morocco,Casablanca,932.89,1479.36,839.86,0.05,26.37,Credit Card,Retail,S. Rossi,USD
15459,4,-1023.048,-2107.558,2225,Ahmed Silva,1/27/2024,Smartphone,Tech,UAE,Dubai,120.33,-284.18,232.84,0.1,32.82,Credit Card,Direct,Unknown,USD
15460,4,1766.772,474.412,2333,Lucas Benali,4/16/2024,Monitor,Gadgets,Morocco,Casablanca,262.5,464.94,246.54,0.05,43.7,Credit Card,Direct,Unknown,USD
15461,6,1903.218,20.858,2667,Ali Silva,1/20/2025,Tablet,Tech,UAE,Dubai,283.68,373.18,266.28,0.15,1,Credit Card,Direct,K. Haddad,USD
15462,2,636.994,17.774,1030,Luis Kowalski,1/15/2025,Tablet,Gadgets,Spain,Madrid,92.09,335.26,253.02,0.05,21.09,Credit Card,Retail,Unknown,USD
15463,4,4132.944,981.804,2718,John Kowalski,9/23/2023,Mouse,Electronic,Spain,Madrid,680.26,1148.04,614.73,0.1,11.96,Credit Card,Retail,A. Johnson,USD
15464,7,2778.111,105.301,2374,Leo Rossi,8/28/2023,Headphone,Tech,Morocco,Casablanca,305.22,440.97,335.36,0.1,20.07,Credit Card,Direct,L. Martin,USD
15465,4,1682.944,604.014,2023,Emma Smith,3/6/2024,Tablet,Electronic,Spain,Madrid,216.62,525.92,212.64,0.2,11.75,Credit Card,Retail,Unknown,USD
15466,4,238.08,-19.58,2008,Emma Lopez,1/2/2024,Headphone,Electronic,USA,New York,36.5,74.4,47.97,0.2,29.28,Cash,Retail,K. Haddad,USD
15467,4,2104.192,-627.908,1180,Fatima Ibrahim,11/1/2024,Monitor,Electronic,France,Paris,392.84,657.56,582.7,0.2,8.46,Bank Transfer,Retail,Unknown,MAD
15468,3,422.568,-117.652,2823,Leo Chen,7/26/2023,Tablet,Electronic,Morocco,Casablanca,84.35,176.07,146.06,0.2,17.69,Crypto,Retail,Unknown,USD
15469,7,841.2915,-2744.5885,1175,Emma Kowalski,4/20/2023,Laptop,Electronic,Morocco,Casablanca,99.14,126.51,496,0.05,14.74,Cash,Online,L. Martin,EUR
15470,7,5239.71,869.97,1956,Maria Lopez,4/13/2023,Headphone,Tech,Morocco,Casablanca,646.84,748.53,528.83,0,21.09,Cash,Online,A. Johnson,MAD
15471,1,954.731,155.461,1945,Emma Khan,7/22/2024,Smartphone,Tech,Morocco,Casablanca,124.85,1004.98,653.33,0.05,21.09,PayPal,Retail,Unknown,USD
15472,6,5425.44,429.25,2867,Sara Benali,1/30/2023,Smartphone,Electronic,Spain,Madrid,788.06,1130.3,693.56,0.2,46.77,Credit Card,Direct,Unknown,EUR
15473,6,6262.647,1616.457,1011,Emma Smith,5/7/2024,Monitor,Electronic,UAE,Dubai,0,1227.97,770.85,0.15,21.09,Credit Card,Direct,L. Martin,MAD
15474,5,5981.265,2362.955,1185,Luis Silva,8/17/2023,Smartphone,Electronic,France,Paris,890.48,1329.17,537.99,0.1,37.88,Credit Card,Retail,L. Martin,USD
15475,1,264.609,-302.091,1297,Ali Dubois,9/16/2023,Tablet,Electronic,USA,New York,29.43,294.01,496,0.1,41.27,Credit Card,Online,M. Lopez,EUR
15476,4,710.4,-147.65,2922,Ali Ibrahim,6/16/2024,Smartphone,Electronic,Morocco,Casablanca,93.63,222,184.15,0.2,27.82,Crypto,Partner,Unknown,EUR
15477,6,2148.216,92.286,1044,Youssef Silva,3/7/2025,Keyboard,Electronic,Germany,Berlin,287.39,376.88,290.5,0.05,25.54,Cash,Online,M. Lopez,USD
15478,3,470.352,-18.738,1756,Emma Rahmani,5/12/2025,Tablet,Tech,Germany,Berlin,90.5,195.98,128.87,0.2,11.98,Bank Transfer,Online,S. Rossi,USD
15479,3,976.536,303.716,1149,Ali Haddad,7/27/2023,Phone,Tech,Spain,Madrid,73.9,361.68,185.07,0.1,43.71,Credit Card,Online,Unknown,EUR
15480,2,265.031,72.321,2631,Emma Benali,7/1/2024,Mouse,Electronic,UAE,Dubai,17.49,139.49,82.11,0.05,11,Bank Transfer,Partner,Unknown,EUR
15481,4,1507,-102.55,1581,Noah Garcia,2/10/2024,Headphone,Tech,USA,New York,240.33,376.75,332.68,0,38.5,Credit Card,Direct,S. Rossi,MAD
15482,3,2292.33,798.26,1068,Leo Rahmani,11/4/2023,Monitor,Tech,France,Paris,170.96,764.11,435.48,0,16.67,Bank Transfer,Partner,Unknown,USD
15483,3,2403.5025,382.1125,1576,Nora Lopez,6/2/2025,Tablet,Gadgets,USA,New York,295.06,942.55,563.68,0.15,35.29,Credit Card,Partner,S. Rossi,MAD
15484,7,6045.858,3304.248,1236,Nora Kowalski,2/16/2023,Mouse,Electronic,Spain,Madrid,0,959.66,384.55,0.1,49.76,Crypto,Direct,M. Lopez,EUR
15485,1,600.9075,-120.4325,1050,Mariam Rossi,2/28/2024,Mouse,Electronic,Germany,Berlin,71.24,706.95,618.93,0.15,31.17,Credit Card,Retail,Unknown,USD
15486,2,1805.893,230.903,2183,Fatima Ibrahim,10/20/2024,Phone,Electronic,Germany,Berlin,157.78,950.47,702.38,0.05,12.45,Credit Card,Direct,K. Haddad,EUR
15487,4,5923.4,1790.85,2685,Nora Haddad,8/2/2023,Phone,Electronic,Morocco,Casablanca,902.42,1480.85,802.26,0,21.09,PayPal,Partner,Unknown,USD
15488,6,7638.84,3697.07,2400,Maria Haddad,10/13/2024,Mouse,Tech,Germany,Berlin,406.75,1414.6,583.1,0.1,36.42,Credit Card,Online,Unknown,EUR
15489,7,9906.505,-418.525,2023,Emma Kowalski,6/22/2023,Laptop,Electronic,USA,New York,1583.32,1489.7,1241.9,0.05,48.41,Bank Transfer,Partner,Unknown,EUR
15490,5,5222.05,41.42,1011,Mariam Garcia,1/29/2025,Laptop,Gadgets,UAE,Dubai,519.64,1044.41,925.93,0,31.34,Credit Card,Partner,Unknown,USD
15491,5,1474.07,186.56,1730,Nora Lopez,8/4/2024,Headphone,Tech,UAE,Dubai,235.92,346.84,209.46,0.15,4.29,PayPal,Online,M. Lopez,USD
15492,4,146.642,30.152,2992,Noah Chen,6/11/2024,Headphone,Tech,Spain,Madrid,18.12,38.59,20.93,0.05,14.65,Credit Card,Online,Unknown,MAD
15493,2,2258.416,506.146,1562,Noah Ibrahim,2/11/2023,Laptop,Electronic,UAE,Dubai,270.42,1328.48,730.38,0.15,21.09,Bank Transfer,Online,A. Johnson,MAD
15494,7,4124.1235,502.4235,2889,Sofia Benali,3/14/2023,Monitor,Tech,Spain,Madrid,659.85,693.13,416.96,0.15,43.13,Credit Card,Online,L. Martin,USD
15495,6,3044.682,1166.422,2833,Fatima Dubois,7/9/2024,Keyboard,Electronic,Morocco,Casablanca,362.53,563.83,246.16,0.1,38.77,Crypto,Retail,Unknown,USD
15496,2,1251.342,238.252,1128,Mariam Smith,1/14/2024,Mouse,Electronic,Morocco,Casablanca,183.24,695.19,404.38,0.1,21.09,PayPal,Online,Unknown,MAD
15497,3,814.7865,112.0865,1546,Nora Silva,2/13/2024,Laptop,Gadgets,Spain,Madrid,161.51,285.89,171.45,0.05,26.84,Crypto,Retail,K. Haddad,USD
15498,5,3495.24,738.62,1255,Ali Khan,8/25/2024,Headphone,Gadgets,UAE,Dubai,339.76,735.84,480.85,0.05,12.61,Credit Card,Online,Unknown,EUR
15499,3,2212.95,133.12,1504,Luis Haddad,11/17/2023,Tablet,Tech,France,Paris,431.82,737.65,539.18,0,30.47,PayPal,Direct,S. Rossi,MAD
15500,3,2361.6825,684.5425,2957,Lucas Rossi,1/23/2025,Monitor,Tech,USA,New York,398.61,926.15,411.98,0.15,42.59,Bank Transfer,Online,M. Lopez,USD
15501,5,2867.94,447.66,1042,Luis Garcia,4/14/2025,Mouse,Tech,UAE,Dubai,362.04,637.32,401.69,0.1,49.79,Cash,Partner,Unknown,USD
15502,6,1521.273,104.993,2514,Maria Chen,9/7/2024,Laptop,Electronic,Morocco,Casablanca,143.95,266.89,208.54,0.05,21.09,Bank Transfer,Direct,A. Johnson,EUR
15503,3,2585.2155,71.5055,2868,Mariam Chen,12/22/2023,Laptop,Tech,Morocco,Casablanca,404.4,1013.81,694.24,0.15,26.59,PayPal,Online,Unknown,MAD
15504,4,908.192,-147.598,1458,Mariam Chen,4/30/2023,Phone,Electronic,Germany,Berlin,173.72,283.81,212.86,0.2,30.63,PayPal,Online,Unknown,USD
15505,7,5062.3195,543.5895,1483,Emma Chen,5/1/2025,Monitor,Electronic,USA,New York,923.86,850.81,510.54,0.15,21.09,Bank Transfer,Direct,S. Rossi,USD
15506,6,1519.92,127.98,2629,Ali Benali,1/9/2025,Mouse,Electronic,Morocco,Casablanca,221.51,253.32,189.07,0,36.01,Cash,Online,A. Johnson,MAD
15507,2,402.804,120.584,2288,Youssef Smith,10/31/2024,Headphone,Electronic,Germany,Berlin,23.85,223.78,118.64,0.1,21.09,Crypto,Partner,Unknown,USD
15508,5,6022.0375,-1084.5425,2084,Ali Lopez,10/8/2024,Laptop,Tech,Germany,Berlin,1008.62,1416.95,1210.37,0.15,46.11,Crypto,Partner,S. Rossi,EUR
15509,3,943.0935,453.9835,1900,Sara Chen,6/19/2023,Tablet,Tech,Morocco,Casablanca,49.36,330.91,146.09,0.05,1.48,PayPal,Direct,M. Lopez,USD
15510,5,5549.9,1255.62,2704,Noah Khan,6/9/2024,Headphone,Electronic,USA,New York,509.63,1168.4,754.2,0.05,13.65,Cash,Direct,Unknown,USD
15511,7,5494.6465,897.7565,2852,Sofia Khan,6/15/2023,Headphone,Electronic,Germany,Berlin,665.3,923.47,556.4,0.15,36.79,Bank Transfer,Retail,K. Haddad,MAD
15512,4,1570.72,333.52,1514,Maria Chen,9/8/2023,Tablet,Gadgets,USA,New York,150.4,392.68,268.26,0,13.76,Cash,Partner,Unknown,EUR
15513,4,249.66,33.05,2009,Fatima Khan,9/24/2023,Smartphone,Tech,France,Paris,41.44,69.35,38.52,0.1,21.09,Cash,Partner,M. Lopez,USD
15514,3,1543.4175,534.0675,2382,Mariam Dubois,3/23/2024,Smartphone,Electronic,Spain,Madrid,90.22,541.55,298.6,0.05,23.33,Bank Transfer,Retail,Unknown,MAD
15515,2,711.3,117.42,2279,Ali Garcia,3/17/2024,Mouse,Gadgets,UAE,Dubai,121.9,355.65,229.4,0,13.18,PayPal,Online,Unknown,USD
15516,5,1151.1,498.4,2922,Ahmed Haddad,6/25/2024,Phone,Tech,Morocco,Casablanca,78.89,230.22,111.42,0,16.71,PayPal,Online,K. Haddad,EUR
15517,7,2833.964,655.114,1154,Sofia Kowalski,5/1/2024,Monitor,Tech,Spain,Madrid,455.02,426.16,243.67,0.05,18.14,Cash,Online,M. Lopez,USD
15518,4,837.748,133.778,2850,Maria Rahmani,4/7/2024,Keyboard,Electronic,France,Paris,131.35,220.46,139.29,0.05,15.46,Crypto,Partner,Unknown,USD
15519,7,2147.117,291.357,2542,Ahmed Lopez,4/18/2024,Laptop,Gadgets,Morocco,Casablanca,196.29,360.86,230.83,0.15,43.66,Bank Transfer,Online,K. Haddad,EUR
15520,1,363.46,89.48,1176,Lucas Smith,12/7/2024,Tablet,Electronic,Spain,Madrid,22.28,427.6,230.61,0.15,21.09,PayPal,Online,S. Rossi,EUR
15521,5,756.1525,-47.3275,1975,John Smith,8/28/2023,Mouse,Gadgets,Spain,Madrid,121.97,159.19,131.82,0.05,22.41,Crypto,Online,K. Haddad,MAD
15522,3,2953.3125,58.2025,2571,Leo Rossi,2/15/2023,Headphone,Tech,France,Paris,154.44,1036.25,913.44,0.05,0.35,Credit Card,Retail,Unknown,USD
15523,4,5980.92,2500.51,1514,Maria Ibrahim,3/20/2025,Tablet,Tech,Germany,Berlin,637.43,1495.23,703.43,0,29.26,Credit Card,Partner,M. Lopez,EUR
15524,6,2828.79,596.56,1462,Sara Ibrahim,6/25/2024,Tablet,Electronic,Germany,Berlin,496.41,523.85,283.97,0.1,32,Bank Transfer,Retail,K. Haddad,EUR
15525,1,1159.37,481.72,1622,Emma Ibrahim,5/13/2024,Tablet,Tech,USA,New York,147.93,1159.37,501.26,0,28.46,Credit Card,Direct,Unknown,USD
15526,5,5008.115,1322.725,1174,Nora Rahmani,12/9/2023,Keyboard,Electronic,UAE,Dubai,625.09,1178.38,607.62,0.15,22.2,Bank Transfer,Partner,K. Haddad,EUR
15527,3,524.6115,45.4215,1886,Noah Lopez,1/24/2025,Monitor,Gadgets,Morocco,Casablanca,44.68,205.73,128.61,0.15,48.68,PayPal,Direct,K. Haddad,EUR
15528,3,3592.944,449.804,2056,Lucas Smith,12/25/2024,Monitor,Tech,Spain,Madrid,228.11,1330.72,956.11,0.1,46.7,Cash,Online,L. Martin,USD
15529,6,7134.9,1117.78,2563,Sara Ibrahim,9/7/2024,Keyboard,Tech,Germany,Berlin,511.68,1189.15,915.01,0,15.38,Cash,Direct,Unknown,EUR
15530,7,2941.407,822.687,1006,Maria Khan,11/26/2023,Mouse,Gadgets,USA,New York,240.77,466.89,266.55,0.1,12.1,Cash,Direct,Unknown,USD
15531,1,1151.6565,160.9365,2023,Sofia Smith,10/18/2024,Headphone,Tech,USA,New York,158.84,1212.27,810.79,0.05,21.09,Bank Transfer,Retail,A. Johnson,USD
15532,3,3883.221,854.431,2968,Ahmed Ibrahim,4/12/2023,Tablet,Electronic,USA,New York,536.53,1438.23,828.75,0.1,6.01,Bank Transfer,Direct,M. Lopez,USD
15533,5,3700.7,557.24,1135,John Ibrahim,6/15/2023,Headphone,Gadgets,France,Paris,255.87,740.14,576.69,0,4.14,Cash,Partner,A. Johnson,USD
15534,3,3800.214,74.964,1113,Noah Silva,1/24/2025,Tablet,Gadgets,USA,New York,427.63,1490.28,1086.38,0.15,38.48,PayPal,Retail,L. Martin,MAD
15535,5,6618.6025,1083.8625,2738,Lucas Garcia,3/25/2024,Monitor,Electronic,Germany,Berlin,755.48,1393.39,950.68,0.05,25.86,Bank Transfer,Online,M. Lopez,USD
15536,5,5582.6,-518.39,2617,Emma Benali,3/10/2023,Laptop,Tech,Morocco,Casablanca,913.73,1395.65,1035.86,0.2,7.96,Cash,Online,M. Lopez,USD
15537,3,287.385,-71.485,2917,John Benali,1/12/2024,Laptop,Tech,USA,New York,21.45,112.7,98.97,0.15,40.51,Cash,Retail,M. Lopez,USD
15538,6,3648.768,201.618,1324,Fatima Haddad,1/13/2024,Keyboard,Tech,Morocco,Casablanca,321.04,760.16,520.31,0.2,4.25,Bank Transfer,Online,K. Haddad,EUR
15539,1,773.33,200.04,2718,Emma Ibrahim,6/3/2025,Keyboard,Gadgets,Germany,Berlin,40.5,773.33,524.71,0,8.08,Credit Card,Direct,L. Martin,EUR
15540,7,417.41,206.73,1053,Sara Chen,11/22/2024,Mouse,Electronic,UAE,Dubai,34.07,59.63,24.19,0,7.28,Crypto,Direct,S. Rossi,USD
15541,1,991.872,344.452,1848,Luis Smith,5/18/2023,Keyboard,Electronic,USA,New York,97.57,1102.08,545.38,0.1,4.47,Bank Transfer,Retail,Unknown,USD
15542,1,928.21,245.75,2830,Leo Garcia,1/28/2025,Laptop,Electronic,UAE,Dubai,128.25,928.21,541.34,0,12.87,PayPal,Direct,S. Rossi,USD
15543,4,3592.76,333.88,1758,Sara Chen,9/25/2023,Mouse,Tech,Morocco,Casablanca,219.77,898.19,748.28,0,45.99,Crypto,Partner,K. Haddad,USD
15544,1,813.314,-165.636,2131,Mariam Khan,8/30/2023,Tablet,Tech,Morocco,Casablanca,111.8,956.84,819.43,0.15,47.72,PayPal,Online,S. Rossi,USD
15545,1,200.547,44.397,1120,Maria Kowalski,2/10/2025,Tablet,Tech,Morocco,Casablanca,11.46,222.83,142.88,0.1,1.81,PayPal,Retail,S. Rossi,USD
15546,7,7145.159,2388.649,1479,Mariam Rossi,11/3/2023,Laptop,Electronic,Spain,Madrid,1417.48,1074.46,472.55,0.05,31.18,Bank Transfer,Direct,M. Lopez,USD
15547,4,1246.44,294.38,1889,Nora Rahmani,6/1/2023,Keyboard,Tech,France,Paris,176.72,311.61,183.94,0,39.58,PayPal,Partner,Unknown,USD
15548,1,295.344,35.334,1161,Maria Lopez,9/3/2024,Laptop,Tech,Germany,Berlin,0,328.16,244.21,0.1,15.8,Crypto,Online,Unknown,MAD
15549,1,55.369,0.919,2268,Noah Khan,3/28/2025,Tablet,Electronic,Morocco,Casablanca,6.41,65.14,36.97,0.15,11.07,Bank Transfer,Direct,K. Haddad,MAD
15550,2,74.851,-12.629,2329,Ali Haddad,4/21/2024,Laptop,Electronic,Morocco,Casablanca,11.29,44.03,17.94,0.15,40.31,Crypto,Online,M. Lopez,USD
15551,6,8874.9,2090.05,1254,Youssef Silva,10/29/2024,Keyboard,Electronic,France,Paris,1622.72,1479.15,853.77,0,39.51,Bank Transfer,Online,L. Martin,USD
15552,2,1179.375,-235.405,1918,Mariam Dubois,6/7/2025,Phone,Tech,Morocco,Casablanca,190.81,693.75,601.44,0.15,21.09,PayPal,Online,M. Lopez,MAD
15553,1,1127.936,321.986,2218,Emma Garcia,1/27/2025,Smartphone,Tech,Germany,Berlin,121.41,1409.92,647.03,0.2,37.51,PayPal,Online,L. Martin,MAD
15554,1,84.807,16.517,2420,Noah Rossi,4/28/2024,Mouse,Tech,France,Paris,14.4,94.23,52.99,0.1,0.9,Bank Transfer,Direct,M. Lopez,MAD
15555,6,5552.085,110.105,1154,Mariam Rossi,6/2/2024,Headphone,Tech,USA,New York,931.69,974.05,748.2,0.05,21.09,Bank Transfer,Retail,Unknown,USD
15556,3,670.086,-828.204,1104,Emma Chen,3/22/2025,Monitor,Tech,Morocco,Casablanca,0,248.18,496,0.1,10.29,Cash,Direct,Unknown,USD
15557,6,3624.804,-247.466,2341,Lucas Dubois,6/21/2024,Smartphone,Tech,UAE,Dubai,562.38,671.26,549.57,0.1,12.47,Bank Transfer,Direct,L. Martin,USD
15558,7,2055.3155,-81.9845,2314,Mariam Lopez,3/25/2025,Mouse,Tech,USA,New York,294.42,309.07,261.72,0.05,10.84,Bank Transfer,Partner,L. Martin,MAD
15559,4,2815.02,465.51,2269,Emma Lopez,4/3/2024,Laptop,Electronic,Spain,Madrid,302.87,781.95,500.88,0.1,43.12,Credit Card,Direct,L. Martin,USD
15560,5,132.2175,8.1075,1718,Lucas Dubois,5/16/2024,Laptop,Electronic,Morocco,Casablanca,15.06,31.11,12.93,0.15,44.4,Cash,Retail,Unknown,EUR
15561,2,1869.776,-435.174,2246,Nora Haddad,10/16/2024,Mouse,Tech,Spain,Madrid,247.58,1168.61,1018.41,0.2,20.55,Cash,Partner,L. Martin,USD
15562,2,673.113,245.363,2388,Emma Rahmani,2/13/2023,Headphone,Tech,Morocco,Casablanca,75.77,354.27,174.93,0.05,2.12,Cash,Retail,Unknown,EUR
15563,4,1858.592,-303.098,1108,Ali Rossi,3/29/2024,Tablet,Electronic,Morocco,Casablanca,292.15,580.81,463.07,0.2,17.26,Crypto,Retail,L. Martin,MAD
15564,3,1348.0575,17.4975,2812,Leo Chen,1/29/2024,Monitor,Electronic,France,Paris,152.34,528.65,382.72,0.15,30.06,PayPal,Online,M. Lopez,EUR
15565,6,3958.773,706.353,2315,Maria Lopez,6/2/2023,Headphone,Electronic,USA,New York,530.74,776.23,451.89,0.15,10.34,PayPal,Retail,S. Rossi,USD
15566,7,7674.632,1094.542,1700,Leo Lopez,5/29/2024,Mouse,Tech,USA,New York,956.73,1154.08,798.38,0.05,34.7,Crypto,Retail,L. Martin,EUR
15567,5,7425.3,3337.32,1066,John Silva,2/13/2025,Tablet,Tech,France,Paris,555.44,1485.06,702.29,0,21.09,Bank Transfer,Partner,S. Rossi,USD
15568,4,5400.24,1701.83,1373,Nora Smith,7/15/2023,Smartphone,Tech,USA,New York,1048.07,1350.06,655.16,0,29.7,Cash,Partner,L. Martin,MAD
15569,2,492.58,14.39,1953,Emma Kowalski,5/29/2024,Tablet,Electronic,USA,New York,85.83,246.29,177,0,38.36,Bank Transfer,Partner,A. Johnson,USD
15570,1,1394.6095,733.1895,2635,Nora Rahmani,2/22/2025,Mouse,Gadgets,Spain,Madrid,118.03,1468.01,496,0.05,47.39,Credit Card,Partner,Unknown,USD
15571,6,6506.4,1109.4,2356,Leo Khan,7/27/2023,Monitor,Gadgets,USA,New York,859.03,1084.4,752.27,0,24.35,Bank Transfer,Online,K. Haddad,USD
15572,7,6213.34,1599.29,2453,Emma Rossi,10/8/2024,Tablet,Electronic,USA,New York,1044.71,887.62,505.06,0,33.92,Bank Transfer,Direct,K. Haddad,USD
15573,5,4887.84,-368.99,1978,John Garcia,1/25/2025,Headphone,Tech,USA,New York,466.11,1150.08,949.82,0.15,41.62,PayPal,Partner,Unknown,MAD
15574,6,3090.912,-239.838,2418,Nora Haddad,9/10/2024,Tablet,Tech,USA,New York,301.43,643.94,496.62,0.2,49.6,PayPal,Partner,A. Johnson,USD
15575,7,2590.812,-123.908,1531,Sara Lopez,9/21/2023,Headphone,Electronic,Morocco,Casablanca,189.02,411.24,355.59,0.1,36.57,Cash,Online,Unknown,USD
15576,7,5979.0815,-116.8985,1474,Sara Benali,6/6/2025,Keyboard,Gadgets,Germany,Berlin,1181.8,899.11,698.08,0.05,27.62,Credit Card,Partner,Unknown,MAD
15577,5,6553.305,2109.435,2510,Leo Garcia,1/15/2023,Mouse,Tech,UAE,Dubai,1019.63,1456.29,680.63,0.1,21.09,Credit Card,Partner,Unknown,MAD
15578,6,4492.113,-141.997,2104,Maria Rahmani,2/5/2023,Keyboard,Tech,USA,New York,525.64,788.09,682.54,0.05,13.23,Credit Card,Retail,S. Rossi,EUR
15579,2,242.55,-57.93,2290,Youssef Haddad,5/31/2024,Laptop,Tech,UAE,Dubai,17.26,134.75,121.07,0.1,41.08,Cash,Partner,Unknown,MAD
15580,5,3914.76,1190.36,1962,Ali Dubois,7/26/2024,Keyboard,Tech,Morocco,Casablanca,223.31,824.16,496,0.05,21.09,Cash,Direct,Unknown,MAD
15581,6,5844.153,646.963,2065,Ali Haddad,3/26/2025,Laptop,Gadgets,USA,New York,1008.85,1025.29,690.4,0.05,45.94,Credit Card,Retail,A. Johnson,USD
15582,1,869.445,237.145,1074,John Lopez,2/3/2025,Headphone,Electronic,Morocco,Casablanca,154.19,966.05,449.86,0.1,28.25,Bank Transfer,Online,L. Martin,MAD
15583,7,4996.88,2252.92,1893,John Lopez,8/23/2023,Smartphone,Tech,Spain,Madrid,585.68,713.84,301.83,0,45.47,Cash,Direct,M. Lopez,USD
15584,4,1015.92,76.88,2721,Mariam Ibrahim,9/29/2024,Tablet,Gadgets,USA,New York,86.18,253.98,204.82,0,33.58,PayPal,Online,Unknown,USD
15585,5,324.88,43.3,1750,John Khan,2/2/2025,Tablet,Electronic,Morocco,Casablanca,53.83,81.22,39.55,0.2,30,PayPal,Partner,M. Lopez,MAD
15586,3,1700.487,348.007,1193,Ahmed Khan,2/26/2023,Monitor,Electronic,Morocco,Casablanca,198.97,629.81,379.52,0.1,14.95,Credit Card,Direct,A. Johnson,USD
15587,5,2922.9,313.76,2839,Lucas Dubois,9/25/2024,Mouse,Tech,Germany,Berlin,402.3,584.58,437.15,0,21.09,Credit Card,Direct,M. Lopez,MAD
15588,2,1509.72,602.63,2694,Mariam Benali,6/22/2024,Laptop,Electronic,France,Paris,256.21,754.86,304.6,0,41.68,Credit Card,Online,M. Lopez,USD
15589,6,8349.873,3984.423,2444,Maria Kowalski,4/23/2023,Tablet,Tech,Morocco,Casablanca,492.18,1464.89,642.03,0.05,21.09,PayPal,Direct,S. Rossi,USD
15590,4,4280.192,-472.858,2220,Lucas Smith,12/24/2024,Smartphone,Electronic,France,Paris,490.41,1337.56,1060.57,0.2,20.36,Credit Card,Online,A. Johnson,MAD
15591,3,1685.592,-385.678,1581,Fatima Rahmani,1/4/2025,Headphone,Tech,Spain,Madrid,197.3,702.33,616.16,0.2,25.49,Cash,Direct,M. Lopez,USD
15592,5,1381.005,314.435,1660,Ali Haddad,5/10/2024,Tablet,Tech,France,Paris,253.31,306.89,162.64,0.1,0.06,PayPal,Partner,Unknown,EUR
15593,2,1259.946,99.806,1854,Leo Dubois,9/18/2023,Phone,Electronic,Morocco,Casablanca,82.03,699.97,535.09,0.1,7.93,Credit Card,Online,K. Haddad,USD
15594,4,3222.514,499.254,2759,Emma Dubois,6/11/2025,Keyboard,Electronic,Morocco,Casablanca,232.85,848.03,617.33,0.05,21.09,PayPal,Direct,Unknown,USD
15595,2,2209.36,576.87,2502,Noah Smith,1/15/2025,Smartphone,Gadgets,USA,New York,383.6,1380.85,615.19,0.2,18.51,Credit Card,Retail,K. Haddad,MAD
15596,3,1132.92,229.04,2610,Lucas Rossi,4/13/2025,Tablet,Gadgets,Morocco,Casablanca,191.83,472.05,229.51,0.2,23.52,PayPal,Online,K. Haddad,EUR
15597,6,1292.646,340.036,2807,Fatima Rahmani,2/13/2023,Headphone,Electronic,Germany,Berlin,119.36,253.46,135.87,0.15,18.03,Credit Card,Direct,K. Haddad,USD
15598,6,6935.949,2521.729,1861,Maria Rahmani,10/21/2023,Mouse,Gadgets,UAE,Dubai,1094.21,1359.99,545.2,0.15,48.81,Credit Card,Partner,Unknown,EUR
15599,1,45.19,-19.57,2833,Nora Rahmani,6/4/2025,Smartphone,Gadgets,UAE,Dubai,8.15,45.19,27,0,29.61,Crypto,Direct,K. Haddad,USD
15600,6,5173.092,1711.662,1151,Nora Chen,3/4/2025,Headphone,Tech,USA,New York,550.79,907.56,482.72,0.05,14.32,Credit Card,Online,Unknown,MAD
15601,4,2687.904,208.294,1798,Maria Rossi,1/1/2025,Mouse,Gadgets,Morocco,Casablanca,207.69,746.64,561.88,0.1,24.4,Credit Card,Online,S. Rossi,EUR
15602,4,1603.068,350.778,2734,Emma Lopez,10/23/2023,Monitor,Tech,Morocco,Casablanca,229.34,421.86,249.4,0.05,25.35,Credit Card,Direct,M. Lopez,EUR
15603,3,1942.776,244.966,2461,Mariam Smith,1/7/2023,Mouse,Gadgets,Spain,Madrid,123.43,809.49,520.7,0.2,12.28,Credit Card,Online,L. Martin,EUR
15604,4,2711.67,885.58,2687,Sara Benali,3/12/2025,Tablet,Tech,Spain,Madrid,505.03,797.55,320.3,0.15,39.86,Credit Card,Retail,L. Martin,MAD
15605,5,4122.15,1488.2,2480,Luis Rahmani,7/28/2024,Keyboard,Tech,USA,New York,801.71,824.43,362.23,0,21.09,Credit Card,Online,K. Haddad,MAD
15606,7,7578.2,3033.52,1752,Luis Rahmani,11/23/2023,Tablet,Tech,Germany,Berlin,1035.39,1353.25,496,0.2,37.29,Crypto,Direct,Unknown,USD
15607,7,8883.567,3011.887,2656,Ahmed Haddad,12/14/2024,Tablet,Tech,Spain,Madrid,460.38,1410.09,767.27,0.1,40.41,PayPal,Retail,Unknown,EUR
15608,1,499.3675,58.7775,2566,Youssef Lopez,8/30/2024,Phone,Tech,USA,New York,55,525.65,370.15,0.05,15.44,Cash,Direct,S. Rossi,MAD
15609,5,4518.45,1121.89,2586,Sara Silva,12/29/2024,Monitor,Electronic,Spain,Madrid,762.87,903.69,522.52,0,21.09,Bank Transfer,Online,Unknown,EUR
15610,6,3481.488,1540.158,2730,Maria Rossi,8/21/2023,Keyboard,Electronic,France,Paris,335.32,644.72,263.35,0.1,25.91,Credit Card,Direct,A. Johnson,USD
15611,7,1264.648,202.538,2692,Maria Silva,10/18/2023,Laptop,Electronic,USA,New York,246.56,225.83,115.46,0.2,7.33,Cash,Retail,A. Johnson,USD
15612,3,1203.417,488.687,1297,Mariam Garcia,3/13/2023,Tablet,Electronic,UAE,Dubai,0,445.71,237.06,0.1,3.55,PayPal,Direct,Unknown,USD
15613,3,3233.94,1357.63,1636,Maria Smith,10/7/2024,Mouse,Tech,France,Paris,323.92,1077.98,500.98,0,49.45,Credit Card,Online,S. Rossi,EUR
15614,5,3485.17,987.38,1815,Maria Dubois,5/31/2025,Mouse,Gadgets,Germany,Berlin,462.77,820.04,406.74,0.15,1.32,Bank Transfer,Online,Unknown,USD
15615,3,2776.632,919.012,2366,John Benali,3/12/2024,Laptop,Electronic,USA,New York,151.67,1156.93,562.97,0.2,17.04,Credit Card,Partner,S. Rossi,USD
15616,1,546.2,-23.31,2854,Sofia Dubois,5/31/2025,Phone,Tech,UAE,Dubai,93.91,682.75,434.98,0.2,40.62,Credit Card,Online,L. Martin,USD
15617,2,1794.834,345.694,2433,Noah Khan,11/3/2023,Laptop,Electronic,Morocco,Casablanca,251.94,997.13,575.69,0.1,45.82,PayPal,Direct,Unknown,USD
15618,3,3729.2535,1320.9935,1391,Youssef Lopez,12/23/2023,Headphone,Gadgets,Morocco,Casablanca,238.59,1308.51,709.7,0.05,40.57,Crypto,Partner,M. Lopez,USD
15619,1,524.616,-18.184,1386,Sofia Chen,5/14/2024,Tablet,Tech,USA,New York,35.99,655.77,467.93,0.2,38.88,Bank Transfer,Partner,M. Lopez,USD
15620,3,747.765,165.255,2890,Maria Silva,8/4/2023,Headphone,Gadgets,UAE,Dubai,45.98,276.95,173.54,0.1,15.91,PayPal,Direct,Unknown,USD
15621,3,616.83,16.6,2642,Maria Rahmani,4/10/2024,Monitor,Tech,Morocco,Casablanca,51.16,205.61,181.7,0,3.97,Crypto,Online,Unknown,MAD
15622,3,3154.5225,-226.4775,2695,Sofia Khan,12/29/2023,Monitor,Electronic,Germany,Berlin,403.17,1106.85,976.03,0.05,49.74,PayPal,Online,K. Haddad,USD
15623,6,6200.859,2387.219,1587,Sofia Silva,5/31/2024,Mouse,Gadgets,Germany,Berlin,957.03,1087.87,468.14,0.05,47.77,Crypto,Online,K. Haddad,USD
15624,5,1409.45,626.33,1118,Emma Kowalski,7/9/2023,Keyboard,Electronic,France,Paris,84.18,281.89,130.59,0,45.99,Credit Card,Online,A. Johnson,EUR
15625,6,4239.489,829.449,1332,Ahmed Dubois,8/12/2023,Laptop,Gadgets,USA,New York,703.03,743.77,445.78,0.05,32.33,Cash,Direct,K. Haddad,USD
15626,7,7657.902,3100.202,1860,Luis Rahmani,9/6/2023,Monitor,Tech,Morocco,Casablanca,707.35,1215.54,549.04,0.1,7.07,Bank Transfer,Direct,K. Haddad,USD
15627,3,3448.272,615.782,2023,Leo Garcia,9/3/2023,Tablet,Gadgets,UAE,Dubai,227.24,1436.78,864.78,0.2,10.91,Crypto,Online,A. Johnson,USD
15628,2,1189.78,57.42,1536,Lucas Benali,5/6/2024,Laptop,Gadgets,Morocco,Casablanca,156.86,594.89,470.62,0,34.26,Crypto,Direct,S. Rossi,EUR
15629,5,4914.08,-1140.3,1682,Ahmed Khan,9/20/2024,Mouse,Electronic,UAE,Dubai,523.62,1228.52,1101.44,0.2,23.56,Cash,Online,S. Rossi,MAD
15630,3,3089.04,-576,1443,Maria Lopez,12/1/2024,Headphone,Electronic,Morocco,Casablanca,191.06,1287.1,1153.47,0.2,13.57,Cash,Online,Unknown,MAD
15631,1,777.29,170.35,1845,Nora Ibrahim,12/7/2023,Laptop,Electronic,Germany,Berlin,75.05,777.29,498.25,0,33.64,Cash,Retail,M. Lopez,USD
15632,7,6936.993,2142.073,2099,Mariam Kowalski,4/25/2025,Headphone,Electronic,Spain,Madrid,458.33,1101.11,616.5,0.1,21.09,Cash,Online,K. Haddad,USD
15633,1,711.9,256.66,1328,Noah Khan,6/19/2024,Tablet,Tech,France,Paris,77.27,791,356.25,0.1,21.72,Cash,Direct,S. Rossi,USD
15634,7,6183.184,-1342.416,1934,Youssef Rossi,10/16/2023,Headphone,Electronic,France,Paris,581.93,1104.14,988.94,0.2,21.09,Credit Card,Retail,A. Johnson,MAD
15635,2,1984.932,-46.718,1315,Leo Rahmani,11/12/2024,Monitor,Tech,USA,New York,100.82,1102.74,954.87,0.1,21.09,Cash,Retail,M. Lopez,USD
15636,7,8325.24,530.92,2145,Mariam Garcia,5/14/2025,Mouse,Tech,USA,New York,1645.3,1486.65,874.11,0.2,30.25,Credit Card,Retail,K. Haddad,USD
15637,7,2362.08,293.52,1354,Lucas Chen,4/16/2023,Tablet,Gadgets,Morocco,Casablanca,182.88,337.44,266.37,0,21.09,Bank Transfer,Online,L. Martin,USD
15638,2,2684.08,537.66,2750,Youssef Rossi,6/26/2024,Monitor,Tech,France,Paris,172.68,1342.04,979.73,0,14.28,Crypto,Retail,Unknown,USD
15639,5,3178.85,650.51,2536,Sofia Silva,9/8/2024,Monitor,Gadgets,USA,New York,490.26,635.77,403.22,0,21.98,PayPal,Direct,S. Rossi,MAD
15640,6,7754.46,3841.22,2727,Ali Kowalski,3/1/2024,Tablet,Electronic,Germany,Berlin,894.69,1292.41,496,0,42.55,PayPal,Direct,L. Martin,USD
15641,5,5376.6675,1244.4375,1498,Youssef Haddad,5/26/2025,Headphone,Electronic,Morocco,Casablanca,513.51,1131.93,717.33,0.05,32.07,Bank Transfer,Direct,L. Martin,USD
15642,3,204.9435,20.3435,1855,Noah Ibrahim,7/28/2023,Mouse,Tech,USA,New York,14.83,80.37,52.73,0.15,11.58,Credit Card,Partner,L. Martin,USD
15643,3,2343.03,1124.45,1944,Mariam Kowalski,1/5/2023,Monitor,Gadgets,UAE,Dubai,0,781.01,397.62,0,25.72,PayPal,Retail,K. Haddad,EUR
15644,1,1141.974,-133.366,2586,Sofia Silva,1/25/2024,Keyboard,Electronic,Spain,Madrid,158.01,1268.86,1089.07,0.1,28.26,Credit Card,Online,S. Rossi,EUR
15645,3,1541.889,239.989,1489,Sara Kowalski,9/29/2023,Laptop,Tech,Morocco,Casablanca,103.81,571.07,389.89,0.1,28.42,Credit Card,Online,S. Rossi,EUR
15646,4,3913.76,259.75,1450,Sara Chen,9/22/2024,Monitor,Tech,Morocco,Casablanca,456.3,978.44,793.18,0,24.99,Cash,Partner,A. Johnson,EUR
15647,7,8773.877,4276.037,2268,Luis Silva,2/10/2025,Tablet,Gadgets,USA,New York,724,1319.38,536.96,0.05,15.12,Crypto,Online,A. Johnson,MAD
15648,2,1751.364,221.514,2497,Maria Rossi,8/15/2023,Tablet,Tech,Morocco,Casablanca,188.38,972.98,657.85,0.1,25.77,Credit Card,Online,Unknown,USD
15649,7,6753.131,1721.571,1783,Leo Lopez,3/3/2023,Headphone,Tech,UAE,Dubai,868.48,1134.98,593.02,0.15,11.94,Credit Card,Retail,A. Johnson,EUR
15650,2,251.579,56.479,2835,Fatima Kowalski,8/30/2024,Laptop,Electronic,UAE,Dubai,32.03,132.41,77.52,0.05,8.03,Credit Card,Retail,K. Haddad,USD
15651,1,1324.629,-59.281,1237,Sara Kowalski,4/6/2024,Keyboard,Electronic,UAE,Dubai,185.5,1471.81,1161.55,0.1,36.86,Cash,Online,A. Johnson,USD
15652,3,4181.6625,647.9025,2380,Luis Lopez,6/6/2023,Monitor,Gadgets,USA,New York,300.76,1467.25,1071.62,0.05,18.14,Bank Transfer,Direct,S. Rossi,EUR
15653,7,9575.3,-645.4,1430,John Rahmani,5/27/2025,Keyboard,Gadgets,Germany,Berlin,1831.11,1367.9,1195.5,0,21.09,PayPal,Retail,Unknown,USD
15654,1,468.424,95.844,2288,Mariam Smith,5/12/2023,Tablet,Electronic,USA,New York,49.16,585.53,302.33,0.2,21.09,Bank Transfer,Online,Unknown,USD
15655,7,2165.87,529.48,1741,Luis Rahmani,10/15/2024,Headphone,Electronic,USA,New York,0,309.41,227.98,0,40.53,Cash,Direct,S. Rossi,MAD
15656,5,6881.7,2668.68,2379,Ahmed Garcia,10/9/2024,Laptop,Tech,France,Paris,696.77,1376.34,698.4,0,24.25,Cash,Retail,Unknown,MAD
15657,6,6950.16,180.16,2664,Fatima Lopez,8/21/2024,Headphone,Tech,France,Paris,1197.98,1447.95,920.4,0.2,49.62,PayPal,Retail,Unknown,USD
15658,6,1562.448,-170.392,1790,Mariam Benali,6/21/2023,Headphone,Electronic,Morocco,Casablanca,86.11,325.51,272.51,0.2,11.67,PayPal,Partner,K. Haddad,USD
15659,3,1209.144,-76.766,2108,Ahmed Chen,1/13/2023,Tablet,Electronic,France,Paris,61.26,503.81,398.35,0.2,29.6,Crypto,Retail,S. Rossi,MAD
15660,4,4617.418,-53.862,1807,Leo Rossi,8/22/2024,Monitor,Tech,USA,New York,642.11,1215.11,1004.48,0.05,11.25,Credit Card,Online,K. Haddad,MAD
15661,5,2308.5475,719.9975,1613,Youssef Khan,10/5/2024,Laptop,Electronic,France,Paris,164.84,486.01,275.96,0.05,43.91,Crypto,Partner,K. Haddad,USD
15662,5,1863.045,616.425,1323,Sara Benali,12/18/2024,Keyboard,Gadgets,UAE,Dubai,126.33,392.22,219.84,0.05,21.09,Crypto,Retail,M. Lopez,USD
15663,3,1918.65,41.81,1296,Fatima Garcia,1/4/2023,Mouse,Electronic,Germany,Berlin,135.76,639.55,563.8,0,49.68,Bank Transfer,Online,Unknown,USD
15664,5,5234.13,1691.15,1165,Mariam Silva,9/11/2023,Monitor,Tech,UAE,Dubai,446.13,1163.14,614.22,0.1,25.75,Credit Card,Direct,S. Rossi,MAD
15665,6,2498.367,-262.263,2462,Lucas Smith,3/10/2024,Mouse,Electronic,Spain,Madrid,445.23,438.31,378.87,0.05,42.18,Credit Card,Online,M. Lopez,MAD
15666,7,1762.11,250.21,2820,Noah Haddad,1/26/2024,Laptop,Electronic,Morocco,Casablanca,331.08,251.73,166.43,0,15.81,Bank Transfer,Direct,Unknown,USD
15667,2,2411.478,217.728,1861,Emma Rahmani,2/10/2025,Keyboard,Electronic,Morocco,Casablanca,316.78,1339.71,927.94,0.1,21.09,Cash,Retail,Unknown,USD
15668,3,3134.5725,91.4325,1329,Ali Smith,5/22/2023,Phone,Electronic,Morocco,Casablanca,489.08,1099.85,840.1,0.05,33.76,Credit Card,Partner,L. Martin,EUR
15669,4,3107.232,-332.598,1910,Sofia Ibrahim,12/28/2023,Laptop,Electronic,France,Paris,321.8,971.01,769.34,0.2,40.67,Credit Card,Direct,M. Lopez,USD
15670,7,2603.104,-1237.216,2898,Luis Dubois,1/3/2024,Phone,Electronic,USA,New York,347.23,464.84,496,0.2,21.09,Crypto,Online,Unknown,USD
15671,4,104.44,12.79,1643,Luis Rossi,2/29/2024,Smartphone,Gadgets,France,Paris,11.22,26.11,15.97,0,16.55,Credit Card,Partner,S. Rossi,EUR
15672,7,4801.8985,2373.6585,1198,Lucas Rahmani,12/15/2024,Keyboard,Tech,USA,New York,357.27,722.09,294.29,0.05,10.94,Crypto,Online,A. Johnson,MAD
15673,5,4064.13,1451.08,1916,John Smith,1/31/2025,Phone,Tech,UAE,Dubai,311.19,903.14,456.7,0.1,18.36,Cash,Partner,Unknown,USD
15674,5,642.35,302.22,1601,John Haddad,3/13/2024,Headphone,Gadgets,France,Paris,61.19,128.47,52.13,0,18.29,Crypto,Partner,S. Rossi,EUR
15675,4,3743.672,865.082,1796,Sara Chen,6/1/2024,Headphone,Tech,France,Paris,386.82,1101.08,611.08,0.15,47.45,Crypto,Direct,A. Johnson,EUR
15676,3,2062.098,48.868,2999,Emma Kowalski,7/7/2023,Phone,Tech,Germany,Berlin,155.82,763.74,612.21,0.1,20.78,Credit Card,Retail,M. Lopez,MAD
15677,3,-3384.6,-7360.9,2908,Lucas Dubois,1/6/2025,Keyboard,Electronic,Morocco,Casablanca,540.05,-1410.25,1134.75,0.2,32,Cash,Partner,M. Lopez,EUR
15678,7,5676.2405,591.1505,2486,Youssef Kowalski,2/19/2025,Monitor,Tech,Germany,Berlin,408.79,853.57,667.24,0.05,5.62,PayPal,Partner,A. Johnson,USD
15679,6,8009.412,2986.692,1895,Noah Khan,4/27/2024,Keyboard,Tech,Germany,Berlin,1220.38,1405.16,626.08,0.05,45.86,Cash,Direct,L. Martin,USD
15680,5,1893.68,-225.33,2155,Luis Smith,9/20/2023,Smartphone,Electronic,UAE,Dubai,120.03,473.42,399.77,0.2,0.13,PayPal,Online,L. Martin,MAD
15681,2,581.3,219.54,1353,Luis Chen,9/8/2023,Mouse,Gadgets,UAE,Dubai,66.89,290.65,146.86,0,1.15,Credit Card,Partner,A. Johnson,MAD
15682,5,5932.6075,1161.1975,1913,Maria Dubois,7/19/2024,Keyboard,Tech,Morocco,Casablanca,836.56,1248.97,777.06,0.05,49.55,Crypto,Retail,A. Johnson,MAD
15683,1,260.797,-257.533,2062,Leo Kowalski,3/11/2024,Headphone,Tech,USA,New York,14.94,306.82,496,0.15,7.39,Credit Card,Partner,K. Haddad,USD
15684,2,1410.39,187.87,2790,Mariam Rahmani,1/21/2023,Laptop,Gadgets,USA,New York,217.25,783.55,502.14,0.1,0.99,Bank Transfer,Retail,L. Martin,MAD
15685,2,1758.905,627.225,2832,Ahmed Khan,12/11/2024,Tablet,Tech,UAE,Dubai,100.13,1034.65,496.58,0.15,38.39,Credit Card,Online,Unknown,USD
15686,4,1135.396,206.576,2505,Mariam Garcia,8/25/2024,Laptop,Tech,USA,New York,125.33,333.94,196.73,0.15,16.57,Cash,Partner,A. Johnson,USD
15687,5,1732.725,17.535,2213,John Rossi,4/10/2025,Mouse,Electronic,Morocco,Casablanca,339.25,385.05,271.62,0.1,17.84,Cash,Partner,A. Johnson,EUR
15688,3,2029.035,-180.445,2591,Sofia Lopez,8/1/2024,Phone,Gadgets,USA,New York,403.93,795.7,594.82,0.15,21.09,Cash,Retail,Unknown,MAD
15689,1,986.672,-5.508,1921,Fatima Kowalski,4/15/2023,Laptop,Tech,France,Paris,0,1233.34,972.59,0.2,19.59,Bank Transfer,Direct,S. Rossi,USD
15690,1,633.897,-102.463,1027,Ahmed Kowalski,10/15/2023,Keyboard,Tech,France,Paris,121.38,704.33,580.18,0.1,34.8,Bank Transfer,Partner,Unknown,EUR
15691,7,2117.843,388.373,1325,Emma Benali,3/26/2025,Mouse,Gadgets,France,Paris,283.85,355.94,204.89,0.15,11.39,Cash,Online,Unknown,USD
15692,4,1484.928,-218.102,2350,Lucas Smith,1/18/2025,Keyboard,Electronic,Morocco,Casablanca,185.25,464.04,374.64,0.2,19.22,Cash,Retail,S. Rossi,USD
15693,1,528.96,206.55,2219,Ali Chen,10/17/2023,Headphone,Electronic,Germany,Berlin,71.81,528.96,226.28,0,24.32,Bank Transfer,Partner,Unknown,USD
15694,6,5913.888,-669.072,2107,Ahmed Benali,2/5/2025,Laptop,Electronic,Germany,Berlin,322.79,1232.06,1038.41,0.2,29.71,Credit Card,Retail,Unknown,EUR
15695,3,2584.44,-657.36,2495,Youssef Khan,4/24/2025,Tablet,Tech,Morocco,Casablanca,505.19,1076.85,899.25,0.2,38.86,Cash,Retail,A. Johnson,MAD
15696,1,149.424,-21.426,1286,John Garcia,5/9/2024,Laptop,Tech,USA,New York,16.04,186.78,125.06,0.2,29.75,Crypto,Direct,K. Haddad,MAD
15697,7,3405.906,183.106,2993,Noah Dubois,9/14/2024,Tablet,Gadgets,USA,New York,455.67,540.62,390.59,0.1,33,PayPal,Retail,S. Rossi,USD
15698,1,1146.05,387.08,2968,Ahmed Ibrahim,8/12/2023,Laptop,Tech,Germany,Berlin,111.57,1146.05,606.07,0,41.33,Credit Card,Online,A. Johnson,USD
15699,7,1059.9925,297.0225,2020,Emma Rossi,6/8/2025,Laptop,Tech,Morocco,Casablanca,200.5,178.15,76.34,0.15,28.09,Bank Transfer,Online,M. Lopez,EUR
15700,4,4833.066,-371.544,1547,Leo Haddad,8/17/2023,Keyboard,Tech,USA,New York,538.76,1421.49,1156.52,0.15,39.77,Cash,Online,K. Haddad,EUR
15701,1,425.8415,11.2115,2001,Mariam Benali,9/7/2023,Smartphone,Gadgets,Germany,Berlin,56.45,500.99,320.55,0.15,37.63,Crypto,Partner,A. Johnson,USD
15702,1,425.36,-76.47,2350,John Silva,1/2/2024,Tablet,Electronic,France,Paris,67.39,531.7,429.01,0.2,5.43,Bank Transfer,Online,A. Johnson,USD
15703,3,1093.74,15.64,1252,Sofia Khan,1/8/2025,Monitor,Gadgets,Spain,Madrid,95.56,364.58,318.19,0,27.97,Crypto,Online,M. Lopez,EUR
15704,3,2423.208,-44.372,2505,Fatima Kowalski,8/19/2024,Mouse,Tech,USA,New York,347.89,1009.67,701.63,0.2,14.8,PayPal,Partner,Unknown,EUR
15705,3,752.949,-59.051,2298,Lucas Kowalski,8/17/2024,Tablet,Electronic,Germany,Berlin,91.2,278.87,234.63,0.1,16.91,Crypto,Retail,M. Lopez,USD
15706,3,1523.19,184.66,1805,Sofia Khan,3/8/2024,Laptop,Gadgets,France,Paris,194.46,507.73,370.19,0,33.5,Credit Card,Direct,L. Martin,MAD
15707,6,1497.105,-83.575,1179,Ahmed Silva,9/30/2024,Mouse,Gadgets,Morocco,Casablanca,225.03,293.55,219.43,0.15,39.07,Cash,Direct,L. Martin,USD
15708,4,1182.894,305.654,2433,Leo Silva,6/4/2023,Headphone,Electronic,France,Paris,191.57,347.91,159.86,0.15,46.23,Crypto,Partner,Unknown,MAD
15709,7,7257.4775,3761.1375,1772,Ahmed Khan,10/2/2024,Tablet,Electronic,USA,New York,0,1091.35,496,0.05,24.34,Cash,Online,A. Johnson,USD
15710,2,127.88,18.71,2923,John Kowalski,11/26/2024,Laptop,Electronic,France,Paris,22.18,63.94,33.77,0,19.45,Credit Card,Direct,Unknown,MAD
15711,5,1059.76,257.01,2208,Sara Haddad,8/10/2024,Phone,Tech,USA,New York,0,264.94,154.82,0.2,28.65,Bank Transfer,Retail,Unknown,USD
15712,6,8854.14,3522.64,2309,Sofia Chen,2/18/2024,Headphone,Tech,USA,New York,642.73,1475.69,777.14,0,25.93,PayPal,Online,A. Johnson,USD
15713,6,4892.022,1044.202,1306,Sara Rossi,7/15/2024,Keyboard,Electronic,Spain,Madrid,476.39,959.22,558.39,0.15,21.09,PayPal,Direct,L. Martin,USD
15714,6,1083.618,278.738,2564,Fatima Ibrahim,7/2/2023,Smartphone,Electronic,UAE,Dubai,150.23,200.67,101.72,0.1,44.33,PayPal,Retail,Unknown,EUR
15715,5,1521.27,404.34,1850,Emma Ibrahim,8/30/2024,Headphone,Gadgets,France,Paris,190.69,338.06,181.03,0.1,21.09,Credit Card,Online,M. Lopez,MAD
15716,7,4108.832,586.982,2299,Leo Benali,12/18/2023,Headphone,Tech,USA,New York,265.63,733.72,460.15,0.2,35.17,Cash,Online,M. Lopez,USD
15717,1,532.1595,-14.1405,1656,John Silva,9/5/2023,Phone,Tech,Spain,Madrid,52.54,626.07,472.68,0.15,21.08,Credit Card,Direct,S. Rossi,USD
15718,3,324.57,11.68,1219,Noah Rahmani,10/1/2024,Laptop,Tech,USA,New York,17.98,108.19,81.82,0,49.45,Cash,Partner,S. Rossi,USD
15719,7,1206.5095,144.6095,1823,Mariam Lopez,8/8/2023,Tablet,Gadgets,Morocco,Casablanca,167.86,181.43,126.48,0.05,8.68,Credit Card,Direct,Unknown,USD
15720,4,1039.448,201.578,2759,Luis Rahmani,2/23/2023,Keyboard,Electronic,USA,New York,57.01,305.72,186.1,0.15,36.46,Credit Card,Direct,Unknown,MAD
15721,2,1506.312,461.552,2735,Mariam Kowalski,7/30/2023,Phone,Tech,Morocco,Casablanca,143.55,836.84,440.06,0.1,21.09,Credit Card,Online,L. Martin,MAD
15722,5,2248.6975,350.1975,2268,Nora Rossi,5/30/2023,Monitor,Electronic,Morocco,Casablanca,363.27,473.41,299.68,0.05,36.83,PayPal,Partner,M. Lopez,EUR
15723,7,5159.469,437.089,2465,Youssef Chen,5/28/2023,Headphone,Tech,France,Paris,690.14,775.86,574.51,0.05,10.67,Cash,Partner,K. Haddad,MAD
15724,3,288.6,-1271.67,2593,Lucas Haddad,7/15/2023,Mouse,Tech,Morocco,Casablanca,31.5,96.2,496,0,40.77,Crypto,Partner,L. Martin,USD
15725,7,4330.179,1354.049,2584,Luis Lopez,9/9/2024,Keyboard,Electronic,France,Paris,0,687.33,424.22,0.1,6.59,Credit Card,Online,Unknown,MAD
15726,7,167.3735,22.7535,1856,Emma Rossi,11/5/2024,Headphone,Tech,USA,New York,12.79,28.13,12.75,0.15,42.58,Crypto,Direct,Unknown,USD
15727,5,183.15,-30.28,2518,Maria Garcia,5/9/2025,Keyboard,Tech,France,Paris,29.63,40.7,30.15,0.1,33.05,Credit Card,Partner,L. Martin,USD
15728,1,773.336,5.266,1409,Fatima Chen,1/7/2025,Keyboard,Electronic,USA,New York,144.64,966.67,587.1,0.2,36.33,Crypto,Retail,M. Lopez,USD
15729,4,260.678,37.738,2414,Nora Chen,11/24/2023,Keyboard,Electronic,Morocco,Casablanca,50.17,76.67,38.84,0.15,17.41,Credit Card,Partner,Unknown,USD
15730,2,387.9,-3.68,1185,Lucas Kowalski,4/22/2024,Headphone,Gadgets,Morocco,Casablanca,52.75,193.95,158.87,0,21.09,Credit Card,Retail,L. Martin,USD
15731,1,-686.7835,-1327.1735,1194,Leo Garcia,6/11/2025,Mouse,Electronic,UAE,Dubai,93.74,-722.93,520.95,0.05,25.7,PayPal,Partner,Unknown,USD
15732,3,2177.4,279.82,2633,Sara Ibrahim,11/6/2024,Phone,Tech,France,Paris,396.33,764,487.32,0.05,39.29,Credit Card,Retail,K. Haddad,MAD
15733,7,2386.881,722.641,1203,Sofia Benali,10/19/2024,Monitor,Tech,Spain,Madrid,232.93,378.87,201.46,0.1,21.09,Bank Transfer,Online,M. Lopez,USD
15734,7,7327.306,1160.526,1526,Youssef Benali,1/19/2024,Laptop,Electronic,France,Paris,1294.04,1231.48,694.01,0.15,14.67,PayPal,Online,Unknown,USD
15735,2,1591.362,455.062,1495,Ahmed Haddad,10/22/2024,Laptop,Tech,France,Paris,316.51,884.09,386.63,0.1,46.53,Credit Card,Retail,A. Johnson,MAD
15736,4,2699.77,-530.81,2377,Emma Rossi,8/25/2023,Smartphone,Tech,UAE,Dubai,452.14,794.05,686.77,0.15,31.36,PayPal,Partner,Unknown,MAD
15737,4,273.98,77.93,1566,Lucas Kowalski,9/21/2024,Monitor,Gadgets,France,Paris,23.76,72.1,37.47,0.05,22.41,Bank Transfer,Partner,M. Lopez,USD
15738,2,1698.82,588.06,1850,Fatima Chen,3/16/2024,Tablet,Tech,Morocco,Casablanca,202.51,849.41,436.76,0,34.73,Credit Card,Online,M. Lopez,USD
15739,6,6607.926,2308.986,1153,Sara Lopez,9/11/2024,Monitor,Gadgets,Germany,Berlin,635.55,1223.69,607.05,0.1,21.09,PayPal,Direct,S. Rossi,USD
15740,4,1044.544,279.154,2078,Lucas Lopez,2/17/2025,Headphone,Tech,Spain,Madrid,130.47,274.88,156.07,0.05,10.64,Credit Card,Online,Unknown,USD
15741,1,197.5905,-16.8895,2683,Nora Chen,11/15/2024,Keyboard,Electronic,USA,New York,39.32,207.99,128.13,0.05,47.03,PayPal,Partner,M. Lopez,USD
15742,5,3643.8675,1075.2675,1086,Emma Silva,6/12/2025,Keyboard,Gadgets,USA,New York,199.74,767.13,469.59,0.05,20.91,Credit Card,Online,K. Haddad,EUR
15743,4,2032.776,952.466,2031,Ahmed Khan,11/14/2023,Smartphone,Tech,USA,New York,123.64,564.66,233.86,0.1,21.23,Bank Transfer,Retail,Unknown,USD
15744,4,957.134,289.234,1968,Sofia Kowalski,1/29/2025,Tablet,Tech,Morocco,Casablanca,182.4,281.51,121.25,0.15,0.5,Crypto,Online,M. Lopez,USD
15745,7,6597.416,2297.686,2599,Fatima Kowalski,2/14/2025,Headphone,Gadgets,Morocco,Casablanca,487.08,1178.11,539.24,0.2,37.97,Crypto,Partner,Unknown,USD
15746,4,2591.904,351.254,1605,Maria Chen,4/14/2025,Headphone,Gadgets,Morocco,Casablanca,422.78,809.97,447.17,0.2,29.19,Credit Card,Direct,S. Rossi,USD
15747,3,1202.634,208.484,2925,Mariam Benali,7/30/2024,Tablet,Tech,Morocco,Casablanca,116.86,445.42,285.4,0.1,21.09,Credit Card,Online,A. Johnson,USD
15748,6,-3877.008,-7270.168,1270,Noah Rahmani,4/28/2024,Monitor,Gadgets,France,Paris,617.17,-807.71,459.15,0.2,21.09,Credit Card,Online,S. Rossi,USD
15749,4,192.512,-94.088,2530,Emma Benali,1/7/2025,Tablet,Electronic,USA,New York,29.38,60.16,51.94,0.2,49.46,Credit Card,Direct,K. Haddad,USD
15750,2,2350.59,-114.45,1242,Ahmed Dubois,12/3/2023,Tablet,Tech,USA,New York,335.63,1382.7,1059.89,0.15,9.63,Credit Card,Online,S. Rossi,MAD
15751,1,203.704,0.364,2521,Noah Chen,2/25/2025,Monitor,Tech,Morocco,Casablanca,21.09,254.63,161.16,0.2,21.09,Credit Card,Online,K. Haddad,MAD
15752,1,1163.826,348.306,2362,Luis Benali,2/16/2024,Tablet,Tech,USA,New York,224.3,1293.14,548.04,0.1,43.18,Bank Transfer,Online,K. Haddad,EUR
15753,1,641.4355,9.5055,1741,Emma Ibrahim,4/23/2025,Headphone,Tech,USA,New York,126.36,754.63,483.35,0.15,22.22,PayPal,Online,A. Johnson,MAD
15754,5,5662.615,1736.945,2537,Ali Chen,12/2/2023,Monitor,Electronic,UAE,Dubai,1103.06,1332.38,557.99,0.15,32.66,Crypto,Retail,A. Johnson,MAD
15755,2,1979.497,405.987,2633,Maria Silva,8/10/2024,Mouse,Tech,France,Paris,389.8,1164.41,586.97,0.15,9.77,Crypto,Direct,Unknown,MAD
15756,5,7128.55,2118.38,1736,Ali Rossi,2/5/2025,Headphone,Tech,UAE,Dubai,1188.7,1425.71,758.49,0,29.02,Bank Transfer,Partner,L. Martin,EUR
15757,2,305.473,-719.107,2067,Mariam Silva,3/28/2024,Headphone,Electronic,France,Paris,21.18,179.69,496,0.15,11.4,Bank Transfer,Online,Unknown,USD
15758,5,6011.1,2494.78,1266,Noah Benali,12/31/2024,Tablet,Electronic,France,Paris,1013.6,1335.8,496,0.1,22.72,Credit Card,Direct,S. Rossi,EUR
15759,6,6059.514,960.004,1721,Emma Rahmani,1/7/2023,Headphone,Tech,Morocco,Casablanca,605.36,1188.14,742.51,0.15,39.09,Credit Card,Direct,M. Lopez,EUR
15760,3,2493.672,-40.718,1741,Youssef Smith,2/2/2025,Monitor,Electronic,USA,New York,385.53,1039.03,711.09,0.2,15.59,Cash,Online,S. Rossi,EUR
15761,7,2147.544,-232.266,1027,Leo Haddad,5/26/2025,Headphone,Electronic,France,Paris,359.61,383.49,281.53,0.2,49.49,Bank Transfer,Direct,A. Johnson,MAD
15762,1,1111.734,503.484,2269,Lucas Silva,4/15/2025,Tablet,Tech,UAE,Dubai,61.46,1235.26,525.7,0.1,21.09,Crypto,Direct,M. Lopez,USD
15763,7,5385.9015,745.5415,1020,Sofia Khan,9/27/2024,Phone,Electronic,Spain,Madrid,651.08,809.91,564.55,0.05,37.43,Bank Transfer,Retail,S. Rossi,MAD
15764,1,495.144,161.354,1379,Nora Lopez,1/31/2024,Headphone,Gadgets,USA,New York,48.42,618.93,257.52,0.2,27.85,Credit Card,Direct,A. Johnson,USD
15765,6,1972.188,-1329.292,1775,Mariam Silva,6/12/2025,Keyboard,Gadgets,France,Paris,320.68,365.22,496,0.1,4.8,Credit Card,Retail,K. Haddad,USD
15766,4,2794.392,125.742,1223,John Dubois,8/23/2024,Phone,Electronic,Germany,Berlin,412.08,821.88,555.03,0.15,36.45,Cash,Direct,M. Lopez,MAD
15767,1,382.023,162.863,2721,Mariam Garcia,3/19/2024,Headphone,Electronic,Morocco,Casablanca,47.91,424.47,171.08,0.1,0.17,PayPal,Online,Unknown,MAD
15768,6,1110.96,-3.45,2687,Ali Khan,11/8/2024,Mouse,Tech,Morocco,Casablanca,69.48,231.45,170.73,0.2,20.55,PayPal,Retail,K. Haddad,MAD
15769,7,6125.336,1493.266,1290,Ahmed Lopez,3/8/2025,Keyboard,Electronic,USA,New York,474.52,1093.81,592.78,0.2,8.09,Cash,Retail,L. Martin,USD
15770,1,420.37,146.96,1186,Noah Khan,2/25/2024,Phone,Electronic,Germany,Berlin,73.85,420.37,193.82,0,5.74,Cash,Retail,Unknown,MAD
15771,6,5838.264,2349.104,1834,Ali Haddad,8/20/2023,Phone,Tech,UAE,Dubai,508.64,1081.16,496,0.1,4.52,Bank Transfer,Direct,Unknown,MAD
15772,5,4463.28,1459.83,2751,Mariam Haddad,4/5/2025,Keyboard,Tech,UAE,Dubai,468.75,1115.82,499.5,0.2,37.2,Credit Card,Direct,Unknown,USD
15773,5,694.355,12.295,2323,Youssef Chen,8/6/2024,Keyboard,Electronic,UAE,Dubai,87.35,146.18,109.26,0.05,48.41,Cash,Direct,K. Haddad,USD
15774,1,770.508,-87.382,2827,Luis Rossi,3/22/2025,Smartphone,Tech,UAE,Dubai,77.39,856.12,768.31,0.1,12.19,Credit Card,Retail,A. Johnson,USD
15775,6,6751.38,-5.54,2845,Mariam Ibrahim,9/29/2024,Monitor,Tech,UAE,Dubai,963.6,1323.8,958.8,0.15,40.52,Bank Transfer,Online,Unknown,USD
15776,7,996.702,144.742,1597,Maria Smith,10/1/2023,Tablet,Tech,USA,New York,170.12,149.88,96.91,0.05,3.47,Credit Card,Online,S. Rossi,USD
15777,6,4743.504,-321.356,2156,Nora Garcia,5/5/2025,Monitor,Tech,France,Paris,518.4,988.23,757.47,0.2,1.64,PayPal,Direct,Unknown,USD
15778,4,2108.884,-382.936,2256,Leo Rahmani,6/11/2023,Smartphone,Gadgets,USA,New York,347.24,620.26,533.54,0.15,10.42,Credit Card,Retail,K. Haddad,USD
15779,3,559.2405,49.0105,2385,Youssef Benali,7/27/2023,Laptop,Gadgets,UAE,Dubai,85.57,219.31,126.78,0.15,44.32,Crypto,Online,Unknown,EUR
15780,6,2430.423,1010.663,1292,Fatima Silva,3/11/2024,Keyboard,Tech,USA,New York,146.43,426.39,208.96,0.05,19.57,Crypto,Retail,Unknown,USD
15781,2,2626.32,-158.5,2283,John Garcia,3/28/2025,Keyboard,Electronic,USA,New York,463.11,1313.16,1152.68,0,16.35,Cash,Online,Unknown,USD
15782,6,790.398,-22.332,1348,Emma Khan,4/15/2024,Laptop,Tech,USA,New York,72.24,146.37,118.27,0.1,30.87,Credit Card,Online,L. Martin,MAD
15783,2,1695.84,-172.05,1654,Mariam Ibrahim,3/23/2025,Headphone,Tech,Spain,Madrid,171.85,1059.9,837.31,0.2,21.42,Credit Card,Partner,S. Rossi,MAD
15784,5,3297.49,345.57,2318,Luis Kowalski,5/9/2023,Mouse,Electronic,UAE,Dubai,207.3,775.88,548.12,0.15,4.02,Crypto,Online,M. Lopez,MAD
15785,7,8871.1,1691.48,1237,Mariam Lopez,3/6/2025,Laptop,Electronic,France,Paris,912.86,1334,888.39,0.05,48.03,Crypto,Partner,L. Martin,USD
15786,5,6526.35,1685.75,2070,Ali Rossi,8/28/2024,Smartphone,Gadgets,Morocco,Casablanca,0,1305.27,964.94,0,15.9,Bank Transfer,Retail,Unknown,USD
15787,6,777.492,-26.358,1124,Emma Rossi,7/31/2023,Headphone,Tech,UAE,Dubai,142.64,143.98,107.91,0.1,13.75,Credit Card,Online,S. Rossi,USD
15788,2,1466.37,394.37,2321,Luis Haddad,10/6/2023,Phone,Electronic,Spain,Madrid,136.35,814.65,462.83,0.1,9.99,Crypto,Direct,S. Rossi,USD
15789,6,860.814,217.004,1473,Mariam Smith,4/22/2023,Mouse,Electronic,France,Paris,74.63,151.02,92.78,0.05,12.5,Crypto,Partner,A. Johnson,EUR
15790,4,1197.988,197.108,2108,Noah Kowalski,1/7/2024,Monitor,Electronic,France,Paris,97.71,315.26,220.52,0.05,21.09,Credit Card,Partner,L. Martin,EUR
15791,3,3412.827,-616.853,1014,Mariam Benali,3/23/2025,Phone,Tech,Spain,Madrid,647.03,1264.01,1119.63,0.1,23.76,Credit Card,Online,L. Martin,USD
15792,2,2016.46,728.51,1154,Fatima Ibrahim,3/27/2025,Headphone,Electronic,Spain,Madrid,251.08,1008.23,517.48,0,1.91,Cash,Online,A. Johnson,EUR
15793,5,7227.7,1584.06,2282,Youssef Rahmani,7/2/2024,Headphone,Electronic,Morocco,Casablanca,545.1,1445.54,1015.49,0,21.09,Crypto,Online,K. Haddad,USD
15794,6,1239.81,196.36,1983,Nora Khan,12/25/2024,Headphone,Tech,USA,New York,200.4,243.1,132.85,0.15,45.95,PayPal,Online,L. Martin,USD
15795,6,8383.845,225.645,2673,Sofia Smith,7/14/2024,Tablet,Electronic,France,Paris,1675.61,1470.85,1078.48,0.05,11.71,Cash,Online,Unknown,USD
15796,2,1251.968,-5.682,1297,Sofia Rossi,3/21/2023,Mouse,Tech,France,Paris,135.32,782.48,550.12,0.2,22.09,Credit Card,Direct,A. Johnson,USD
15797,4,1064.844,-22.366,1678,Fatima Benali,9/7/2024,Phone,Gadgets,USA,New York,114.04,295.79,238.02,0.1,21.09,Credit Card,Online,S. Rossi,USD
15798,2,869.13,300.44,1803,Sofia Ibrahim,5/4/2025,Monitor,Electronic,USA,New York,119.77,482.85,220.45,0.1,8.02,Credit Card,Online,S. Rossi,USD
15799,6,6185.07,2608.88,1516,Youssef Silva,1/28/2023,Mouse,Gadgets,Germany,Berlin,828.25,1085.1,450.47,0.05,45.12,Cash,Direct,S. Rossi,EUR
15800,7,9785.93,4694.79,2754,Maria Rossi,10/25/2024,Tablet,Tech,USA,New York,1134.51,1397.99,562.22,0,21.09,Credit Card,Online,K. Haddad,USD
15801,1,1272.9905,141.8205,2069,Lucas Chen,5/29/2023,Monitor,Tech,Germany,Berlin,152.4,1339.99,962.9,0.05,15.87,Cash,Direct,M. Lopez,USD
15802,2,48.688,-18.772,2601,Ali Benali,10/29/2023,Phone,Tech,Morocco,Casablanca,7.13,28.64,19.62,0.15,21.09,PayPal,Retail,K. Haddad,USD
15803,6,5307.111,-131.049,1996,Sofia Silva,3/12/2024,Laptop,Gadgets,UAE,Dubai,444.11,1040.61,824.98,0.15,44.17,Cash,Direct,M. Lopez,USD
15804,2,411.008,-71.362,1869,Nora Garcia,2/7/2025,Tablet,Tech,Germany,Berlin,25.31,256.88,208.91,0.2,39.24,PayPal,Retail,L. Martin,EUR
15805,6,2687.445,333.135,1714,Ali Rahmani,8/28/2023,Mouse,Electronic,Morocco,Casablanca,0,526.95,388.87,0.15,21.09,Credit Card,Online,Unknown,MAD
15806,3,3279.48,879.71,2551,Sofia Dubois,1/22/2025,Tablet,Gadgets,UAE,Dubai,573.52,1093.16,601.72,0,21.09,Cash,Partner,A. Johnson,MAD
15807,4,4653.856,490.176,1408,Maria Dubois,3/16/2024,Mouse,Electronic,France,Paris,272.83,1454.33,968.82,0.2,15.57,Credit Card,Online,M. Lopez,EUR
15808,5,3076.7175,-262.9125,2860,Lucas Silva,10/12/2024,Headphone,Tech,France,Paris,457.26,647.73,573.46,0.05,15.07,Cash,Online,M. Lopez,USD
15809,4,5153.142,-83.608,2985,Sofia Kowalski,6/13/2025,Mouse,Electronic,USA,New York,818.75,1356.09,1103.86,0.05,2.56,Crypto,Direct,Unknown,USD
15810,7,6563.62,2417.65,1959,John Smith,7/19/2024,Laptop,Tech,Spain,Madrid,437.77,937.66,524.62,0,35.86,Bank Transfer,Retail,S. Rossi,EUR
15811,4,2071.892,648.022,1287,Emma Chen,1/12/2023,Tablet,Electronic,UAE,Dubai,284.87,609.38,272.55,0.15,48.8,PayPal,Online,M. Lopez,USD
15812,7,4939.55,645.53,2068,Leo Dubois,6/29/2024,Mouse,Gadgets,Germany,Berlin,823.09,705.65,494.69,0,8.1,Bank Transfer,Partner,Unknown,EUR
15813,1,1284.0105,375.4005,1220,John Garcia,11/30/2023,Headphone,Gadgets,Morocco,Casablanca,176.87,1351.59,700.29,0.05,31.45,Credit Card,Partner,L. Martin,USD
15814,3,931.779,187.599,1209,Leo Smith,4/28/2025,Tablet,Tech,USA,New York,127.15,326.94,197.59,0.05,24.26,Credit Card,Online,K. Haddad,MAD
15815,4,4242.144,-162.546,2217,Nora Rahmani,1/9/2023,Keyboard,Tech,Morocco,Casablanca,842.13,1325.67,883.31,0.2,29.32,Bank Transfer,Partner,Unknown,USD
15816,4,3040.164,541.304,1647,Noah Smith,3/30/2025,Laptop,Electronic,Germany,Berlin,283.48,844.49,552.79,0.1,4.22,Credit Card,Online,L. Martin,EUR
15817,5,3745.04,1810.23,1289,Luis Benali,8/2/2023,Tablet,Tech,Germany,Berlin,0,936.26,384.66,0.2,11.51,Credit Card,Retail,S. Rossi,MAD
15818,1,1033.049,223.129,2734,Lucas Rossi,2/10/2025,Laptop,Tech,USA,New York,202.79,1087.42,596.83,0.05,10.3,PayPal,Retail,L. Martin,EUR
15819,3,242.5065,-12.8435,1339,Nora Benali,3/21/2024,Smartphone,Tech,Morocco,Casablanca,15.56,85.09,68.95,0.05,32.94,Bank Transfer,Retail,K. Haddad,MAD
15820,6,6064.794,-5.876,1377,Noah Kowalski,4/14/2023,Monitor,Tech,Morocco,Casablanca,827.08,1123.11,871.5,0.1,14.59,Crypto,Partner,K. Haddad,USD
15821,7,7981.463,2395.293,2051,Noah Lopez,4/17/2023,Keyboard,Electronic,UAE,Dubai,770.32,1200.22,686.45,0.05,10.7,Credit Card,Direct,M. Lopez,USD
15822,4,1641.88,588.38,1105,Nora Dubois,2/20/2024,Laptop,Tech,France,Paris,180.41,410.47,213,0,21.09,Credit Card,Retail,Unknown,USD
15823,7,1272.677,445.637,2000,Sara Haddad,12/26/2023,Monitor,Gadgets,USA,New York,110.49,191.38,95.31,0.05,49.38,Crypto,Online,K. Haddad,USD
15824,2,412.28,147.35,1070,Ali Garcia,3/2/2023,Phone,Electronic,USA,New York,57.77,206.14,86.68,0,33.8,Credit Card,Retail,Unknown,MAD
15825,2,1139.145,69.795,1697,Sofia Silva,12/21/2024,Phone,Tech,Morocco,Casablanca,215.72,599.55,403.37,0.05,46.89,Credit Card,Online,M. Lopez,EUR
15826,7,8318.016,2837.006,1529,Sofia Garcia,10/17/2023,Keyboard,Tech,USA,New York,809.2,1320.32,662.19,0.1,36.48,Credit Card,Direct,K. Haddad,USD
15827,4,4527.216,-807.274,2650,Fatima Benali,2/20/2025,Tablet,Tech,UAE,Dubai,840.7,1257.56,1113.13,0.1,41.27,Credit Card,Direct,S. Rossi,USD
15828,3,1436.589,61.629,1152,Sofia Rahmani,10/28/2023,Tablet,Gadgets,UAE,Dubai,284.8,532.07,349.9,0.1,40.46,PayPal,Direct,K. Haddad,USD
15829,2,487.577,149.527,1080,Sofia Rahmani,12/21/2023,Tablet,Electronic,USA,New York,85.84,286.81,121.72,0.15,8.77,Crypto,Online,S. Rossi,USD
15830,7,6956.32,1572.25,2611,Youssef Smith,12/31/2024,Headphone,Electronic,USA,New York,1100.18,1242.2,606.57,0.2,37.9,Bank Transfer,Partner,M. Lopez,EUR
15831,1,123.8535,-29.5965,2161,Sara Kowalski,8/18/2023,Keyboard,Gadgets,France,Paris,20.62,145.71,117.45,0.15,15.38,Cash,Retail,A. Johnson,MAD
15832,5,576.045,164.175,1644,Sofia Garcia,6/10/2024,Tablet,Tech,UAE,Dubai,94.46,128.01,62.7,0.1,3.91,Credit Card,Direct,K. Haddad,USD
15833,7,594.72,220.81,1468,Leo Ibrahim,10/25/2024,Monitor,Electronic,USA,New York,75.39,94.4,39.91,0.1,19.15,Bank Transfer,Retail,K. Haddad,EUR
15834,2,1357.04,163.22,2683,John Benali,4/13/2025,Headphone,Electronic,Spain,Madrid,227.07,678.52,472.95,0,20.85,PayPal,Online,A. Johnson,EUR
15835,7,9165.0965,2066.6265,1155,Lucas Benali,4/27/2023,Laptop,Tech,UAE,Dubai,1694.38,1378.21,769,0.05,21.09,PayPal,Partner,S. Rossi,MAD
15836,3,82.02,-42.69,1418,Emma Khan,1/22/2023,Mouse,Electronic,France,Paris,15.35,27.34,22.1,0,43.06,Bank Transfer,Online,S. Rossi,USD
15837,1,1177.777,148.697,1904,Luis Dubois,6/28/2023,Keyboard,Tech,France,Paris,99.73,1385.62,886.5,0.15,42.85,Credit Card,Direct,Unknown,MAD
15838,5,4264.65,584.24,1356,Nora Ibrahim,6/16/2023,Smartphone,Electronic,Germany,Berlin,619.65,947.7,603.34,0.1,44.06,Cash,Partner,L. Martin,MAD
15839,2,1426.691,369.001,1573,Leo Silva,10/28/2024,Monitor,Gadgets,Morocco,Casablanca,226.23,750.89,391.63,0.05,48.2,Credit Card,Direct,Unknown,MAD
15840,1,765.43,55.51,2707,Ahmed Smith,1/19/2024,Phone,Gadgets,France,Paris,57.08,765.43,609.45,0,43.39,Crypto,Partner,Unknown,MAD
15841,7,9031.8305,1248.0905,2439,Mariam Chen,8/19/2024,Monitor,Tech,Spain,Madrid,1474.39,1358.17,896.95,0.05,30.7,Bank Transfer,Direct,K. Haddad,USD
15842,4,2012.868,348.858,2521,Youssef Khan,11/26/2023,Laptop,Tech,Morocco,Casablanca,363.92,592.02,319.75,0.15,21.09,Cash,Retail,Unknown,USD
15843,5,5260.92,-61.4,2858,Luis Lopez,6/13/2023,Keyboard,Tech,Germany,Berlin,753.19,1315.23,910.31,0.2,17.58,Cash,Direct,M. Lopez,USD
15844,4,2088.79,-41.11,1988,Ahmed Garcia,11/27/2024,Keyboard,Electronic,USA,New York,344.33,614.35,441.12,0.15,21.09,Bank Transfer,Retail,K. Haddad,USD
15845,7,2415.679,499.829,1487,Maria Khan,6/19/2023,Keyboard,Tech,Spain,Madrid,334.74,363.26,222.86,0.05,21.09,Credit Card,Direct,S. Rossi,USD
15846,6,3971.052,-239.748,2605,Noah Benali,10/19/2023,Phone,Electronic,Germany,Berlin,234.95,735.38,660.6,0.1,12.25,Credit Card,Online,M. Lopez,USD
15847,6,5895.18,1216.43,1926,Luis Lopez,11/5/2023,Monitor,Tech,USA,New York,387.13,1091.7,710.27,0.1,30,Bank Transfer,Direct,K. Haddad,MAD
15848,5,4136.625,-124.505,2519,Luis Silva,7/4/2023,Headphone,Electronic,France,Paris,420.15,919.25,763.68,0.1,22.58,PayPal,Online,L. Martin,USD
15849,1,37.485,-2.305,2751,Noah Garcia,5/15/2025,Phone,Electronic,USA,New York,6.18,41.65,21.66,0.1,11.95,Credit Card,Online,L. Martin,USD
15850,3,722.619,116.489,1877,Lucas Smith,1/21/2025,Smartphone,Electronic,Morocco,Casablanca,62.94,283.38,177.33,0.15,11.2,PayPal,Online,Unknown,USD
15851,5,5404.635,925.805,2720,Emma Rahmani,10/27/2024,Laptop,Electronic,USA,New York,793.15,1201.03,728.93,0.1,41.03,Credit Card,Online,A. Johnson,USD
15852,1,459.387,97.387,1617,Sofia Lopez,12/27/2024,Phone,Electronic,Morocco,Casablanca,26.43,510.43,293.58,0.1,41.99,Bank Transfer,Online,M. Lopez,MAD
15853,4,670.966,-107.064,2773,Maria Lopez,3/5/2023,Monitor,Electronic,UAE,Dubai,124.2,176.57,155.2,0.05,33.03,Credit Card,Direct,L. Martin,MAD
15854,2,1857.564,822.954,1038,Sara Kowalski,3/10/2023,Smartphone,Tech,Germany,Berlin,0,1031.98,498.24,0.1,38.13,Credit Card,Online,L. Martin,EUR
15855,6,3517.215,-40.075,1420,Leo Lopez,8/16/2023,Keyboard,Tech,USA,New York,511.95,689.65,506.19,0.15,8.2,PayPal,Partner,L. Martin,USD
15856,6,2457.936,690.656,1135,Nora Rahmani,11/21/2023,Tablet,Electronic,USA,New York,367.27,512.07,230.73,0.2,15.63,Credit Card,Retail,L. Martin,USD
15857,7,3250.912,-615.458,1538,John Rossi,1/11/2025,Keyboard,Gadgets,Morocco,Casablanca,243.85,580.52,514.49,0.2,21.09,Cash,Online,K. Haddad,USD
15858,3,679.617,117.237,1538,Ali Lopez,10/30/2023,Keyboard,Gadgets,Germany,Berlin,46.76,251.71,159.45,0.1,37.27,PayPal,Direct,S. Rossi,MAD
15859,2,1103.657,514.997,1665,Mariam Silva,10/26/2023,Laptop,Tech,France,Paris,0,649.21,280.82,0.15,27.02,Credit Card,Online,L. Martin,MAD
15860,6,6609.345,483.755,1948,Luis Silva,5/18/2024,Keyboard,Tech,France,Paris,472.11,1295.95,941.86,0.15,2.32,Bank Transfer,Online,M. Lopez,USD
15861,3,1818.711,264.411,2250,Fatima Benali,1/26/2024,Phone,Tech,USA,New York,173.05,713.22,460.22,0.15,0.59,PayPal,Direct,L. Martin,EUR
15862,4,1077.834,311.834,2814,Leo Dubois,5/7/2023,Mouse,Tech,Spain,Madrid,72.8,317.01,166.7,0.15,26.4,Bank Transfer,Direct,M. Lopez,USD
15863,3,1579.185,277.285,2391,Luis Smith,1/20/2024,Smartphone,Gadgets,Morocco,Casablanca,187.82,554.1,355.75,0.05,46.83,Bank Transfer,Retail,M. Lopez,MAD
15864,6,8779.56,2083.32,2108,Sofia Chen,12/25/2023,Smartphone,Gadgets,France,Paris,1692.37,1463.26,830.33,0,21.89,Bank Transfer,Online,A. Johnson,MAD
15865,7,7738.57,738.71,2998,Sara Smith,10/30/2023,Mouse,Electronic,UAE,Dubai,1030.56,1300.6,851.83,0.15,6.49,Cash,Online,A. Johnson,EUR
15866,1,33.473,-22.807,2163,Maria Haddad,10/2/2024,Phone,Tech,USA,New York,3.82,39.38,19.25,0.15,33.21,Cash,Online,Unknown,USD
15867,5,7313.5,1350.31,2187,Youssef Chen,6/11/2025,Phone,Gadgets,Morocco,Casablanca,1080.32,1462.7,970.76,0,29.07,Bank Transfer,Partner,Unknown,USD
15868,2,1439.526,425.626,2266,Lucas Haddad,5/2/2024,Tablet,Tech,Morocco,Casablanca,188.24,846.78,400.99,0.15,23.68,PayPal,Online,Unknown,EUR
15869,6,7781.127,603.487,2216,Maria Lopez,6/1/2025,Keyboard,Tech,USA,New York,1303.21,1365.11,977.46,0.05,9.67,Crypto,Partner,Unknown,USD
15870,6,1309.782,-171.428,2063,Leo Rossi,2/3/2023,Keyboard,Tech,UAE,Dubai,216.8,256.82,208.29,0.15,14.67,Credit Card,Online,Unknown,EUR
15871,2,1939.44,557.55,2764,Lucas Ibrahim,6/10/2025,Headphone,Tech,Germany,Berlin,303.12,969.72,536.65,0,5.47,Cash,Partner,M. Lopez,MAD
15872,6,6251.28,1944.53,1847,Fatima Silva,2/15/2025,Headphone,Tech,Spain,Madrid,808.42,1041.88,579.54,0,21.09,Crypto,Retail,L. Martin,USD
15873,5,915.99,332.4,1246,Emma Haddad,6/26/2023,Laptop,Gadgets,UAE,Dubai,72.25,192.84,98.05,0.05,21.09,PayPal,Partner,K. Haddad,EUR
15874,3,846.1155,-45.5045,2333,Nora Garcia,9/30/2024,Laptop,Tech,USA,New York,118.42,331.81,241.46,0.15,48.82,Bank Transfer,Online,S. Rossi,USD
15875,7,2607.528,777.178,1546,John Ibrahim,10/7/2024,Phone,Electronic,Morocco,Casablanca,211.56,438.24,224.45,0.15,47.64,Crypto,Retail,L. Martin,MAD
15876,4,3615.56,832.18,1909,Noah Rahmani,10/20/2024,Headphone,Tech,Germany,Berlin,467.72,903.89,577.11,0,7.22,Credit Card,Retail,A. Johnson,USD
15877,3,1219.008,-310.662,1333,Mariam Garcia,10/25/2024,Headphone,Gadgets,Germany,Berlin,230.57,507.92,417.38,0.2,46.96,Crypto,Partner,S. Rossi,USD
15878,7,4679.2725,25.5325,1585,Fatima Rahmani,11/2/2024,Smartphone,Tech,Spain,Madrid,862.76,703.65,536.63,0.05,34.57,Bank Transfer,Retail,L. Martin,EUR
15879,1,273.357,-2.493,1575,Mariam Silva,12/21/2024,Mouse,Tech,Morocco,Casablanca,15.22,303.73,225.75,0.1,34.88,Credit Card,Online,L. Martin,EUR
15880,5,110.12,-10.97,2451,Maria Rahmani,7/3/2024,Headphone,Tech,Morocco,Casablanca,15.95,27.53,15.19,0.2,29.19,Credit Card,Retail,M. Lopez,MAD
15881,2,1222.7,117,2871,Sofia Chen,11/14/2023,Laptop,Gadgets,Morocco,Casablanca,100.91,611.35,483.67,0,37.45,Credit Card,Partner,S. Rossi,MAD
15882,5,2149.2,-317.6,1157,Luis Dubois,11/26/2023,Phone,Tech,USA,New York,270.91,537.3,434.96,0.2,21.09,Credit Card,Partner,L. Martin,USD
15883,6,5671.149,1151.079,1457,Luis Haddad,3/30/2025,Headphone,Electronic,Germany,Berlin,800.86,1111.99,618.31,0.15,9.35,Credit Card,Online,S. Rossi,USD
15884,4,3227.508,-114.342,2937,John Silva,6/16/2025,Laptop,Tech,Germany,Berlin,177.39,896.53,787.53,0.1,14.34,Credit Card,Online,S. Rossi,USD
15885,4,2406.28,35.91,2670,Sara Benali,9/22/2023,Tablet,Gadgets,Morocco,Casablanca,227.12,601.57,532.91,0,11.61,PayPal,Online,M. Lopez,MAD
15886,5,5076.37,556.46,2858,Lucas Lopez,2/12/2023,Tablet,Gadgets,France,Paris,595.08,1194.44,783.12,0.15,9.23,Cash,Direct,K. Haddad,USD
15887,1,290.4055,75.3755,1763,Lucas Silva,10/6/2023,Tablet,Tech,USA,New York,18.03,305.69,184.78,0.05,12.22,Credit Card,Online,M. Lopez,EUR
15888,5,6040.3975,1893.9975,1818,Mariam Haddad,6/4/2023,Phone,Tech,USA,New York,759.63,1421.27,667.92,0.15,47.17,Credit Card,Online,S. Rossi,EUR
15889,2,1517.556,37.936,1164,Nora Haddad,1/15/2025,Headphone,Electronic,Spain,Madrid,274.53,892.68,592,0.15,21.09,Cash,Partner,Unknown,USD
15890,7,6224.176,1667.206,2900,John Khan,5/8/2024,Mouse,Electronic,Morocco,Casablanca,1056.56,1046.08,496,0.15,28.41,Credit Card,Online,Unknown,MAD
15891,2,650.864,-61.396,2075,Nora Rahmani,8/10/2023,Tablet,Tech,France,Paris,110.88,342.56,281.74,0.05,37.9,Cash,Online,M. Lopez,EUR
15892,5,2281.4,-671.94,2673,Luis Rahmani,2/5/2023,Headphone,Tech,UAE,Dubai,437.22,570.35,497.74,0.2,27.42,Credit Card,Partner,L. Martin,USD
15893,7,3093.1075,-111.3625,1676,Sofia Haddad,7/19/2023,Mouse,Tech,Morocco,Casablanca,225.94,519.85,425.2,0.15,2.13,PayPal,Direct,Unknown,EUR
15894,5,3594.06,391.49,2257,Sara Chen,4/17/2023,Monitor,Electronic,USA,New York,681.78,798.68,496,0.1,40.79,Crypto,Retail,A. Johnson,EUR
15895,1,684.7005,68.6005,2283,Leo Chen,1/4/2024,Smartphone,Gadgets,Morocco,Casablanca,52.17,805.53,551.47,0.15,12.46,Cash,Partner,Unknown,MAD
15896,2,1788.012,-65.968,1336,Ahmed Garcia,12/16/2024,Headphone,Tech,Germany,Berlin,289.4,993.34,770.28,0.1,24.02,Credit Card,Online,L. Martin,USD
15897,3,1405.701,94.911,2290,Emma Rahmani,2/12/2023,Mouse,Tech,Morocco,Casablanca,145.35,520.63,380.24,0.1,24.72,Cash,Direct,L. Martin,EUR
15898,5,3937.455,1930.825,2088,Ahmed Kowalski,7/20/2023,Smartphone,Electronic,Morocco,Casablanca,0,926.46,396.73,0.15,22.98,Credit Card,Online,Unknown,USD
15899,7,2494.016,247.206,1477,Fatima Garcia,3/6/2025,Headphone,Gadgets,Spain,Madrid,217.11,445.36,288.97,0.2,6.91,Credit Card,Online,K. Haddad,USD
15900,2,2167.406,842.976,1405,John Benali,5/31/2024,Headphone,Electronic,France,Paris,0,1140.74,651.67,0.05,21.09,Cash,Online,L. Martin,EUR
15901,6,583.152,-93.658,2244,Nora Silva,12/25/2023,Keyboard,Electronic,USA,New York,66.67,121.49,100.61,0.2,6.48,PayPal,Direct,A. Johnson,USD
15902,1,177.7435,-37.2565,2209,Luis Haddad,1/3/2025,Keyboard,Electronic,Morocco,Casablanca,22.03,209.11,184.52,0.15,8.45,Bank Transfer,Online,K. Haddad,EUR
15903,4,984.312,55.022,2633,Luis Kowalski,10/29/2024,Keyboard,Electronic,UAE,Dubai,128.44,273.42,192.55,0.1,30.65,Credit Card,Partner,A. Johnson,MAD
15904,4,599.296,8.366,1085,Lucas Ibrahim,2/20/2025,Headphone,Tech,UAE,Dubai,113.29,187.28,107.38,0.2,48.12,Crypto,Online,Unknown,MAD
15905,4,3470.16,91.99,1653,Sofia Benali,6/26/2023,Laptop,Gadgets,France,Paris,643.62,913.2,679.17,0.05,17.87,Credit Card,Online,Unknown,MAD
15906,5,3987.6,1315.54,2888,Leo Benali,11/1/2023,Keyboard,Electronic,France,Paris,746.14,797.52,377.48,0,38.52,Crypto,Online,A. Johnson,USD
15907,1,1168.32,-174.07,2061,Fatima Dubois,4/25/2025,Headphone,Electronic,Morocco,Casablanca,185.04,1460.4,1115.92,0.2,41.43,Credit Card,Retail,M. Lopez,USD
15908,5,597.2,119.29,2102,Maria Silva,9/21/2024,Mouse,Tech,France,Paris,94.67,119.44,72.43,0,21.09,PayPal,Partner,A. Johnson,MAD
15909,1,792.149,185.279,1854,John Haddad,11/27/2023,Keyboard,Electronic,Germany,Berlin,101.59,931.94,455.95,0.15,49.33,Cash,Retail,A. Johnson,MAD
15910,4,2933.826,542.786,2709,Maria Chen,10/14/2024,Mouse,Tech,Germany,Berlin,525.38,862.89,457.43,0.15,35.94,Cash,Online,S. Rossi,MAD
15911,2,2147.61,-253.8,1494,Youssef Dubois,2/7/2024,Smartphone,Electronic,Morocco,Casablanca,357.57,1263.3,1018.4,0.15,7.04,Credit Card,Direct,S. Rossi,USD
15912,6,2032.044,145.354,1669,Noah Rahmani,9/11/2024,Laptop,Electronic,Spain,Madrid,373.76,398.44,248.64,0.15,21.09,Credit Card,Online,A. Johnson,USD
15913,3,1229.25,-45.77,1795,Maria Benali,11/14/2023,Keyboard,Tech,Spain,Madrid,151.2,409.75,359.74,0,44.6,Crypto,Online,S. Rossi,EUR
15914,3,3014.508,270.338,2820,Mariam Silva,8/2/2024,Headphone,Electronic,USA,New York,596.36,1182.16,711.55,0.15,13.16,Cash,Online,K. Haddad,USD
15915,3,922.182,179.422,1073,Nora Garcia,5/25/2025,Monitor,Tech,USA,New York,0,361.64,237.69,0.15,29.69,Credit Card,Partner,S. Rossi,EUR
15916,2,2020.9,-114.49,2875,Luis Kowalski,5/29/2024,Smartphone,Electronic,Spain,Madrid,341.12,1010.45,888.75,0,16.77,Bank Transfer,Retail,Unknown,EUR
15917,2,1338.427,113.837,1825,Fatima Rahmani,10/31/2023,Laptop,Electronic,Germany,Berlin,266.99,787.31,472.89,0.15,11.82,Credit Card,Retail,K. Haddad,EUR
15918,4,1480.068,142.418,1641,Sofia Lopez,5/18/2023,Smartphone,Electronic,France,Paris,203.85,411.13,280.25,0.1,12.8,PayPal,Partner,M. Lopez,EUR
15919,7,7344.624,-1134.016,1318,Ahmed Silva,4/24/2025,Keyboard,Electronic,UAE,Dubai,392.88,1311.54,1153.82,0.2,9.02,Credit Card,Retail,M. Lopez,USD
15920,4,1921.272,435.462,1809,Luis Haddad,6/3/2023,Laptop,Tech,USA,New York,329.08,565.08,283.91,0.15,21.09,Cash,Direct,Unknown,MAD
15921,1,554.68,121.94,1824,Youssef Rossi,5/3/2025,Mouse,Gadgets,Germany,Berlin,75.6,554.68,342.4,0,14.74,Credit Card,Online,K. Haddad,USD
15922,7,5042.961,370.561,1834,Noah Garcia,12/27/2024,Keyboard,Gadgets,France,Paris,418.77,758.34,602.14,0.05,38.65,Bank Transfer,Retail,S. Rossi,USD
15923,3,747.144,244.524,1025,Leo Kowalski,10/1/2024,Monitor,Tech,USA,New York,40.47,276.72,148.43,0.1,16.86,Bank Transfer,Direct,Unknown,USD
15924,3,2046.8415,202.2515,2984,Leo Dubois,8/1/2024,Smartphone,Tech,UAE,Dubai,128.14,718.19,558.29,0.05,41.58,PayPal,Partner,K. Haddad,USD
15925,3,2859.96,291.8,1906,Leo Kowalski,10/11/2023,Keyboard,Electronic,USA,New York,419.8,953.32,713.62,0,7.5,Bank Transfer,Online,Unknown,USD
15926,2,1887.175,-24.455,2773,Sara Rossi,11/24/2023,Phone,Electronic,Spain,Madrid,361.84,993.25,768.86,0.05,12.07,PayPal,Online,L. Martin,USD
15927,7,7404.908,571.788,1874,Sara Silva,6/19/2024,Keyboard,Electronic,USA,New York,850.31,1113.52,851.69,0.05,20.98,Cash,Retail,Unknown,MAD
15928,7,302.211,74.451,2350,Maria Lopez,4/22/2023,Tablet,Gadgets,UAE,Dubai,52.93,47.97,24.94,0.1,0.25,Credit Card,Online,Unknown,USD
15929,5,412.6,95.48,2503,Maria Silva,6/12/2023,Tablet,Electronic,Germany,Berlin,77.64,82.52,45.68,0,11.08,Crypto,Online,M. Lopez,MAD
15930,2,1107.828,-128.312,2415,Noah Dubois,11/17/2024,Laptop,Tech,Morocco,Casablanca,218.03,615.46,496,0.1,26.11,Credit Card,Online,Unknown,MAD
15931,2,2367.685,719.845,1258,Noah Rahmani,4/14/2023,Headphone,Gadgets,USA,New York,306.38,1246.15,653.23,0.05,35,Bank Transfer,Direct,S. Rossi,USD
15932,6,838.14,-44.14,1529,Sara Rossi,2/21/2024,Headphone,Tech,Morocco,Casablanca,107.69,139.69,123.37,0,34.37,Bank Transfer,Online,L. Martin,MAD
15933,5,1171.75,248.73,2586,Nora Haddad,10/20/2023,Laptop,Tech,USA,New York,159.09,234.35,145.13,0,38.28,Credit Card,Online,Unknown,EUR
15934,2,2274.976,757.696,1761,John Lopez,2/29/2024,Laptop,Gadgets,USA,New York,355.14,1421.86,571.24,0.2,19.66,PayPal,Direct,S. Rossi,USD
15935,5,7046.625,816.155,1123,Fatima Garcia,3/6/2025,Laptop,Electronic,Morocco,Casablanca,836.06,1483.5,1070.86,0.05,40.11,Credit Card,Online,L. Martin,USD
15936,7,3299.597,1420.797,1071,Ahmed Dubois,2/8/2025,Tablet,Tech,USA,New York,316.08,496.18,220.16,0.05,21.6,Cash,Retail,K. Haddad,EUR
15937,4,1318.296,56.106,1160,Mariam Rahmani,2/23/2025,Mouse,Electronic,Germany,Berlin,139.66,346.92,275.36,0.05,21.09,Bank Transfer,Direct,K. Haddad,USD
15938,7,6959.4245,1227.7945,1209,Fatima Lopez,7/22/2024,Mouse,Tech,UAE,Dubai,1309.7,1046.53,630.62,0.05,7.59,Cash,Partner,A. Johnson,USD
15939,5,840,-47.24,1311,John Ibrahim,6/23/2024,Smartphone,Electronic,Germany,Berlin,123.69,210,149.38,0.2,16.65,Credit Card,Retail,K. Haddad,USD
15940,7,-7587.916,-13204.436,2328,Noah Lopez,1/29/2023,Laptop,Gadgets,Germany,Berlin,1311.58,-1275.28,613.87,0.15,7.85,Credit Card,Direct,Unknown,MAD
15941,5,5308.165,951.925,1718,Leo Benali,7/5/2024,Headphone,Electronic,USA,New York,310.64,1248.98,806.5,0.15,13.1,Cash,Partner,A. Johnson,USD
15942,6,2670.864,-236.256,2509,Sara Khan,4/20/2023,Mouse,Gadgets,Spain,Madrid,0,556.43,477.6,0.2,41.52,PayPal,Direct,M. Lopez,MAD
15943,3,411.6825,28.1525,2412,John Garcia,8/10/2024,Laptop,Electronic,Morocco,Casablanca,34.11,144.45,108.63,0.05,23.53,Bank Transfer,Direct,Unknown,MAD
15944,4,2212.6,609.86,1259,Leo Benali,1/5/2025,Monitor,Tech,Morocco,Casablanca,395.2,553.15,291.9,0,39.94,PayPal,Online,Unknown,USD
15945,1,972.8,290.01,2020,Leo Smith,3/21/2024,Tablet,Tech,UAE,Dubai,174.24,1024,496,0.05,12.55,Bank Transfer,Retail,L. Martin,MAD
15946,2,373.664,-95.876,1774,Sofia Garcia,9/9/2024,Laptop,Gadgets,Germany,Berlin,34.81,233.54,208.69,0.2,17.35,PayPal,Direct,S. Rossi,USD
15947,3,2055.99,712.53,2419,Noah Khan,8/17/2023,Smartphone,Electronic,Germany,Berlin,134.61,721.4,395.92,0.05,21.09,Credit Card,Partner,Unknown,USD
15948,4,3721.98,-464.51,1389,Fatima Dubois,6/24/2024,Headphone,Tech,UAE,Dubai,336.75,1094.7,962.17,0.15,1.06,Bank Transfer,Direct,L. Martin,MAD
15949,4,662.176,45.026,2537,Youssef Khan,7/21/2023,Headphone,Gadgets,UAE,Dubai,78.99,206.93,126.77,0.2,31.08,Credit Card,Direct,Unknown,EUR
15950,1,853.744,-111.776,2467,Sara Haddad,3/16/2024,Headphone,Tech,USA,New York,126.98,1067.18,811.52,0.2,27.02,Credit Card,Retail,L. Martin,USD
15951,5,4245.4075,198.0175,2438,John Dubois,2/6/2025,Laptop,Tech,USA,New York,420.2,893.77,723.58,0.05,9.29,Credit Card,Direct,A. Johnson,USD
15952,5,2337.03,453.51,1249,Youssef Kowalski,9/6/2023,Laptop,Tech,USA,New York,303.12,519.34,313.23,0.1,14.25,Cash,Online,A. Johnson,EUR
15953,6,5178.114,1986.464,1911,Fatima Smith,9/16/2023,Tablet,Electronic,Germany,Berlin,682.2,958.91,412.69,0.1,33.31,PayPal,Partner,K. Haddad,USD
15954,7,8828.4,3138.99,2047,Ali Dubois,4/17/2023,Laptop,Electronic,Morocco,Casablanca,906.57,1261.2,681.92,0,9.4,Bank Transfer,Direct,Unknown,MAD
15955,7,1425.0285,128.2085,1384,Mariam Chen,5/4/2025,Tablet,Electronic,Spain,Madrid,142.19,214.29,164.35,0.05,4.18,Crypto,Direct,L. Martin,USD
15956,2,1507.734,660.844,1012,Ali Garcia,1/20/2024,Keyboard,Electronic,Germany,Berlin,128.39,837.63,351.95,0.1,14.6,Credit Card,Direct,L. Martin,MAD
15957,5,3276.645,158.605,2019,Sara Rossi,4/10/2025,Phone,Tech,Morocco,Casablanca,214.06,689.82,578.12,0.05,13.38,PayPal,Online,K. Haddad,USD
15958,3,124.056,15.706,2353,Mariam Dubois,3/27/2024,Mouse,Electronic,Morocco,Casablanca,7.74,51.69,31.74,0.2,5.39,Bank Transfer,Retail,A. Johnson,USD
15959,7,4188.205,987.185,2921,Noah Dubois,4/29/2025,Headphone,Gadgets,Morocco,Casablanca,619.36,703.9,365.32,0.15,24.42,Bank Transfer,Partner,Unknown,USD
15960,6,1867.86,-39.04,1180,Emma Silva,2/14/2024,Laptop,Electronic,USA,New York,238.45,345.9,274.56,0.1,21.09,PayPal,Direct,A. Johnson,EUR
15961,4,3576.788,1414.988,2708,Mariam Ibrahim,11/6/2023,Laptop,Gadgets,France,Paris,522.49,941.26,404.75,0.05,20.31,Credit Card,Online,Unknown,USD
15962,6,4939.506,786.446,2518,Lucas Rossi,2/14/2024,Headphone,Electronic,UAE,Dubai,885.76,866.58,537.42,0.05,42.78,Credit Card,Direct,K. Haddad,USD
15963,5,1122.39,190.38,2830,Leo Kowalski,2/1/2024,Laptop,Electronic,UAE,Dubai,154.57,249.42,148.82,0.1,33.34,Crypto,Retail,K. Haddad,USD
15964,5,2174.65,519.42,1190,Sara Rahmani,1/26/2024,Headphone,Electronic,Morocco,Casablanca,116.89,434.93,303.45,0,21.09,Crypto,Online,Unknown,MAD
15965,7,3211.6315,-548.7485,1807,Emma Rahmani,12/26/2023,Mouse,Electronic,Spain,Madrid,611.4,539.77,446.89,0.15,20.75,Bank Transfer,Partner,S. Rossi,USD
15966,7,5811.05,2464.64,1660,Maria Smith,2/15/2025,Headphone,Electronic,Germany,Berlin,0,830.15,471.53,0,45.7,Bank Transfer,Online,S. Rossi,EUR
15967,1,394.43,142.03,1044,Maria Ibrahim,5/22/2025,Keyboard,Electronic,Germany,Berlin,53.09,394.43,191.34,0,7.97,PayPal,Online,L. Martin,USD
15968,6,119.124,-11.476,2538,Luis Benali,7/4/2024,Keyboard,Tech,Germany,Berlin,9.91,22.06,15.22,0.1,29.37,Bank Transfer,Online,M. Lopez,USD
15969,7,5722.353,799.613,1833,Maria Ibrahim,7/12/2023,Keyboard,Tech,UAE,Dubai,785.35,908.31,590.76,0.1,2.07,Crypto,Online,Unknown,EUR
15970,4,335.616,24.306,2411,Lucas Chen,3/19/2023,Smartphone,Electronic,Morocco,Casablanca,46.31,104.88,65.12,0.2,4.52,Cash,Online,M. Lopez,USD
15971,5,5914.88,-298.49,1105,Maria Ibrahim,5/19/2025,Headphone,Electronic,USA,New York,388.65,1478.72,1155.77,0.2,45.87,Bank Transfer,Direct,A. Johnson,EUR
15972,4,3354.156,511.836,2149,Luis Rahmani,8/7/2023,Headphone,Electronic,Morocco,Casablanca,406.24,931.71,602.04,0.1,27.92,Credit Card,Direct,K. Haddad,USD
15973,3,3539.22,254.97,1454,Nora Ibrahim,7/31/2024,Headphone,Gadgets,USA,New York,549.93,1179.74,903.79,0,22.95,Bank Transfer,Retail,A. Johnson,MAD
15974,5,5178.7,227.01,1145,Ali Haddad,9/16/2024,Laptop,Electronic,Germany,Berlin,757.03,1035.74,838.41,0,2.61,Cash,Partner,Unknown,EUR
15975,5,6141.8875,1764.4975,2701,Fatima Rahmani,2/12/2025,Laptop,Gadgets,Spain,Madrid,549.32,1445.15,764.44,0.15,5.87,Cash,Partner,L. Martin,MAD
15976,2,1652.026,327.876,1025,Emma Haddad,12/16/2023,Mouse,Tech,USA,New York,108.44,971.78,590.02,0.15,35.67,Cash,Partner,Unknown,MAD
15977,3,135.7875,-23.4525,1922,Fatima Haddad,10/26/2023,Keyboard,Electronic,Morocco,Casablanca,8.09,53.25,36.78,0.15,40.81,Cash,Online,L. Martin,MAD
15978,4,2462.178,527.708,2899,Fatima Khan,4/16/2024,Monitor,Tech,Morocco,Casablanca,298.97,724.17,398.24,0.15,42.54,Credit Card,Retail,K. Haddad,MAD
15979,4,423.2,82.74,2317,Ali Garcia,11/15/2024,Tablet,Tech,USA,New York,23.46,105.8,78.89,0,1.44,Cash,Online,S. Rossi,MAD
15980,4,2791.094,-310.896,2802,Youssef Ibrahim,1/26/2025,Smartphone,Tech,USA,New York,301.31,820.91,691.83,0.15,33.36,Credit Card,Direct,Unknown,USD
15981,4,3208.716,703.816,1636,Fatima Haddad,7/20/2023,Phone,Tech,France,Paris,498.41,943.74,496.35,0.15,21.09,Crypto,Online,Unknown,MAD
15982,2,1281.16,-84.17,1021,John Kowalski,10/14/2024,Keyboard,Gadgets,USA,New York,228.79,640.58,547.47,0,41.6,Cash,Direct,Unknown,USD
15983,6,6297.99,-1226.24,2601,Sara Rossi,4/13/2025,Mouse,Tech,France,Paris,1208.92,1234.9,1049.1,0.15,20.71,Credit Card,Retail,L. Martin,USD
15984,6,4708.14,64.73,1242,John Lopez,8/23/2024,Phone,Electronic,USA,New York,645.07,784.69,661.48,0,29.46,Bank Transfer,Partner,M. Lopez,USD
15985,5,2547.24,971.09,1764,Noah Silva,3/25/2024,Smartphone,Tech,Spain,Madrid,234.72,636.81,268.08,0.2,1.03,Credit Card,Direct,L. Martin,EUR
15986,6,3429.864,929.394,1328,Nora Kowalski,4/10/2025,Keyboard,Tech,Morocco,Casablanca,660.54,635.16,306,0.1,3.93,Cash,Online,Unknown,USD
15987,3,1226.61,-37.31,2954,Sofia Benali,6/1/2023,Tablet,Electronic,Germany,Berlin,218,408.87,343.3,0,16.02,Crypto,Retail,S. Rossi,EUR
15988,7,2443.28,466.49,2252,Nora Haddad,3/14/2023,Tablet,Gadgets,UAE,Dubai,354.94,349.04,229.99,0,11.92,Bank Transfer,Retail,S. Rossi,USD
15989,4,3988.32,2279.89,2021,Ali Smith,5/5/2024,Smartphone,Electronic,USA,New York,0,997.08,424.66,0,9.79,PayPal,Online,S. Rossi,EUR
15990,6,5160.51,-298.6,1584,Nora Khan,3/2/2024,Laptop,Tech,Morocco,Casablanca,401.93,955.65,840.25,0.1,15.68,PayPal,Direct,K. Haddad,MAD
15991,1,1151.92,140.93,2070,Maria Garcia,3/31/2024,Headphone,Electronic,Morocco,Casablanca,61.18,1355.2,915.57,0.15,34.24,Crypto,Direct,Unknown,USD
15992,7,1566.4075,155.0875,2922,Ahmed Dubois,12/28/2023,Mouse,Tech,USA,New York,263.28,235.55,159.41,0.05,32.17,Cash,Partner,Unknown,USD
15993,4,3838.644,1469.014,2336,Luis Rossi,5/8/2025,Mouse,Electronic,Morocco,Casablanca,579.72,1066.29,446.33,0.1,4.59,PayPal,Direct,M. Lopez,USD
15994,4,1348.224,123.564,1650,Ahmed Chen,10/16/2023,Laptop,Electronic,Germany,Berlin,136.12,421.32,267.95,0.2,16.74,Credit Card,Retail,A. Johnson,EUR
15995,4,3247.72,817.75,1792,John Silva,8/30/2024,Monitor,Gadgets,Morocco,Casablanca,560.78,811.93,466.84,0,1.83,Credit Card,Partner,S. Rossi,EUR
15996,1,907.128,75.128,2251,Fatima Dubois,1/6/2023,Headphone,Electronic,UAE,Dubai,112.59,1133.91,706.73,0.2,12.68,Cash,Retail,L. Martin,USD
15997,1,1059.9075,473.6475,1753,Ali Dubois,1/10/2024,Mouse,Tech,USA,New York,69.17,1246.95,496,0.15,21.09,Cash,Retail,A. Johnson,EUR
15998,6,2661.045,904.845,2225,John Rahmani,6/1/2024,Mouse,Tech,France,Paris,480.7,466.85,210.62,0.05,11.78,Crypto,Online,A. Johnson,EUR
15999,4,932.064,59.874,1465,Mariam Chen,4/9/2024,Tablet,Tech,Morocco,Casablanca,65.47,245.28,193.15,0.05,34.12,Bank Transfer,Partner,K. Haddad,USD
